</home/chrzissis/cclyzer-souffle/tests/coreutils-8.24/chown.bc>:!22	DW_TAG_pointer_type
</home/chrzissis/cclyzer-souffle/tests/coreutils-8.24/chown.bc>:!10	DW_TAG_pointer_type
</home/chrzissis/cclyzer-souffle/tests/coreutils-8.24/chown.bc>:!30	DW_TAG_pointer_type
</home/chrzissis/cclyzer-souffle/tests/coreutils-8.24/chown.bc>:!31	DW_TAG_const_type
</home/chrzissis/cclyzer-souffle/tests/coreutils-8.24/chown.bc>:!98	DW_TAG_pointer_type
</home/chrzissis/cclyzer-souffle/tests/coreutils-8.24/chown.bc>:!101	DW_TAG_member
</home/chrzissis/cclyzer-souffle/tests/coreutils-8.24/chown.bc>:!102	DW_TAG_member
</home/chrzissis/cclyzer-souffle/tests/coreutils-8.24/chown.bc>:!104	DW_TAG_member
</home/chrzissis/cclyzer-souffle/tests/coreutils-8.24/chown.bc>:!105	DW_TAG_pointer_type
</home/chrzissis/cclyzer-souffle/tests/coreutils-8.24/chown.bc>:!108	DW_TAG_member
</home/chrzissis/cclyzer-souffle/tests/coreutils-8.24/chown.bc>:!41	DW_TAG_typedef
</home/chrzissis/cclyzer-souffle/tests/coreutils-8.24/chown.bc>:!43	DW_TAG_typedef
</home/chrzissis/cclyzer-souffle/tests/coreutils-8.24/chown.bc>:!109	DW_TAG_member
</home/chrzissis/cclyzer-souffle/tests/coreutils-8.24/chown.bc>:!47	DW_TAG_typedef
</home/chrzissis/cclyzer-souffle/tests/coreutils-8.24/chown.bc>:!48	DW_TAG_typedef
</home/chrzissis/cclyzer-souffle/tests/coreutils-8.24/chown.bc>:!110	DW_TAG_member
</home/chrzissis/cclyzer-souffle/tests/coreutils-8.24/chown.bc>:!111	DW_TAG_member
</home/chrzissis/cclyzer-souffle/tests/coreutils-8.24/chown.bc>:!112	DW_TAG_member
</home/chrzissis/cclyzer-souffle/tests/coreutils-8.24/chown.bc>:!113	DW_TAG_member
</home/chrzissis/cclyzer-souffle/tests/coreutils-8.24/chown.bc>:!92	DW_TAG_typedef
</home/chrzissis/cclyzer-souffle/tests/coreutils-8.24/chown.bc>:!93	DW_TAG_typedef
</home/chrzissis/cclyzer-souffle/tests/coreutils-8.24/chown.bc>:!89	DW_TAG_typedef
</home/chrzissis/cclyzer-souffle/tests/coreutils-8.24/chown.bc>:!90	DW_TAG_typedef
</home/chrzissis/cclyzer-souffle/tests/coreutils-8.24/chown.bc>:!124	DW_TAG_pointer_type
</home/chrzissis/cclyzer-souffle/tests/coreutils-8.24/chown.bc>:!125	DW_TAG_const_type
</home/chrzissis/cclyzer-souffle/tests/coreutils-8.24/chown.bc>:!129	DW_TAG_pointer_type
</home/chrzissis/cclyzer-souffle/tests/coreutils-8.24/chown.bc>:!130	DW_TAG_typedef
</home/chrzissis/cclyzer-souffle/tests/coreutils-8.24/chown.bc>:!134	DW_TAG_member
</home/chrzissis/cclyzer-souffle/tests/coreutils-8.24/chown.bc>:!135	DW_TAG_pointer_type
</home/chrzissis/cclyzer-souffle/tests/coreutils-8.24/chown.bc>:!138	DW_TAG_member
</home/chrzissis/cclyzer-souffle/tests/coreutils-8.24/chown.bc>:!139	DW_TAG_member
</home/chrzissis/cclyzer-souffle/tests/coreutils-8.24/chown.bc>:!140	DW_TAG_member
</home/chrzissis/cclyzer-souffle/tests/coreutils-8.24/chown.bc>:!141	DW_TAG_member
</home/chrzissis/cclyzer-souffle/tests/coreutils-8.24/chown.bc>:!142	DW_TAG_pointer_type
</home/chrzissis/cclyzer-souffle/tests/coreutils-8.24/chown.bc>:!143	DW_TAG_typedef
</home/chrzissis/cclyzer-souffle/tests/coreutils-8.24/chown.bc>:!146	DW_TAG_member
</home/chrzissis/cclyzer-souffle/tests/coreutils-8.24/chown.bc>:!148	DW_TAG_member
</home/chrzissis/cclyzer-souffle/tests/coreutils-8.24/chown.bc>:!12	DW_TAG_pointer_type
</home/chrzissis/cclyzer-souffle/tests/coreutils-8.24/chown.bc>:!149	DW_TAG_member
</home/chrzissis/cclyzer-souffle/tests/coreutils-8.24/chown.bc>:!150	DW_TAG_member
</home/chrzissis/cclyzer-souffle/tests/coreutils-8.24/chown.bc>:!151	DW_TAG_member
</home/chrzissis/cclyzer-souffle/tests/coreutils-8.24/chown.bc>:!152	DW_TAG_member
</home/chrzissis/cclyzer-souffle/tests/coreutils-8.24/chown.bc>:!153	DW_TAG_member
</home/chrzissis/cclyzer-souffle/tests/coreutils-8.24/chown.bc>:!154	DW_TAG_typedef
</home/chrzissis/cclyzer-souffle/tests/coreutils-8.24/chown.bc>:!156	DW_TAG_member
</home/chrzissis/cclyzer-souffle/tests/coreutils-8.24/chown.bc>:!157	DW_TAG_member
</home/chrzissis/cclyzer-souffle/tests/coreutils-8.24/chown.bc>:!158	DW_TAG_typedef
</home/chrzissis/cclyzer-souffle/tests/coreutils-8.24/chown.bc>:!159	DW_TAG_member
</home/chrzissis/cclyzer-souffle/tests/coreutils-8.24/chown.bc>:!160	DW_TAG_member
</home/chrzissis/cclyzer-souffle/tests/coreutils-8.24/chown.bc>:!161	DW_TAG_typedef
</home/chrzissis/cclyzer-souffle/tests/coreutils-8.24/chown.bc>:!162	DW_TAG_typedef
</home/chrzissis/cclyzer-souffle/tests/coreutils-8.24/chown.bc>:!163	DW_TAG_member
</home/chrzissis/cclyzer-souffle/tests/coreutils-8.24/chown.bc>:!165	DW_TAG_member
</home/chrzissis/cclyzer-souffle/tests/coreutils-8.24/chown.bc>:!166	DW_TAG_member
</home/chrzissis/cclyzer-souffle/tests/coreutils-8.24/chown.bc>:!167	DW_TAG_member
</home/chrzissis/cclyzer-souffle/tests/coreutils-8.24/chown.bc>:!172	DW_TAG_member
</home/chrzissis/cclyzer-souffle/tests/coreutils-8.24/chown.bc>:!173	DW_TAG_member
</home/chrzissis/cclyzer-souffle/tests/coreutils-8.24/chown.bc>:!174	DW_TAG_member
</home/chrzissis/cclyzer-souffle/tests/coreutils-8.24/chown.bc>:!175	DW_TAG_member
</home/chrzissis/cclyzer-souffle/tests/coreutils-8.24/chown.bc>:!176	DW_TAG_typedef
</home/chrzissis/cclyzer-souffle/tests/coreutils-8.24/chown.bc>:!177	DW_TAG_member
</home/chrzissis/cclyzer-souffle/tests/coreutils-8.24/chown.bc>:!178	DW_TAG_member
</home/chrzissis/cclyzer-souffle/tests/coreutils-8.24/chown.bc>:!179	DW_TAG_member
</home/chrzissis/cclyzer-souffle/tests/coreutils-8.24/chown.bc>:!180	DW_TAG_member
</home/chrzissis/cclyzer-souffle/tests/coreutils-8.24/chown.bc>:!181	DW_TAG_member
</home/chrzissis/cclyzer-souffle/tests/coreutils-8.24/chown.bc>:!182	DW_TAG_typedef
</home/chrzissis/cclyzer-souffle/tests/coreutils-8.24/chown.bc>:!183	DW_TAG_member
</home/chrzissis/cclyzer-souffle/tests/coreutils-8.24/chown.bc>:!184	DW_TAG_typedef
</home/chrzissis/cclyzer-souffle/tests/coreutils-8.24/chown.bc>:!185	DW_TAG_member
</home/chrzissis/cclyzer-souffle/tests/coreutils-8.24/chown.bc>:!186	DW_TAG_typedef
</home/chrzissis/cclyzer-souffle/tests/coreutils-8.24/chown.bc>:!187	DW_TAG_member
</home/chrzissis/cclyzer-souffle/tests/coreutils-8.24/chown.bc>:!191	DW_TAG_member
</home/chrzissis/cclyzer-souffle/tests/coreutils-8.24/chown.bc>:!192	DW_TAG_typedef
</home/chrzissis/cclyzer-souffle/tests/coreutils-8.24/chown.bc>:!193	DW_TAG_member
</home/chrzissis/cclyzer-souffle/tests/coreutils-8.24/chown.bc>:!194	DW_TAG_typedef
</home/chrzissis/cclyzer-souffle/tests/coreutils-8.24/chown.bc>:!195	DW_TAG_member
</home/chrzissis/cclyzer-souffle/tests/coreutils-8.24/chown.bc>:!196	DW_TAG_member
</home/chrzissis/cclyzer-souffle/tests/coreutils-8.24/chown.bc>:!197	DW_TAG_member
</home/chrzissis/cclyzer-souffle/tests/coreutils-8.24/chown.bc>:!203	DW_TAG_member
</home/chrzissis/cclyzer-souffle/tests/coreutils-8.24/chown.bc>:!207	DW_TAG_member
</home/chrzissis/cclyzer-souffle/tests/coreutils-8.24/chown.bc>:!208	DW_TAG_member
</home/chrzissis/cclyzer-souffle/tests/coreutils-8.24/chown.bc>:!209	DW_TAG_pointer_type
</home/chrzissis/cclyzer-souffle/tests/coreutils-8.24/chown.bc>:!210	DW_TAG_member
</home/chrzissis/cclyzer-souffle/tests/coreutils-8.24/chown.bc>:!211	DW_TAG_member
</home/chrzissis/cclyzer-souffle/tests/coreutils-8.24/chown.bc>:!212	DW_TAG_member
</home/chrzissis/cclyzer-souffle/tests/coreutils-8.24/chown.bc>:!213	DW_TAG_member
</home/chrzissis/cclyzer-souffle/tests/coreutils-8.24/chown.bc>:!214	DW_TAG_member
</home/chrzissis/cclyzer-souffle/tests/coreutils-8.24/chown.bc>:!215	DW_TAG_member
</home/chrzissis/cclyzer-souffle/tests/coreutils-8.24/chown.bc>:!216	DW_TAG_member
</home/chrzissis/cclyzer-souffle/tests/coreutils-8.24/chown.bc>:!217	DW_TAG_pointer_type
</home/chrzissis/cclyzer-souffle/tests/coreutils-8.24/chown.bc>:!220	DW_TAG_pointer_type
</home/chrzissis/cclyzer-souffle/tests/coreutils-8.24/chown.bc>:!221	DW_TAG_pointer_type
</home/chrzissis/cclyzer-souffle/tests/coreutils-8.24/chown.bc>:!222	DW_TAG_const_type
</home/chrzissis/cclyzer-souffle/tests/coreutils-8.24/chown.bc>:!223	DW_TAG_member
</home/chrzissis/cclyzer-souffle/tests/coreutils-8.24/chown.bc>:!224	DW_TAG_member
</home/chrzissis/cclyzer-souffle/tests/coreutils-8.24/chown.bc>:!225	DW_TAG_pointer_type
</home/chrzissis/cclyzer-souffle/tests/coreutils-8.24/chown.bc>:!227	DW_TAG_member
</home/chrzissis/cclyzer-souffle/tests/coreutils-8.24/chown.bc>:!230	DW_TAG_member
</home/chrzissis/cclyzer-souffle/tests/coreutils-8.24/chown.bc>:!231	DW_TAG_member
</home/chrzissis/cclyzer-souffle/tests/coreutils-8.24/chown.bc>:!232	DW_TAG_pointer_type
</home/chrzissis/cclyzer-souffle/tests/coreutils-8.24/chown.bc>:!234	DW_TAG_member
</home/chrzissis/cclyzer-souffle/tests/coreutils-8.24/chown.bc>:!235	DW_TAG_typedef
</home/chrzissis/cclyzer-souffle/tests/coreutils-8.24/chown.bc>:!239	DW_TAG_member
</home/chrzissis/cclyzer-souffle/tests/coreutils-8.24/chown.bc>:!243	DW_TAG_member
</home/chrzissis/cclyzer-souffle/tests/coreutils-8.24/chown.bc>:!244	DW_TAG_member
</home/chrzissis/cclyzer-souffle/tests/coreutils-8.24/chown.bc>:!245	DW_TAG_member
</home/chrzissis/cclyzer-souffle/tests/coreutils-8.24/chown.bc>:!246	DW_TAG_member
</home/chrzissis/cclyzer-souffle/tests/coreutils-8.24/chown.bc>:!247	DW_TAG_pointer_type
</home/chrzissis/cclyzer-souffle/tests/coreutils-8.24/chown.bc>:!248	DW_TAG_typedef
</home/chrzissis/cclyzer-souffle/tests/coreutils-8.24/chown.bc>:!252	DW_TAG_pointer_type
</home/chrzissis/cclyzer-souffle/tests/coreutils-8.24/chown.bc>:!253	DW_TAG_const_type
</home/chrzissis/cclyzer-souffle/tests/coreutils-8.24/chown.bc>:!291	DW_TAG_typedef
</home/chrzissis/cclyzer-souffle/tests/coreutils-8.24/chown.bc>:!345	DW_TAG_pointer_type
</home/chrzissis/cclyzer-souffle/tests/coreutils-8.24/chown.bc>:!348	DW_TAG_member
</home/chrzissis/cclyzer-souffle/tests/coreutils-8.24/chown.bc>:!349	DW_TAG_member
</home/chrzissis/cclyzer-souffle/tests/coreutils-8.24/chown.bc>:!350	DW_TAG_member
</home/chrzissis/cclyzer-souffle/tests/coreutils-8.24/chown.bc>:!354	DW_TAG_member
</home/chrzissis/cclyzer-souffle/tests/coreutils-8.24/chown.bc>:!355	DW_TAG_member
</home/chrzissis/cclyzer-souffle/tests/coreutils-8.24/chown.bc>:!374	DW_TAG_pointer_type
</home/chrzissis/cclyzer-souffle/tests/coreutils-8.24/chown.bc>:!375	DW_TAG_const_type
</home/chrzissis/cclyzer-souffle/tests/coreutils-8.24/chown.bc>:!382	DW_TAG_pointer_type
</home/chrzissis/cclyzer-souffle/tests/coreutils-8.24/chown.bc>:!441	DW_TAG_pointer_type
</home/chrzissis/cclyzer-souffle/tests/coreutils-8.24/chown.bc>:!442	DW_TAG_const_type
</home/chrzissis/cclyzer-souffle/tests/coreutils-8.24/chown.bc>:!481	DW_TAG_pointer_type
</home/chrzissis/cclyzer-souffle/tests/coreutils-8.24/chown.bc>:!484	DW_TAG_member
</home/chrzissis/cclyzer-souffle/tests/coreutils-8.24/chown.bc>:!485	DW_TAG_member
</home/chrzissis/cclyzer-souffle/tests/coreutils-8.24/chown.bc>:!502	DW_TAG_pointer_type
</home/chrzissis/cclyzer-souffle/tests/coreutils-8.24/chown.bc>:!503	DW_TAG_pointer_type
</home/chrzissis/cclyzer-souffle/tests/coreutils-8.24/chown.bc>:!522	DW_TAG_pointer_type
</home/chrzissis/cclyzer-souffle/tests/coreutils-8.24/chown.bc>:!523	DW_TAG_typedef
</home/chrzissis/cclyzer-souffle/tests/coreutils-8.24/chown.bc>:!528	DW_TAG_member
</home/chrzissis/cclyzer-souffle/tests/coreutils-8.24/chown.bc>:!529	DW_TAG_member
</home/chrzissis/cclyzer-souffle/tests/coreutils-8.24/chown.bc>:!530	DW_TAG_member
</home/chrzissis/cclyzer-souffle/tests/coreutils-8.24/chown.bc>:!531	DW_TAG_member
</home/chrzissis/cclyzer-souffle/tests/coreutils-8.24/chown.bc>:!532	DW_TAG_member
</home/chrzissis/cclyzer-souffle/tests/coreutils-8.24/chown.bc>:!533	DW_TAG_member
</home/chrzissis/cclyzer-souffle/tests/coreutils-8.24/chown.bc>:!534	DW_TAG_member
</home/chrzissis/cclyzer-souffle/tests/coreutils-8.24/chown.bc>:!535	DW_TAG_member
</home/chrzissis/cclyzer-souffle/tests/coreutils-8.24/chown.bc>:!536	DW_TAG_member
</home/chrzissis/cclyzer-souffle/tests/coreutils-8.24/chown.bc>:!537	DW_TAG_member
</home/chrzissis/cclyzer-souffle/tests/coreutils-8.24/chown.bc>:!538	DW_TAG_member
</home/chrzissis/cclyzer-souffle/tests/coreutils-8.24/chown.bc>:!539	DW_TAG_member
</home/chrzissis/cclyzer-souffle/tests/coreutils-8.24/chown.bc>:!540	DW_TAG_member
</home/chrzissis/cclyzer-souffle/tests/coreutils-8.24/chown.bc>:!541	DW_TAG_pointer_type
</home/chrzissis/cclyzer-souffle/tests/coreutils-8.24/chown.bc>:!544	DW_TAG_member
</home/chrzissis/cclyzer-souffle/tests/coreutils-8.24/chown.bc>:!545	DW_TAG_member
</home/chrzissis/cclyzer-souffle/tests/coreutils-8.24/chown.bc>:!546	DW_TAG_pointer_type
</home/chrzissis/cclyzer-souffle/tests/coreutils-8.24/chown.bc>:!547	DW_TAG_member
</home/chrzissis/cclyzer-souffle/tests/coreutils-8.24/chown.bc>:!548	DW_TAG_member
</home/chrzissis/cclyzer-souffle/tests/coreutils-8.24/chown.bc>:!549	DW_TAG_member
</home/chrzissis/cclyzer-souffle/tests/coreutils-8.24/chown.bc>:!550	DW_TAG_member
</home/chrzissis/cclyzer-souffle/tests/coreutils-8.24/chown.bc>:!551	DW_TAG_member
</home/chrzissis/cclyzer-souffle/tests/coreutils-8.24/chown.bc>:!552	DW_TAG_member
</home/chrzissis/cclyzer-souffle/tests/coreutils-8.24/chown.bc>:!553	DW_TAG_member
</home/chrzissis/cclyzer-souffle/tests/coreutils-8.24/chown.bc>:!555	DW_TAG_member
</home/chrzissis/cclyzer-souffle/tests/coreutils-8.24/chown.bc>:!557	DW_TAG_member
</home/chrzissis/cclyzer-souffle/tests/coreutils-8.24/chown.bc>:!558	DW_TAG_pointer_type
</home/chrzissis/cclyzer-souffle/tests/coreutils-8.24/chown.bc>:!559	DW_TAG_typedef
</home/chrzissis/cclyzer-souffle/tests/coreutils-8.24/chown.bc>:!560	DW_TAG_member
</home/chrzissis/cclyzer-souffle/tests/coreutils-8.24/chown.bc>:!561	DW_TAG_typedef
</home/chrzissis/cclyzer-souffle/tests/coreutils-8.24/chown.bc>:!562	DW_TAG_member
</home/chrzissis/cclyzer-souffle/tests/coreutils-8.24/chown.bc>:!563	DW_TAG_member
</home/chrzissis/cclyzer-souffle/tests/coreutils-8.24/chown.bc>:!564	DW_TAG_member
</home/chrzissis/cclyzer-souffle/tests/coreutils-8.24/chown.bc>:!565	DW_TAG_member
</home/chrzissis/cclyzer-souffle/tests/coreutils-8.24/chown.bc>:!566	DW_TAG_member
</home/chrzissis/cclyzer-souffle/tests/coreutils-8.24/chown.bc>:!567	DW_TAG_member
</home/chrzissis/cclyzer-souffle/tests/coreutils-8.24/chown.bc>:!568	DW_TAG_member
</home/chrzissis/cclyzer-souffle/tests/coreutils-8.24/chown.bc>:!572	DW_TAG_pointer_type
</home/chrzissis/cclyzer-souffle/tests/coreutils-8.24/chown.bc>:!455	DW_TAG_const_type
</home/chrzissis/cclyzer-souffle/tests/coreutils-8.24/chown.bc>:!579	DW_TAG_pointer_type
</home/chrzissis/cclyzer-souffle/tests/coreutils-8.24/chown.bc>:!580	DW_TAG_typedef
</home/chrzissis/cclyzer-souffle/tests/coreutils-8.24/chown.bc>:!583	DW_TAG_member
</home/chrzissis/cclyzer-souffle/tests/coreutils-8.24/chown.bc>:!584	DW_TAG_member
</home/chrzissis/cclyzer-souffle/tests/coreutils-8.24/chown.bc>:!585	DW_TAG_member
</home/chrzissis/cclyzer-souffle/tests/coreutils-8.24/chown.bc>:!586	DW_TAG_member
</home/chrzissis/cclyzer-souffle/tests/coreutils-8.24/chown.bc>:!633	DW_TAG_pointer_type
</home/chrzissis/cclyzer-souffle/tests/coreutils-8.24/chown.bc>:!634	DW_TAG_const_type
</home/chrzissis/cclyzer-souffle/tests/coreutils-8.24/chown.bc>:!646	DW_TAG_pointer_type
</home/chrzissis/cclyzer-souffle/tests/coreutils-8.24/chown.bc>:!647	DW_TAG_typedef
</home/chrzissis/cclyzer-souffle/tests/coreutils-8.24/chown.bc>:!650	DW_TAG_member
</home/chrzissis/cclyzer-souffle/tests/coreutils-8.24/chown.bc>:!651	DW_TAG_pointer_type
</home/chrzissis/cclyzer-souffle/tests/coreutils-8.24/chown.bc>:!654	DW_TAG_member
</home/chrzissis/cclyzer-souffle/tests/coreutils-8.24/chown.bc>:!655	DW_TAG_member
</home/chrzissis/cclyzer-souffle/tests/coreutils-8.24/chown.bc>:!656	DW_TAG_member
</home/chrzissis/cclyzer-souffle/tests/coreutils-8.24/chown.bc>:!657	DW_TAG_member
</home/chrzissis/cclyzer-souffle/tests/coreutils-8.24/chown.bc>:!658	DW_TAG_member
</home/chrzissis/cclyzer-souffle/tests/coreutils-8.24/chown.bc>:!659	DW_TAG_member
</home/chrzissis/cclyzer-souffle/tests/coreutils-8.24/chown.bc>:!660	DW_TAG_member
</home/chrzissis/cclyzer-souffle/tests/coreutils-8.24/chown.bc>:!661	DW_TAG_member
</home/chrzissis/cclyzer-souffle/tests/coreutils-8.24/chown.bc>:!662	DW_TAG_member
</home/chrzissis/cclyzer-souffle/tests/coreutils-8.24/chown.bc>:!663	DW_TAG_member
</home/chrzissis/cclyzer-souffle/tests/coreutils-8.24/chown.bc>:!664	DW_TAG_member
</home/chrzissis/cclyzer-souffle/tests/coreutils-8.24/chown.bc>:!665	DW_TAG_member
</home/chrzissis/cclyzer-souffle/tests/coreutils-8.24/chown.bc>:!666	DW_TAG_member
</home/chrzissis/cclyzer-souffle/tests/coreutils-8.24/chown.bc>:!667	DW_TAG_member
</home/chrzissis/cclyzer-souffle/tests/coreutils-8.24/chown.bc>:!668	DW_TAG_member
</home/chrzissis/cclyzer-souffle/tests/coreutils-8.24/chown.bc>:!669	DW_TAG_member
</home/chrzissis/cclyzer-souffle/tests/coreutils-8.24/chown.bc>:!670	DW_TAG_member
</home/chrzissis/cclyzer-souffle/tests/coreutils-8.24/chown.bc>:!671	DW_TAG_member
</home/chrzissis/cclyzer-souffle/tests/coreutils-8.24/chown.bc>:!672	DW_TAG_member
</home/chrzissis/cclyzer-souffle/tests/coreutils-8.24/chown.bc>:!676	DW_TAG_member
</home/chrzissis/cclyzer-souffle/tests/coreutils-8.24/chown.bc>:!677	DW_TAG_member
</home/chrzissis/cclyzer-souffle/tests/coreutils-8.24/chown.bc>:!678	DW_TAG_member
</home/chrzissis/cclyzer-souffle/tests/coreutils-8.24/chown.bc>:!679	DW_TAG_member
</home/chrzissis/cclyzer-souffle/tests/coreutils-8.24/chown.bc>:!680	DW_TAG_member
</home/chrzissis/cclyzer-souffle/tests/coreutils-8.24/chown.bc>:!681	DW_TAG_member
</home/chrzissis/cclyzer-souffle/tests/coreutils-8.24/chown.bc>:!682	DW_TAG_member
</home/chrzissis/cclyzer-souffle/tests/coreutils-8.24/chown.bc>:!683	DW_TAG_member
</home/chrzissis/cclyzer-souffle/tests/coreutils-8.24/chown.bc>:!684	DW_TAG_member
</home/chrzissis/cclyzer-souffle/tests/coreutils-8.24/chown.bc>:!685	DW_TAG_member
</home/chrzissis/cclyzer-souffle/tests/coreutils-8.24/chown.bc>:!686	DW_TAG_member
</home/chrzissis/cclyzer-souffle/tests/coreutils-8.24/chown.bc>:!687	DW_TAG_member
</home/chrzissis/cclyzer-souffle/tests/coreutils-8.24/chown.bc>:!690	DW_TAG_member
</home/chrzissis/cclyzer-souffle/tests/coreutils-8.24/chown.bc>:!691	DW_TAG_member
</home/chrzissis/cclyzer-souffle/tests/coreutils-8.24/chown.bc>:!692	DW_TAG_member
</home/chrzissis/cclyzer-souffle/tests/coreutils-8.24/chown.bc>:!693	DW_TAG_member
</home/chrzissis/cclyzer-souffle/tests/coreutils-8.24/chown.bc>:!694	DW_TAG_member
</home/chrzissis/cclyzer-souffle/tests/coreutils-8.24/chown.bc>:!695	DW_TAG_member
</home/chrzissis/cclyzer-souffle/tests/coreutils-8.24/chown.bc>:!696	DW_TAG_member
</home/chrzissis/cclyzer-souffle/tests/coreutils-8.24/chown.bc>:!697	DW_TAG_member
</home/chrzissis/cclyzer-souffle/tests/coreutils-8.24/chown.bc>:!698	DW_TAG_pointer_type
</home/chrzissis/cclyzer-souffle/tests/coreutils-8.24/chown.bc>:!699	DW_TAG_member
</home/chrzissis/cclyzer-souffle/tests/coreutils-8.24/chown.bc>:!700	DW_TAG_member
</home/chrzissis/cclyzer-souffle/tests/coreutils-8.24/chown.bc>:!701	DW_TAG_member
</home/chrzissis/cclyzer-souffle/tests/coreutils-8.24/chown.bc>:!702	DW_TAG_member
</home/chrzissis/cclyzer-souffle/tests/coreutils-8.24/chown.bc>:!703	DW_TAG_member
</home/chrzissis/cclyzer-souffle/tests/coreutils-8.24/chown.bc>:!704	DW_TAG_member
</home/chrzissis/cclyzer-souffle/tests/coreutils-8.24/chown.bc>:!705	DW_TAG_member
</home/chrzissis/cclyzer-souffle/tests/coreutils-8.24/chown.bc>:!706	DW_TAG_pointer_type
</home/chrzissis/cclyzer-souffle/tests/coreutils-8.24/chown.bc>:!709	DW_TAG_pointer_type
</home/chrzissis/cclyzer-souffle/tests/coreutils-8.24/chown.bc>:!710	DW_TAG_pointer_type
</home/chrzissis/cclyzer-souffle/tests/coreutils-8.24/chown.bc>:!711	DW_TAG_const_type
</home/chrzissis/cclyzer-souffle/tests/coreutils-8.24/chown.bc>:!712	DW_TAG_member
</home/chrzissis/cclyzer-souffle/tests/coreutils-8.24/chown.bc>:!713	DW_TAG_member
</home/chrzissis/cclyzer-souffle/tests/coreutils-8.24/chown.bc>:!714	DW_TAG_member
</home/chrzissis/cclyzer-souffle/tests/coreutils-8.24/chown.bc>:!717	DW_TAG_member
</home/chrzissis/cclyzer-souffle/tests/coreutils-8.24/chown.bc>:!718	DW_TAG_member
</home/chrzissis/cclyzer-souffle/tests/coreutils-8.24/chown.bc>:!719	DW_TAG_member
</home/chrzissis/cclyzer-souffle/tests/coreutils-8.24/chown.bc>:!720	DW_TAG_typedef
</home/chrzissis/cclyzer-souffle/tests/coreutils-8.24/chown.bc>:!723	DW_TAG_member
</home/chrzissis/cclyzer-souffle/tests/coreutils-8.24/chown.bc>:!724	DW_TAG_member
</home/chrzissis/cclyzer-souffle/tests/coreutils-8.24/chown.bc>:!725	DW_TAG_member
</home/chrzissis/cclyzer-souffle/tests/coreutils-8.24/chown.bc>:!726	DW_TAG_member
</home/chrzissis/cclyzer-souffle/tests/coreutils-8.24/chown.bc>:!727	DW_TAG_member
</home/chrzissis/cclyzer-souffle/tests/coreutils-8.24/chown.bc>:!728	DW_TAG_pointer_type
</home/chrzissis/cclyzer-souffle/tests/coreutils-8.24/chown.bc>:!729	DW_TAG_const_type
</home/chrzissis/cclyzer-souffle/tests/coreutils-8.24/chown.bc>:!730	DW_TAG_pointer_type
</home/chrzissis/cclyzer-souffle/tests/coreutils-8.24/chown.bc>:!733	DW_TAG_pointer_type
</home/chrzissis/cclyzer-souffle/tests/coreutils-8.24/chown.bc>:!734	DW_TAG_pointer_type
</home/chrzissis/cclyzer-souffle/tests/coreutils-8.24/chown.bc>:!735	DW_TAG_const_type
</home/chrzissis/cclyzer-souffle/tests/coreutils-8.24/chown.bc>:!736	DW_TAG_typedef
</home/chrzissis/cclyzer-souffle/tests/coreutils-8.24/chown.bc>:!740	DW_TAG_pointer_type
</home/chrzissis/cclyzer-souffle/tests/coreutils-8.24/chown.bc>:!741	DW_TAG_const_type
</home/chrzissis/cclyzer-souffle/tests/coreutils-8.24/chown.bc>:!751	DW_TAG_typedef
</home/chrzissis/cclyzer-souffle/tests/coreutils-8.24/chown.bc>:!752	DW_TAG_pointer_type
</home/chrzissis/cclyzer-souffle/tests/coreutils-8.24/chown.bc>:!775	DW_TAG_pointer_type
</home/chrzissis/cclyzer-souffle/tests/coreutils-8.24/chown.bc>:!776	DW_TAG_typedef
</home/chrzissis/cclyzer-souffle/tests/coreutils-8.24/chown.bc>:!779	DW_TAG_member
</home/chrzissis/cclyzer-souffle/tests/coreutils-8.24/chown.bc>:!780	DW_TAG_pointer_type
</home/chrzissis/cclyzer-souffle/tests/coreutils-8.24/chown.bc>:!783	DW_TAG_member
</home/chrzissis/cclyzer-souffle/tests/coreutils-8.24/chown.bc>:!784	DW_TAG_member
</home/chrzissis/cclyzer-souffle/tests/coreutils-8.24/chown.bc>:!785	DW_TAG_member
</home/chrzissis/cclyzer-souffle/tests/coreutils-8.24/chown.bc>:!786	DW_TAG_member
</home/chrzissis/cclyzer-souffle/tests/coreutils-8.24/chown.bc>:!787	DW_TAG_member
</home/chrzissis/cclyzer-souffle/tests/coreutils-8.24/chown.bc>:!788	DW_TAG_member
</home/chrzissis/cclyzer-souffle/tests/coreutils-8.24/chown.bc>:!789	DW_TAG_member
</home/chrzissis/cclyzer-souffle/tests/coreutils-8.24/chown.bc>:!790	DW_TAG_member
</home/chrzissis/cclyzer-souffle/tests/coreutils-8.24/chown.bc>:!791	DW_TAG_member
</home/chrzissis/cclyzer-souffle/tests/coreutils-8.24/chown.bc>:!792	DW_TAG_member
</home/chrzissis/cclyzer-souffle/tests/coreutils-8.24/chown.bc>:!793	DW_TAG_member
</home/chrzissis/cclyzer-souffle/tests/coreutils-8.24/chown.bc>:!794	DW_TAG_member
</home/chrzissis/cclyzer-souffle/tests/coreutils-8.24/chown.bc>:!795	DW_TAG_member
</home/chrzissis/cclyzer-souffle/tests/coreutils-8.24/chown.bc>:!796	DW_TAG_member
</home/chrzissis/cclyzer-souffle/tests/coreutils-8.24/chown.bc>:!797	DW_TAG_member
</home/chrzissis/cclyzer-souffle/tests/coreutils-8.24/chown.bc>:!798	DW_TAG_member
</home/chrzissis/cclyzer-souffle/tests/coreutils-8.24/chown.bc>:!799	DW_TAG_member
</home/chrzissis/cclyzer-souffle/tests/coreutils-8.24/chown.bc>:!800	DW_TAG_member
</home/chrzissis/cclyzer-souffle/tests/coreutils-8.24/chown.bc>:!801	DW_TAG_member
</home/chrzissis/cclyzer-souffle/tests/coreutils-8.24/chown.bc>:!805	DW_TAG_member
</home/chrzissis/cclyzer-souffle/tests/coreutils-8.24/chown.bc>:!806	DW_TAG_member
</home/chrzissis/cclyzer-souffle/tests/coreutils-8.24/chown.bc>:!807	DW_TAG_member
</home/chrzissis/cclyzer-souffle/tests/coreutils-8.24/chown.bc>:!808	DW_TAG_member
</home/chrzissis/cclyzer-souffle/tests/coreutils-8.24/chown.bc>:!809	DW_TAG_member
</home/chrzissis/cclyzer-souffle/tests/coreutils-8.24/chown.bc>:!810	DW_TAG_member
</home/chrzissis/cclyzer-souffle/tests/coreutils-8.24/chown.bc>:!811	DW_TAG_member
</home/chrzissis/cclyzer-souffle/tests/coreutils-8.24/chown.bc>:!812	DW_TAG_member
</home/chrzissis/cclyzer-souffle/tests/coreutils-8.24/chown.bc>:!813	DW_TAG_member
</home/chrzissis/cclyzer-souffle/tests/coreutils-8.24/chown.bc>:!814	DW_TAG_member
</home/chrzissis/cclyzer-souffle/tests/coreutils-8.24/chown.bc>:!815	DW_TAG_member
</home/chrzissis/cclyzer-souffle/tests/coreutils-8.24/chown.bc>:!816	DW_TAG_member
</home/chrzissis/cclyzer-souffle/tests/coreutils-8.24/chown.bc>:!819	DW_TAG_member
</home/chrzissis/cclyzer-souffle/tests/coreutils-8.24/chown.bc>:!820	DW_TAG_member
</home/chrzissis/cclyzer-souffle/tests/coreutils-8.24/chown.bc>:!821	DW_TAG_member
</home/chrzissis/cclyzer-souffle/tests/coreutils-8.24/chown.bc>:!822	DW_TAG_member
</home/chrzissis/cclyzer-souffle/tests/coreutils-8.24/chown.bc>:!823	DW_TAG_member
</home/chrzissis/cclyzer-souffle/tests/coreutils-8.24/chown.bc>:!824	DW_TAG_member
</home/chrzissis/cclyzer-souffle/tests/coreutils-8.24/chown.bc>:!825	DW_TAG_member
</home/chrzissis/cclyzer-souffle/tests/coreutils-8.24/chown.bc>:!826	DW_TAG_member
</home/chrzissis/cclyzer-souffle/tests/coreutils-8.24/chown.bc>:!827	DW_TAG_pointer_type
</home/chrzissis/cclyzer-souffle/tests/coreutils-8.24/chown.bc>:!828	DW_TAG_member
</home/chrzissis/cclyzer-souffle/tests/coreutils-8.24/chown.bc>:!829	DW_TAG_member
</home/chrzissis/cclyzer-souffle/tests/coreutils-8.24/chown.bc>:!830	DW_TAG_member
</home/chrzissis/cclyzer-souffle/tests/coreutils-8.24/chown.bc>:!831	DW_TAG_member
</home/chrzissis/cclyzer-souffle/tests/coreutils-8.24/chown.bc>:!832	DW_TAG_member
</home/chrzissis/cclyzer-souffle/tests/coreutils-8.24/chown.bc>:!833	DW_TAG_member
</home/chrzissis/cclyzer-souffle/tests/coreutils-8.24/chown.bc>:!834	DW_TAG_member
</home/chrzissis/cclyzer-souffle/tests/coreutils-8.24/chown.bc>:!835	DW_TAG_pointer_type
</home/chrzissis/cclyzer-souffle/tests/coreutils-8.24/chown.bc>:!838	DW_TAG_pointer_type
</home/chrzissis/cclyzer-souffle/tests/coreutils-8.24/chown.bc>:!839	DW_TAG_pointer_type
</home/chrzissis/cclyzer-souffle/tests/coreutils-8.24/chown.bc>:!840	DW_TAG_const_type
</home/chrzissis/cclyzer-souffle/tests/coreutils-8.24/chown.bc>:!841	DW_TAG_member
</home/chrzissis/cclyzer-souffle/tests/coreutils-8.24/chown.bc>:!842	DW_TAG_member
</home/chrzissis/cclyzer-souffle/tests/coreutils-8.24/chown.bc>:!843	DW_TAG_member
</home/chrzissis/cclyzer-souffle/tests/coreutils-8.24/chown.bc>:!846	DW_TAG_member
</home/chrzissis/cclyzer-souffle/tests/coreutils-8.24/chown.bc>:!847	DW_TAG_member
</home/chrzissis/cclyzer-souffle/tests/coreutils-8.24/chown.bc>:!848	DW_TAG_pointer_type
</home/chrzissis/cclyzer-souffle/tests/coreutils-8.24/chown.bc>:!852	DW_TAG_member
</home/chrzissis/cclyzer-souffle/tests/coreutils-8.24/chown.bc>:!855	DW_TAG_member
</home/chrzissis/cclyzer-souffle/tests/coreutils-8.24/chown.bc>:!856	DW_TAG_member
</home/chrzissis/cclyzer-souffle/tests/coreutils-8.24/chown.bc>:!857	DW_TAG_member
</home/chrzissis/cclyzer-souffle/tests/coreutils-8.24/chown.bc>:!858	DW_TAG_member
</home/chrzissis/cclyzer-souffle/tests/coreutils-8.24/chown.bc>:!859	DW_TAG_member
</home/chrzissis/cclyzer-souffle/tests/coreutils-8.24/chown.bc>:!860	DW_TAG_typedef
</home/chrzissis/cclyzer-souffle/tests/coreutils-8.24/chown.bc>:!863	DW_TAG_member
</home/chrzissis/cclyzer-souffle/tests/coreutils-8.24/chown.bc>:!864	DW_TAG_member
</home/chrzissis/cclyzer-souffle/tests/coreutils-8.24/chown.bc>:!865	DW_TAG_member
</home/chrzissis/cclyzer-souffle/tests/coreutils-8.24/chown.bc>:!866	DW_TAG_member
</home/chrzissis/cclyzer-souffle/tests/coreutils-8.24/chown.bc>:!867	DW_TAG_member
</home/chrzissis/cclyzer-souffle/tests/coreutils-8.24/chown.bc>:!899	DW_TAG_pointer_type
</home/chrzissis/cclyzer-souffle/tests/coreutils-8.24/chown.bc>:!891	DW_TAG_pointer_type
</home/chrzissis/cclyzer-souffle/tests/coreutils-8.24/chown.bc>:!892	DW_TAG_pointer_type
</home/chrzissis/cclyzer-souffle/tests/coreutils-8.24/chown.bc>:!893	DW_TAG_const_type
</home/chrzissis/cclyzer-souffle/tests/coreutils-8.24/chown.bc>:!894	DW_TAG_typedef
</home/chrzissis/cclyzer-souffle/tests/coreutils-8.24/chown.bc>:!908	DW_TAG_pointer_type
</home/chrzissis/cclyzer-souffle/tests/coreutils-8.24/chown.bc>:!927	DW_TAG_pointer_type
</home/chrzissis/cclyzer-souffle/tests/coreutils-8.24/chown.bc>:!928	DW_TAG_const_type
</home/chrzissis/cclyzer-souffle/tests/coreutils-8.24/chown.bc>:!932	DW_TAG_pointer_type
</home/chrzissis/cclyzer-souffle/tests/coreutils-8.24/chown.bc>:!68	DW_TAG_pointer_type
</home/chrzissis/cclyzer-souffle/tests/coreutils-8.24/chown.bc>:!962	DW_TAG_pointer_type
</home/chrzissis/cclyzer-souffle/tests/coreutils-8.24/chown.bc>:!994	DW_TAG_pointer_type
</home/chrzissis/cclyzer-souffle/tests/coreutils-8.24/chown.bc>:!995	DW_TAG_typedef
</home/chrzissis/cclyzer-souffle/tests/coreutils-8.24/chown.bc>:!996	DW_TAG_pointer_type
</home/chrzissis/cclyzer-souffle/tests/coreutils-8.24/chown.bc>:!997	DW_TAG_typedef
</home/chrzissis/cclyzer-souffle/tests/coreutils-8.24/chown.bc>:!999	DW_TAG_typedef
</home/chrzissis/cclyzer-souffle/tests/coreutils-8.24/chown.bc>:!1002	DW_TAG_member
</home/chrzissis/cclyzer-souffle/tests/coreutils-8.24/chown.bc>:!1003	DW_TAG_member
</home/chrzissis/cclyzer-souffle/tests/coreutils-8.24/chown.bc>:!1006	DW_TAG_member
</home/chrzissis/cclyzer-souffle/tests/coreutils-8.24/chown.bc>:!1007	DW_TAG_member
</home/chrzissis/cclyzer-souffle/tests/coreutils-8.24/chown.bc>:!1034	DW_TAG_pointer_type
</home/chrzissis/cclyzer-souffle/tests/coreutils-8.24/chown.bc>:!1035	DW_TAG_typedef
</home/chrzissis/cclyzer-souffle/tests/coreutils-8.24/chown.bc>:!1038	DW_TAG_member
</home/chrzissis/cclyzer-souffle/tests/coreutils-8.24/chown.bc>:!1039	DW_TAG_member
</home/chrzissis/cclyzer-souffle/tests/coreutils-8.24/chown.bc>:!1040	DW_TAG_member
</home/chrzissis/cclyzer-souffle/tests/coreutils-8.24/chown.bc>:!1041	DW_TAG_member
</home/chrzissis/cclyzer-souffle/tests/coreutils-8.24/chown.bc>:!1042	DW_TAG_member
</home/chrzissis/cclyzer-souffle/tests/coreutils-8.24/chown.bc>:!1043	DW_TAG_member
</home/chrzissis/cclyzer-souffle/tests/coreutils-8.24/chown.bc>:!1044	DW_TAG_member
</home/chrzissis/cclyzer-souffle/tests/coreutils-8.24/chown.bc>:!1045	DW_TAG_member
</home/chrzissis/cclyzer-souffle/tests/coreutils-8.24/chown.bc>:!1046	DW_TAG_member
</home/chrzissis/cclyzer-souffle/tests/coreutils-8.24/chown.bc>:!1047	DW_TAG_member
</home/chrzissis/cclyzer-souffle/tests/coreutils-8.24/chown.bc>:!1048	DW_TAG_member
</home/chrzissis/cclyzer-souffle/tests/coreutils-8.24/chown.bc>:!1049	DW_TAG_member
</home/chrzissis/cclyzer-souffle/tests/coreutils-8.24/chown.bc>:!1050	DW_TAG_member
</home/chrzissis/cclyzer-souffle/tests/coreutils-8.24/chown.bc>:!1051	DW_TAG_pointer_type
</home/chrzissis/cclyzer-souffle/tests/coreutils-8.24/chown.bc>:!1054	DW_TAG_member
</home/chrzissis/cclyzer-souffle/tests/coreutils-8.24/chown.bc>:!1055	DW_TAG_member
</home/chrzissis/cclyzer-souffle/tests/coreutils-8.24/chown.bc>:!1056	DW_TAG_pointer_type
</home/chrzissis/cclyzer-souffle/tests/coreutils-8.24/chown.bc>:!1057	DW_TAG_member
</home/chrzissis/cclyzer-souffle/tests/coreutils-8.24/chown.bc>:!1058	DW_TAG_member
</home/chrzissis/cclyzer-souffle/tests/coreutils-8.24/chown.bc>:!1059	DW_TAG_member
</home/chrzissis/cclyzer-souffle/tests/coreutils-8.24/chown.bc>:!1060	DW_TAG_member
</home/chrzissis/cclyzer-souffle/tests/coreutils-8.24/chown.bc>:!1061	DW_TAG_member
</home/chrzissis/cclyzer-souffle/tests/coreutils-8.24/chown.bc>:!1062	DW_TAG_member
</home/chrzissis/cclyzer-souffle/tests/coreutils-8.24/chown.bc>:!1063	DW_TAG_member
</home/chrzissis/cclyzer-souffle/tests/coreutils-8.24/chown.bc>:!1064	DW_TAG_member
</home/chrzissis/cclyzer-souffle/tests/coreutils-8.24/chown.bc>:!1065	DW_TAG_member
</home/chrzissis/cclyzer-souffle/tests/coreutils-8.24/chown.bc>:!1066	DW_TAG_member
</home/chrzissis/cclyzer-souffle/tests/coreutils-8.24/chown.bc>:!1067	DW_TAG_member
</home/chrzissis/cclyzer-souffle/tests/coreutils-8.24/chown.bc>:!1068	DW_TAG_member
</home/chrzissis/cclyzer-souffle/tests/coreutils-8.24/chown.bc>:!1069	DW_TAG_member
</home/chrzissis/cclyzer-souffle/tests/coreutils-8.24/chown.bc>:!1070	DW_TAG_member
</home/chrzissis/cclyzer-souffle/tests/coreutils-8.24/chown.bc>:!1071	DW_TAG_member
</home/chrzissis/cclyzer-souffle/tests/coreutils-8.24/chown.bc>:!1072	DW_TAG_member
</home/chrzissis/cclyzer-souffle/tests/coreutils-8.24/chown.bc>:!1073	DW_TAG_member
</home/chrzissis/cclyzer-souffle/tests/coreutils-8.24/chown.bc>:!1080	DW_TAG_pointer_type
</home/chrzissis/cclyzer-souffle/tests/coreutils-8.24/chown.bc>:!1083	DW_TAG_member
</home/chrzissis/cclyzer-souffle/tests/coreutils-8.24/chown.bc>:!1086	DW_TAG_member
</home/chrzissis/cclyzer-souffle/tests/coreutils-8.24/chown.bc>:!1087	DW_TAG_member
</home/chrzissis/cclyzer-souffle/tests/coreutils-8.24/chown.bc>:!1088	DW_TAG_member
</home/chrzissis/cclyzer-souffle/tests/coreutils-8.24/chown.bc>:!1089	DW_TAG_member
</home/chrzissis/cclyzer-souffle/tests/coreutils-8.24/chown.bc>:!1093	DW_TAG_pointer_type
</home/chrzissis/cclyzer-souffle/tests/coreutils-8.24/chown.bc>:!1094	DW_TAG_const_type
</home/chrzissis/cclyzer-souffle/tests/coreutils-8.24/chown.bc>:!1097	DW_TAG_member
</home/chrzissis/cclyzer-souffle/tests/coreutils-8.24/chown.bc>:!1098	DW_TAG_member
</home/chrzissis/cclyzer-souffle/tests/coreutils-8.24/chown.bc>:!1099	DW_TAG_member
</home/chrzissis/cclyzer-souffle/tests/coreutils-8.24/chown.bc>:!1100	DW_TAG_member
</home/chrzissis/cclyzer-souffle/tests/coreutils-8.24/chown.bc>:!1101	DW_TAG_member
</home/chrzissis/cclyzer-souffle/tests/coreutils-8.24/chown.bc>:!1102	DW_TAG_member
</home/chrzissis/cclyzer-souffle/tests/coreutils-8.24/chown.bc>:!1103	DW_TAG_member
</home/chrzissis/cclyzer-souffle/tests/coreutils-8.24/chown.bc>:!1104	DW_TAG_member
</home/chrzissis/cclyzer-souffle/tests/coreutils-8.24/chown.bc>:!1105	DW_TAG_member
</home/chrzissis/cclyzer-souffle/tests/coreutils-8.24/chown.bc>:!1106	DW_TAG_member
</home/chrzissis/cclyzer-souffle/tests/coreutils-8.24/chown.bc>:!1107	DW_TAG_member
</home/chrzissis/cclyzer-souffle/tests/coreutils-8.24/chown.bc>:!1108	DW_TAG_member
</home/chrzissis/cclyzer-souffle/tests/coreutils-8.24/chown.bc>:!1111	DW_TAG_member
</home/chrzissis/cclyzer-souffle/tests/coreutils-8.24/chown.bc>:!1112	DW_TAG_member
</home/chrzissis/cclyzer-souffle/tests/coreutils-8.24/chown.bc>:!1113	DW_TAG_member
</home/chrzissis/cclyzer-souffle/tests/coreutils-8.24/chown.bc>:!1114	DW_TAG_member
</home/chrzissis/cclyzer-souffle/tests/coreutils-8.24/chown.bc>:!1115	DW_TAG_member
</home/chrzissis/cclyzer-souffle/tests/coreutils-8.24/chown.bc>:!1132	DW_TAG_pointer_type
</home/chrzissis/cclyzer-souffle/tests/coreutils-8.24/chown.bc>:!1133	DW_TAG_const_type
</home/chrzissis/cclyzer-souffle/tests/coreutils-8.24/chown.bc>:!1134	DW_TAG_typedef
</home/chrzissis/cclyzer-souffle/tests/coreutils-8.24/chown.bc>:!1138	DW_TAG_member
</home/chrzissis/cclyzer-souffle/tests/coreutils-8.24/chown.bc>:!1139	DW_TAG_pointer_type
</home/chrzissis/cclyzer-souffle/tests/coreutils-8.24/chown.bc>:!1142	DW_TAG_member
</home/chrzissis/cclyzer-souffle/tests/coreutils-8.24/chown.bc>:!1143	DW_TAG_member
</home/chrzissis/cclyzer-souffle/tests/coreutils-8.24/chown.bc>:!1144	DW_TAG_member
</home/chrzissis/cclyzer-souffle/tests/coreutils-8.24/chown.bc>:!1145	DW_TAG_pointer_type
</home/chrzissis/cclyzer-souffle/tests/coreutils-8.24/chown.bc>:!1146	DW_TAG_const_type
</home/chrzissis/cclyzer-souffle/tests/coreutils-8.24/chown.bc>:!1147	DW_TAG_member
</home/chrzissis/cclyzer-souffle/tests/coreutils-8.24/chown.bc>:!1148	DW_TAG_member
</home/chrzissis/cclyzer-souffle/tests/coreutils-8.24/chown.bc>:!1149	DW_TAG_member
</home/chrzissis/cclyzer-souffle/tests/coreutils-8.24/chown.bc>:!1150	DW_TAG_member
</home/chrzissis/cclyzer-souffle/tests/coreutils-8.24/chown.bc>:!1151	DW_TAG_pointer_type
</home/chrzissis/cclyzer-souffle/tests/coreutils-8.24/chown.bc>:!1152	DW_TAG_const_type
</home/chrzissis/cclyzer-souffle/tests/coreutils-8.24/chown.bc>:!1153	DW_TAG_typedef
</home/chrzissis/cclyzer-souffle/tests/coreutils-8.24/chown.bc>:!1156	DW_TAG_member
</home/chrzissis/cclyzer-souffle/tests/coreutils-8.24/chown.bc>:!1158	DW_TAG_member
</home/chrzissis/cclyzer-souffle/tests/coreutils-8.24/chown.bc>:!1159	DW_TAG_member
</home/chrzissis/cclyzer-souffle/tests/coreutils-8.24/chown.bc>:!1160	DW_TAG_member
</home/chrzissis/cclyzer-souffle/tests/coreutils-8.24/chown.bc>:!1161	DW_TAG_member
</home/chrzissis/cclyzer-souffle/tests/coreutils-8.24/chown.bc>:!1162	DW_TAG_member
</home/chrzissis/cclyzer-souffle/tests/coreutils-8.24/chown.bc>:!1163	DW_TAG_typedef
</home/chrzissis/cclyzer-souffle/tests/coreutils-8.24/chown.bc>:!1164	DW_TAG_pointer_type
</home/chrzissis/cclyzer-souffle/tests/coreutils-8.24/chown.bc>:!1165	DW_TAG_member
</home/chrzissis/cclyzer-souffle/tests/coreutils-8.24/chown.bc>:!1166	DW_TAG_typedef
</home/chrzissis/cclyzer-souffle/tests/coreutils-8.24/chown.bc>:!1167	DW_TAG_pointer_type
</home/chrzissis/cclyzer-souffle/tests/coreutils-8.24/chown.bc>:!1168	DW_TAG_member
</home/chrzissis/cclyzer-souffle/tests/coreutils-8.24/chown.bc>:!1169	DW_TAG_typedef
</home/chrzissis/cclyzer-souffle/tests/coreutils-8.24/chown.bc>:!1170	DW_TAG_pointer_type
</home/chrzissis/cclyzer-souffle/tests/coreutils-8.24/chown.bc>:!1173	DW_TAG_member
</home/chrzissis/cclyzer-souffle/tests/coreutils-8.24/chown.bc>:!1183	DW_TAG_pointer_type
</home/chrzissis/cclyzer-souffle/tests/coreutils-8.24/chown.bc>:!1184	DW_TAG_typedef
</home/chrzissis/cclyzer-souffle/tests/coreutils-8.24/chown.bc>:!1187	DW_TAG_member
</home/chrzissis/cclyzer-souffle/tests/coreutils-8.24/chown.bc>:!1188	DW_TAG_member
</home/chrzissis/cclyzer-souffle/tests/coreutils-8.24/chown.bc>:!1189	DW_TAG_member
</home/chrzissis/cclyzer-souffle/tests/coreutils-8.24/chown.bc>:!1190	DW_TAG_member
</home/chrzissis/cclyzer-souffle/tests/coreutils-8.24/chown.bc>:!1191	DW_TAG_member
</home/chrzissis/cclyzer-souffle/tests/coreutils-8.24/chown.bc>:!1192	DW_TAG_member
</home/chrzissis/cclyzer-souffle/tests/coreutils-8.24/chown.bc>:!1193	DW_TAG_member
</home/chrzissis/cclyzer-souffle/tests/coreutils-8.24/chown.bc>:!1194	DW_TAG_member
</home/chrzissis/cclyzer-souffle/tests/coreutils-8.24/chown.bc>:!1195	DW_TAG_member
</home/chrzissis/cclyzer-souffle/tests/coreutils-8.24/chown.bc>:!1196	DW_TAG_member
</home/chrzissis/cclyzer-souffle/tests/coreutils-8.24/chown.bc>:!1197	DW_TAG_member
</home/chrzissis/cclyzer-souffle/tests/coreutils-8.24/chown.bc>:!1198	DW_TAG_member
</home/chrzissis/cclyzer-souffle/tests/coreutils-8.24/chown.bc>:!1199	DW_TAG_member
</home/chrzissis/cclyzer-souffle/tests/coreutils-8.24/chown.bc>:!1200	DW_TAG_pointer_type
</home/chrzissis/cclyzer-souffle/tests/coreutils-8.24/chown.bc>:!1203	DW_TAG_member
</home/chrzissis/cclyzer-souffle/tests/coreutils-8.24/chown.bc>:!1204	DW_TAG_member
</home/chrzissis/cclyzer-souffle/tests/coreutils-8.24/chown.bc>:!1205	DW_TAG_pointer_type
</home/chrzissis/cclyzer-souffle/tests/coreutils-8.24/chown.bc>:!1206	DW_TAG_member
</home/chrzissis/cclyzer-souffle/tests/coreutils-8.24/chown.bc>:!1207	DW_TAG_member
</home/chrzissis/cclyzer-souffle/tests/coreutils-8.24/chown.bc>:!1208	DW_TAG_member
</home/chrzissis/cclyzer-souffle/tests/coreutils-8.24/chown.bc>:!1209	DW_TAG_member
</home/chrzissis/cclyzer-souffle/tests/coreutils-8.24/chown.bc>:!1210	DW_TAG_member
</home/chrzissis/cclyzer-souffle/tests/coreutils-8.24/chown.bc>:!1211	DW_TAG_member
</home/chrzissis/cclyzer-souffle/tests/coreutils-8.24/chown.bc>:!1212	DW_TAG_member
</home/chrzissis/cclyzer-souffle/tests/coreutils-8.24/chown.bc>:!1213	DW_TAG_member
</home/chrzissis/cclyzer-souffle/tests/coreutils-8.24/chown.bc>:!1214	DW_TAG_member
</home/chrzissis/cclyzer-souffle/tests/coreutils-8.24/chown.bc>:!1215	DW_TAG_member
</home/chrzissis/cclyzer-souffle/tests/coreutils-8.24/chown.bc>:!1216	DW_TAG_member
</home/chrzissis/cclyzer-souffle/tests/coreutils-8.24/chown.bc>:!1217	DW_TAG_member
</home/chrzissis/cclyzer-souffle/tests/coreutils-8.24/chown.bc>:!1218	DW_TAG_member
</home/chrzissis/cclyzer-souffle/tests/coreutils-8.24/chown.bc>:!1219	DW_TAG_member
</home/chrzissis/cclyzer-souffle/tests/coreutils-8.24/chown.bc>:!1220	DW_TAG_member
</home/chrzissis/cclyzer-souffle/tests/coreutils-8.24/chown.bc>:!1221	DW_TAG_member
</home/chrzissis/cclyzer-souffle/tests/coreutils-8.24/chown.bc>:!1222	DW_TAG_member
</home/chrzissis/cclyzer-souffle/tests/coreutils-8.24/chown.bc>:!1233	DW_TAG_pointer_type
</home/chrzissis/cclyzer-souffle/tests/coreutils-8.24/chown.bc>:!1237	DW_TAG_typedef
</home/chrzissis/cclyzer-souffle/tests/coreutils-8.24/chown.bc>:!1238	DW_TAG_pointer_type
</home/chrzissis/cclyzer-souffle/tests/coreutils-8.24/chown.bc>:!1247	DW_TAG_pointer_type
</home/chrzissis/cclyzer-souffle/tests/coreutils-8.24/chown.bc>:!1251	DW_TAG_pointer_type
</home/chrzissis/cclyzer-souffle/tests/coreutils-8.24/chown.bc>:!1262	DW_TAG_pointer_type
</home/chrzissis/cclyzer-souffle/tests/coreutils-8.24/chown.bc>:!1293	DW_TAG_pointer_type
</home/chrzissis/cclyzer-souffle/tests/coreutils-8.24/chown.bc>:!1309	DW_TAG_pointer_type
</home/chrzissis/cclyzer-souffle/tests/coreutils-8.24/chown.bc>:!1310	DW_TAG_typedef
</home/chrzissis/cclyzer-souffle/tests/coreutils-8.24/chown.bc>:!1313	DW_TAG_member
</home/chrzissis/cclyzer-souffle/tests/coreutils-8.24/chown.bc>:!1314	DW_TAG_member
</home/chrzissis/cclyzer-souffle/tests/coreutils-8.24/chown.bc>:!1315	DW_TAG_member
</home/chrzissis/cclyzer-souffle/tests/coreutils-8.24/chown.bc>:!1316	DW_TAG_member
</home/chrzissis/cclyzer-souffle/tests/coreutils-8.24/chown.bc>:!1317	DW_TAG_member
</home/chrzissis/cclyzer-souffle/tests/coreutils-8.24/chown.bc>:!1321	DW_TAG_pointer_type
</home/chrzissis/cclyzer-souffle/tests/coreutils-8.24/chown.bc>:!1322	DW_TAG_const_type
</home/chrzissis/cclyzer-souffle/tests/coreutils-8.24/chown.bc>:!1698	DW_TAG_pointer_type
</home/chrzissis/cclyzer-souffle/tests/coreutils-8.24/chown.bc>:!1699	DW_TAG_typedef
</home/chrzissis/cclyzer-souffle/tests/coreutils-8.24/chown.bc>:!1702	DW_TAG_member
</home/chrzissis/cclyzer-souffle/tests/coreutils-8.24/chown.bc>:!1703	DW_TAG_member
</home/chrzissis/cclyzer-souffle/tests/coreutils-8.24/chown.bc>:!1704	DW_TAG_member
</home/chrzissis/cclyzer-souffle/tests/coreutils-8.24/chown.bc>:!1705	DW_TAG_member
</home/chrzissis/cclyzer-souffle/tests/coreutils-8.24/chown.bc>:!1706	DW_TAG_member
</home/chrzissis/cclyzer-souffle/tests/coreutils-8.24/chown.bc>:!1707	DW_TAG_member
</home/chrzissis/cclyzer-souffle/tests/coreutils-8.24/chown.bc>:!1708	DW_TAG_member
</home/chrzissis/cclyzer-souffle/tests/coreutils-8.24/chown.bc>:!1709	DW_TAG_member
</home/chrzissis/cclyzer-souffle/tests/coreutils-8.24/chown.bc>:!1710	DW_TAG_member
</home/chrzissis/cclyzer-souffle/tests/coreutils-8.24/chown.bc>:!1711	DW_TAG_member
</home/chrzissis/cclyzer-souffle/tests/coreutils-8.24/chown.bc>:!1712	DW_TAG_member
</home/chrzissis/cclyzer-souffle/tests/coreutils-8.24/chown.bc>:!1713	DW_TAG_member
</home/chrzissis/cclyzer-souffle/tests/coreutils-8.24/chown.bc>:!1714	DW_TAG_member
</home/chrzissis/cclyzer-souffle/tests/coreutils-8.24/chown.bc>:!1715	DW_TAG_pointer_type
</home/chrzissis/cclyzer-souffle/tests/coreutils-8.24/chown.bc>:!1718	DW_TAG_member
</home/chrzissis/cclyzer-souffle/tests/coreutils-8.24/chown.bc>:!1719	DW_TAG_member
</home/chrzissis/cclyzer-souffle/tests/coreutils-8.24/chown.bc>:!1720	DW_TAG_pointer_type
</home/chrzissis/cclyzer-souffle/tests/coreutils-8.24/chown.bc>:!1721	DW_TAG_member
</home/chrzissis/cclyzer-souffle/tests/coreutils-8.24/chown.bc>:!1722	DW_TAG_member
</home/chrzissis/cclyzer-souffle/tests/coreutils-8.24/chown.bc>:!1723	DW_TAG_member
</home/chrzissis/cclyzer-souffle/tests/coreutils-8.24/chown.bc>:!1724	DW_TAG_member
</home/chrzissis/cclyzer-souffle/tests/coreutils-8.24/chown.bc>:!1725	DW_TAG_member
</home/chrzissis/cclyzer-souffle/tests/coreutils-8.24/chown.bc>:!1726	DW_TAG_member
</home/chrzissis/cclyzer-souffle/tests/coreutils-8.24/chown.bc>:!1727	DW_TAG_member
</home/chrzissis/cclyzer-souffle/tests/coreutils-8.24/chown.bc>:!1728	DW_TAG_member
</home/chrzissis/cclyzer-souffle/tests/coreutils-8.24/chown.bc>:!1729	DW_TAG_member
</home/chrzissis/cclyzer-souffle/tests/coreutils-8.24/chown.bc>:!1730	DW_TAG_member
</home/chrzissis/cclyzer-souffle/tests/coreutils-8.24/chown.bc>:!1731	DW_TAG_member
</home/chrzissis/cclyzer-souffle/tests/coreutils-8.24/chown.bc>:!1732	DW_TAG_member
</home/chrzissis/cclyzer-souffle/tests/coreutils-8.24/chown.bc>:!1733	DW_TAG_member
</home/chrzissis/cclyzer-souffle/tests/coreutils-8.24/chown.bc>:!1734	DW_TAG_member
</home/chrzissis/cclyzer-souffle/tests/coreutils-8.24/chown.bc>:!1735	DW_TAG_member
</home/chrzissis/cclyzer-souffle/tests/coreutils-8.24/chown.bc>:!1736	DW_TAG_member
</home/chrzissis/cclyzer-souffle/tests/coreutils-8.24/chown.bc>:!1737	DW_TAG_member
</home/chrzissis/cclyzer-souffle/tests/coreutils-8.24/chown.bc>:!1752	DW_TAG_pointer_type
</home/chrzissis/cclyzer-souffle/tests/coreutils-8.24/chown.bc>:!1753	DW_TAG_typedef
</home/chrzissis/cclyzer-souffle/tests/coreutils-8.24/chown.bc>:!1756	DW_TAG_member
</home/chrzissis/cclyzer-souffle/tests/coreutils-8.24/chown.bc>:!1757	DW_TAG_member
</home/chrzissis/cclyzer-souffle/tests/coreutils-8.24/chown.bc>:!1758	DW_TAG_member
</home/chrzissis/cclyzer-souffle/tests/coreutils-8.24/chown.bc>:!1759	DW_TAG_member
</home/chrzissis/cclyzer-souffle/tests/coreutils-8.24/chown.bc>:!1760	DW_TAG_member
</home/chrzissis/cclyzer-souffle/tests/coreutils-8.24/chown.bc>:!1761	DW_TAG_member
</home/chrzissis/cclyzer-souffle/tests/coreutils-8.24/chown.bc>:!1762	DW_TAG_member
</home/chrzissis/cclyzer-souffle/tests/coreutils-8.24/chown.bc>:!1763	DW_TAG_member
</home/chrzissis/cclyzer-souffle/tests/coreutils-8.24/chown.bc>:!1764	DW_TAG_member
</home/chrzissis/cclyzer-souffle/tests/coreutils-8.24/chown.bc>:!1765	DW_TAG_member
</home/chrzissis/cclyzer-souffle/tests/coreutils-8.24/chown.bc>:!1766	DW_TAG_member
</home/chrzissis/cclyzer-souffle/tests/coreutils-8.24/chown.bc>:!1767	DW_TAG_member
</home/chrzissis/cclyzer-souffle/tests/coreutils-8.24/chown.bc>:!1768	DW_TAG_member
</home/chrzissis/cclyzer-souffle/tests/coreutils-8.24/chown.bc>:!1769	DW_TAG_pointer_type
</home/chrzissis/cclyzer-souffle/tests/coreutils-8.24/chown.bc>:!1772	DW_TAG_member
</home/chrzissis/cclyzer-souffle/tests/coreutils-8.24/chown.bc>:!1773	DW_TAG_member
</home/chrzissis/cclyzer-souffle/tests/coreutils-8.24/chown.bc>:!1774	DW_TAG_pointer_type
</home/chrzissis/cclyzer-souffle/tests/coreutils-8.24/chown.bc>:!1775	DW_TAG_member
</home/chrzissis/cclyzer-souffle/tests/coreutils-8.24/chown.bc>:!1776	DW_TAG_member
</home/chrzissis/cclyzer-souffle/tests/coreutils-8.24/chown.bc>:!1777	DW_TAG_member
</home/chrzissis/cclyzer-souffle/tests/coreutils-8.24/chown.bc>:!1778	DW_TAG_member
</home/chrzissis/cclyzer-souffle/tests/coreutils-8.24/chown.bc>:!1779	DW_TAG_member
</home/chrzissis/cclyzer-souffle/tests/coreutils-8.24/chown.bc>:!1780	DW_TAG_member
</home/chrzissis/cclyzer-souffle/tests/coreutils-8.24/chown.bc>:!1781	DW_TAG_member
</home/chrzissis/cclyzer-souffle/tests/coreutils-8.24/chown.bc>:!1782	DW_TAG_member
</home/chrzissis/cclyzer-souffle/tests/coreutils-8.24/chown.bc>:!1783	DW_TAG_member
</home/chrzissis/cclyzer-souffle/tests/coreutils-8.24/chown.bc>:!1784	DW_TAG_member
</home/chrzissis/cclyzer-souffle/tests/coreutils-8.24/chown.bc>:!1785	DW_TAG_member
</home/chrzissis/cclyzer-souffle/tests/coreutils-8.24/chown.bc>:!1786	DW_TAG_member
</home/chrzissis/cclyzer-souffle/tests/coreutils-8.24/chown.bc>:!1787	DW_TAG_member
</home/chrzissis/cclyzer-souffle/tests/coreutils-8.24/chown.bc>:!1788	DW_TAG_member
</home/chrzissis/cclyzer-souffle/tests/coreutils-8.24/chown.bc>:!1789	DW_TAG_member
</home/chrzissis/cclyzer-souffle/tests/coreutils-8.24/chown.bc>:!1790	DW_TAG_member
</home/chrzissis/cclyzer-souffle/tests/coreutils-8.24/chown.bc>:!1791	DW_TAG_member
</home/chrzissis/cclyzer-souffle/tests/coreutils-8.24/chown.bc>:!1801	DW_TAG_pointer_type
</home/chrzissis/cclyzer-souffle/tests/coreutils-8.24/chown.bc>:!1802	DW_TAG_typedef
</home/chrzissis/cclyzer-souffle/tests/coreutils-8.24/chown.bc>:!1805	DW_TAG_member
</home/chrzissis/cclyzer-souffle/tests/coreutils-8.24/chown.bc>:!1806	DW_TAG_member
</home/chrzissis/cclyzer-souffle/tests/coreutils-8.24/chown.bc>:!1807	DW_TAG_member
</home/chrzissis/cclyzer-souffle/tests/coreutils-8.24/chown.bc>:!1808	DW_TAG_member
</home/chrzissis/cclyzer-souffle/tests/coreutils-8.24/chown.bc>:!1809	DW_TAG_member
</home/chrzissis/cclyzer-souffle/tests/coreutils-8.24/chown.bc>:!1810	DW_TAG_member
</home/chrzissis/cclyzer-souffle/tests/coreutils-8.24/chown.bc>:!1811	DW_TAG_member
</home/chrzissis/cclyzer-souffle/tests/coreutils-8.24/chown.bc>:!1812	DW_TAG_member
</home/chrzissis/cclyzer-souffle/tests/coreutils-8.24/chown.bc>:!1813	DW_TAG_member
</home/chrzissis/cclyzer-souffle/tests/coreutils-8.24/chown.bc>:!1814	DW_TAG_member
</home/chrzissis/cclyzer-souffle/tests/coreutils-8.24/chown.bc>:!1815	DW_TAG_member
</home/chrzissis/cclyzer-souffle/tests/coreutils-8.24/chown.bc>:!1816	DW_TAG_member
</home/chrzissis/cclyzer-souffle/tests/coreutils-8.24/chown.bc>:!1817	DW_TAG_member
</home/chrzissis/cclyzer-souffle/tests/coreutils-8.24/chown.bc>:!1818	DW_TAG_pointer_type
</home/chrzissis/cclyzer-souffle/tests/coreutils-8.24/chown.bc>:!1821	DW_TAG_member
</home/chrzissis/cclyzer-souffle/tests/coreutils-8.24/chown.bc>:!1822	DW_TAG_member
</home/chrzissis/cclyzer-souffle/tests/coreutils-8.24/chown.bc>:!1823	DW_TAG_pointer_type
</home/chrzissis/cclyzer-souffle/tests/coreutils-8.24/chown.bc>:!1824	DW_TAG_member
</home/chrzissis/cclyzer-souffle/tests/coreutils-8.24/chown.bc>:!1825	DW_TAG_member
</home/chrzissis/cclyzer-souffle/tests/coreutils-8.24/chown.bc>:!1826	DW_TAG_member
</home/chrzissis/cclyzer-souffle/tests/coreutils-8.24/chown.bc>:!1827	DW_TAG_member
</home/chrzissis/cclyzer-souffle/tests/coreutils-8.24/chown.bc>:!1828	DW_TAG_member
</home/chrzissis/cclyzer-souffle/tests/coreutils-8.24/chown.bc>:!1829	DW_TAG_member
</home/chrzissis/cclyzer-souffle/tests/coreutils-8.24/chown.bc>:!1830	DW_TAG_member
</home/chrzissis/cclyzer-souffle/tests/coreutils-8.24/chown.bc>:!1831	DW_TAG_member
</home/chrzissis/cclyzer-souffle/tests/coreutils-8.24/chown.bc>:!1832	DW_TAG_member
</home/chrzissis/cclyzer-souffle/tests/coreutils-8.24/chown.bc>:!1833	DW_TAG_member
</home/chrzissis/cclyzer-souffle/tests/coreutils-8.24/chown.bc>:!1834	DW_TAG_member
</home/chrzissis/cclyzer-souffle/tests/coreutils-8.24/chown.bc>:!1835	DW_TAG_member
</home/chrzissis/cclyzer-souffle/tests/coreutils-8.24/chown.bc>:!1836	DW_TAG_member
</home/chrzissis/cclyzer-souffle/tests/coreutils-8.24/chown.bc>:!1837	DW_TAG_member
</home/chrzissis/cclyzer-souffle/tests/coreutils-8.24/chown.bc>:!1838	DW_TAG_member
</home/chrzissis/cclyzer-souffle/tests/coreutils-8.24/chown.bc>:!1839	DW_TAG_member
</home/chrzissis/cclyzer-souffle/tests/coreutils-8.24/chown.bc>:!1840	DW_TAG_member
</home/chrzissis/cclyzer-souffle/tests/coreutils-8.24/chown.bc>:!1841	DW_TAG_typedef
</home/chrzissis/cclyzer-souffle/tests/coreutils-8.24/chown.bc>:!1849	DW_TAG_typedef
</home/chrzissis/cclyzer-souffle/tests/coreutils-8.24/chown.bc>:!1854	DW_TAG_typedef
</home/chrzissis/cclyzer-souffle/tests/coreutils-8.24/chown.bc>:!1863	DW_TAG_typedef
</home/chrzissis/cclyzer-souffle/tests/coreutils-8.24/chown.bc>:!1868	DW_TAG_typedef
</home/chrzissis/cclyzer-souffle/tests/coreutils-8.24/chown.bc>:!40	DW_TAG_member
</home/chrzissis/cclyzer-souffle/tests/coreutils-8.24/chown.bc>:!46	DW_TAG_member
</home/chrzissis/cclyzer-souffle/tests/coreutils-8.24/chown.bc>:!52	DW_TAG_const_type
</home/chrzissis/cclyzer-souffle/tests/coreutils-8.24/chown.bc>:!55	DW_TAG_member
</home/chrzissis/cclyzer-souffle/tests/coreutils-8.24/chown.bc>:!56	DW_TAG_member
</home/chrzissis/cclyzer-souffle/tests/coreutils-8.24/chown.bc>:!61	DW_TAG_const_type
</home/chrzissis/cclyzer-souffle/tests/coreutils-8.24/chown.bc>:!65	DW_TAG_member
</home/chrzissis/cclyzer-souffle/tests/coreutils-8.24/chown.bc>:!66	DW_TAG_member
</home/chrzissis/cclyzer-souffle/tests/coreutils-8.24/chown.bc>:!67	DW_TAG_member
</home/chrzissis/cclyzer-souffle/tests/coreutils-8.24/chown.bc>:!69	DW_TAG_member
</home/chrzissis/cclyzer-souffle/tests/coreutils-8.24/chown.bc>:!279	DW_TAG_volatile_type
</home/chrzissis/cclyzer-souffle/tests/coreutils-8.24/chown.bc>:!460	DW_TAG_const_type
</home/chrzissis/cclyzer-souffle/tests/coreutils-8.24/chown.bc>:!468	DW_TAG_pointer_type
</home/chrzissis/cclyzer-souffle/tests/coreutils-8.24/chown.bc>:!471	DW_TAG_member
</home/chrzissis/cclyzer-souffle/tests/coreutils-8.24/chown.bc>:!472	DW_TAG_member
</home/chrzissis/cclyzer-souffle/tests/coreutils-8.24/chown.bc>:!1677	DW_TAG_volatile_type
</home/chrzissis/cclyzer-souffle/tests/coreutils-8.24/chown.bc>:!888	DW_TAG_pointer_type
</home/chrzissis/cclyzer-souffle/tests/coreutils-8.24/chown.bc>:!1012	DW_TAG_pointer_type
</home/chrzissis/cclyzer-souffle/tests/coreutils-8.24/chown.bc>:!1013	DW_TAG_const_type
</home/chrzissis/cclyzer-souffle/tests/coreutils-8.24/chown.bc>:!1946	DW_TAG_member
</home/chrzissis/cclyzer-souffle/tests/coreutils-8.24/chown.bc>:!1947	DW_TAG_member
</home/chrzissis/cclyzer-souffle/tests/coreutils-8.24/chown.bc>:!1948	DW_TAG_member
</home/chrzissis/cclyzer-souffle/tests/coreutils-8.24/chown.bc>:!1949	DW_TAG_pointer_type
</home/chrzissis/cclyzer-souffle/tests/coreutils-8.24/chown.bc>:!1950	DW_TAG_member
</home/chrzissis/cclyzer-souffle/tests/coreutils-8.24/chown.bc>:!1951	DW_TAG_member
</home/chrzissis/cclyzer-souffle/tests/coreutils-8.24/chown.bc>:!1952	DW_TAG_member
</home/chrzissis/cclyzer-souffle/tests/coreutils-8.24/chown.bc>:!1953	DW_TAG_member
</home/chrzissis/cclyzer-souffle/tests/coreutils-8.24/chown.bc>:!2076	DW_TAG_member
</home/chrzissis/cclyzer-souffle/tests/coreutils-8.24/chown.bc>:!2077	DW_TAG_member
</home/chrzissis/cclyzer-souffle/tests/coreutils-8.24/chown.bc>:!2078	DW_TAG_member
</home/chrzissis/cclyzer-souffle/tests/coreutils-8.24/chown.bc>:!2079	DW_TAG_member
</home/chrzissis/cclyzer-souffle/tests/coreutils-8.24/chown.bc>:!2080	DW_TAG_member
</home/chrzissis/cclyzer-souffle/tests/coreutils-8.24/chown.bc>:!2081	DW_TAG_member
</home/chrzissis/cclyzer-souffle/tests/coreutils-8.24/chown.bc>:!2082	DW_TAG_member
</home/chrzissis/cclyzer-souffle/tests/coreutils-8.24/chown.bc>:!2083	DW_TAG_member
</home/chrzissis/cclyzer-souffle/tests/coreutils-8.24/chown.bc>:!2084	DW_TAG_member
</home/chrzissis/cclyzer-souffle/tests/coreutils-8.24/chown.bc>:!2085	DW_TAG_member
</home/chrzissis/cclyzer-souffle/tests/coreutils-8.24/chown.bc>:!2086	DW_TAG_member
</home/chrzissis/cclyzer-souffle/tests/coreutils-8.24/chown.bc>:!2087	DW_TAG_member
</home/chrzissis/cclyzer-souffle/tests/coreutils-8.24/chown.bc>:!2090	DW_TAG_member
</home/chrzissis/cclyzer-souffle/tests/coreutils-8.24/chown.bc>:!2091	DW_TAG_member
</home/chrzissis/cclyzer-souffle/tests/coreutils-8.24/chown.bc>:!2092	DW_TAG_member
</home/chrzissis/cclyzer-souffle/tests/coreutils-8.24/chown.bc>:!2093	DW_TAG_member
</home/chrzissis/cclyzer-souffle/tests/coreutils-8.24/chown.bc>:!2094	DW_TAG_member
</home/chrzissis/cclyzer-souffle/tests/coreutils-8.24/chown.bc>:!2191	DW_TAG_pointer_type
</home/chrzissis/cclyzer-souffle/tests/coreutils-8.24/chown.bc>:!2279	DW_TAG_pointer_type
</home/chrzissis/cclyzer-souffle/tests/coreutils-8.24/chown.bc>:!2283	DW_TAG_member
</home/chrzissis/cclyzer-souffle/tests/coreutils-8.24/chown.bc>:!2284	DW_TAG_member
</home/chrzissis/cclyzer-souffle/tests/coreutils-8.24/chown.bc>:!2285	DW_TAG_member
</home/chrzissis/cclyzer-souffle/tests/coreutils-8.24/chown.bc>:!2286	DW_TAG_member
</home/chrzissis/cclyzer-souffle/tests/coreutils-8.24/chown.bc>:!2306	DW_TAG_pointer_type
</home/chrzissis/cclyzer-souffle/tests/coreutils-8.24/chown.bc>:!2310	DW_TAG_member
</home/chrzissis/cclyzer-souffle/tests/coreutils-8.24/chown.bc>:!2311	DW_TAG_member
</home/chrzissis/cclyzer-souffle/tests/coreutils-8.24/chown.bc>:!2312	DW_TAG_member
</home/chrzissis/cclyzer-souffle/tests/coreutils-8.24/chown.bc>:!2313	DW_TAG_member
</home/chrzissis/cclyzer-souffle/tests/coreutils-8.24/chown.bc>:!2314	DW_TAG_member
</home/chrzissis/cclyzer-souffle/tests/coreutils-8.24/chown.bc>:!2315	DW_TAG_member
</home/chrzissis/cclyzer-souffle/tests/coreutils-8.24/chown.bc>:!2316	DW_TAG_member
</home/chrzissis/cclyzer-souffle/tests/coreutils-8.24/chown.bc>:!3373	DW_TAG_pointer_type
</home/chrzissis/cclyzer-souffle/tests/coreutils-8.24/chown.bc>:!4348	DW_TAG_typedef
</home/chrzissis/cclyzer-souffle/tests/coreutils-8.24/chown.bc>:!4349	DW_TAG_typedef
</home/chrzissis/cclyzer-souffle/tests/coreutils-8.24/chown.bc>:!4352	DW_TAG_member
</home/chrzissis/cclyzer-souffle/tests/coreutils-8.24/chown.bc>:!4353	DW_TAG_member
</home/chrzissis/cclyzer-souffle/tests/coreutils-8.24/chown.bc>:!4356	DW_TAG_member
</home/chrzissis/cclyzer-souffle/tests/coreutils-8.24/chown.bc>:!4357	DW_TAG_member
</home/chrzissis/cclyzer-souffle/tests/coreutils-8.24/chown.bc>:!4895	DW_TAG_member
</home/chrzissis/cclyzer-souffle/tests/coreutils-8.24/chown.bc>:!4896	DW_TAG_member
</home/chrzissis/cclyzer-souffle/tests/coreutils-8.24/chown.bc>:!4897	DW_TAG_member
</home/chrzissis/cclyzer-souffle/tests/coreutils-8.24/chown.bc>:!4898	DW_TAG_member
</home/chrzissis/cclyzer-souffle/tests/coreutils-8.24/chown.bc>:!4899	DW_TAG_member
</home/chrzissis/cclyzer-souffle/tests/coreutils-8.24/chown.bc>:!4900	DW_TAG_member
</home/chrzissis/cclyzer-souffle/tests/coreutils-8.24/chown.bc>:!4901	DW_TAG_member
</home/chrzissis/cclyzer-souffle/tests/coreutils-8.24/chown.bc>:!4902	DW_TAG_member
</home/chrzissis/cclyzer-souffle/tests/coreutils-8.24/chown.bc>:!4903	DW_TAG_member
</home/chrzissis/cclyzer-souffle/tests/coreutils-8.24/chown.bc>:!4904	DW_TAG_member
</home/chrzissis/cclyzer-souffle/tests/coreutils-8.24/chown.bc>:!4905	DW_TAG_member
</home/chrzissis/cclyzer-souffle/tests/coreutils-8.24/chown.bc>:!4906	DW_TAG_member
</home/chrzissis/cclyzer-souffle/tests/coreutils-8.24/chown.bc>:!4909	DW_TAG_member
</home/chrzissis/cclyzer-souffle/tests/coreutils-8.24/chown.bc>:!4910	DW_TAG_member
</home/chrzissis/cclyzer-souffle/tests/coreutils-8.24/chown.bc>:!4911	DW_TAG_member
</home/chrzissis/cclyzer-souffle/tests/coreutils-8.24/chown.bc>:!4912	DW_TAG_member
</home/chrzissis/cclyzer-souffle/tests/coreutils-8.24/chown.bc>:!4913	DW_TAG_member
</home/chrzissis/cclyzer-souffle/tests/coreutils-8.24/chown.bc>:!5006	DW_TAG_pointer_type
</home/chrzissis/cclyzer-souffle/tests/coreutils-8.24/chown.bc>:!5009	DW_TAG_member
</home/chrzissis/cclyzer-souffle/tests/coreutils-8.24/chown.bc>:!5010	DW_TAG_member
</home/chrzissis/cclyzer-souffle/tests/coreutils-8.24/chown.bc>:!5011	DW_TAG_member
</home/chrzissis/cclyzer-souffle/tests/coreutils-8.24/chown.bc>:!5012	DW_TAG_member
</home/chrzissis/cclyzer-souffle/tests/coreutils-8.24/chown.bc>:!5013	DW_TAG_member
</home/chrzissis/cclyzer-souffle/tests/coreutils-8.24/chown.bc>:!5014	DW_TAG_member
</home/chrzissis/cclyzer-souffle/tests/coreutils-8.24/chown.bc>:!5015	DW_TAG_member
</home/chrzissis/cclyzer-souffle/tests/coreutils-8.24/chown.bc>:!5018	DW_TAG_pointer_type
</home/chrzissis/cclyzer-souffle/tests/coreutils-8.24/chown.bc>:!5021	DW_TAG_member
</home/chrzissis/cclyzer-souffle/tests/coreutils-8.24/chown.bc>:!5022	DW_TAG_member
</home/chrzissis/cclyzer-souffle/tests/coreutils-8.24/chown.bc>:!5023	DW_TAG_member
</home/chrzissis/cclyzer-souffle/tests/coreutils-8.24/chown.bc>:!5024	DW_TAG_member
</home/chrzissis/cclyzer-souffle/tests/coreutils-8.24/chown.bc>:!5525	DW_TAG_typedef
</home/chrzissis/cclyzer-souffle/tests/coreutils-8.24/chown.bc>:!5526	DW_TAG_typedef
</home/chrzissis/cclyzer-souffle/tests/coreutils-8.24/chown.bc>:!5528	DW_TAG_typedef
</home/chrzissis/cclyzer-souffle/tests/coreutils-8.24/chown.bc>:!7612	DW_TAG_pointer_type
</home/chrzissis/cclyzer-souffle/tests/coreutils-8.24/chown.bc>:!7867	DW_TAG_pointer_type
</home/chrzissis/cclyzer-souffle/tests/coreutils-8.24/chown.bc>:!7868	DW_TAG_const_type
</home/chrzissis/cclyzer-souffle/tests/coreutils-8.24/chown.bc>:!7881	DW_TAG_member
</home/chrzissis/cclyzer-souffle/tests/coreutils-8.24/chown.bc>:!7882	DW_TAG_member
</home/chrzissis/cclyzer-souffle/tests/coreutils-8.24/chown.bc>:!7883	DW_TAG_member
</home/chrzissis/cclyzer-souffle/tests/coreutils-8.24/chown.bc>:!8403	DW_TAG_pointer_type
</home/chrzissis/cclyzer-souffle/tests/coreutils-8.24/chown.bc>:!8407	DW_TAG_member
</home/chrzissis/cclyzer-souffle/tests/coreutils-8.24/chown.bc>:!8408	DW_TAG_member
</home/chrzissis/cclyzer-souffle/tests/coreutils-8.24/chown.bc>:!8409	DW_TAG_member
</home/chrzissis/cclyzer-souffle/tests/coreutils-8.24/chown.bc>:!8410	DW_TAG_member
</home/chrzissis/cclyzer-souffle/tests/coreutils-8.24/chown.bc>:!8411	DW_TAG_member
</home/chrzissis/cclyzer-souffle/tests/coreutils-8.24/chown.bc>:!8892	DW_TAG_pointer_type
</home/chrzissis/cclyzer-souffle/tests/coreutils-8.24/chown.bc>:!8893	DW_TAG_typedef
</home/chrzissis/cclyzer-souffle/tests/coreutils-8.24/chown.bc>:!8900	DW_TAG_member
</home/chrzissis/cclyzer-souffle/tests/coreutils-8.24/chown.bc>:!8901	DW_TAG_member
</home/chrzissis/cclyzer-souffle/tests/coreutils-8.24/chown.bc>:!8904	DW_TAG_pointer_type
</home/chrzissis/cclyzer-souffle/tests/coreutils-8.24/chown.bc>:!9006	DW_TAG_pointer_type
</home/chrzissis/cclyzer-souffle/tests/coreutils-8.24/chown.bc>:!9138	DW_TAG_pointer_type
</home/chrzissis/cclyzer-souffle/tests/coreutils-8.24/chown.bc>:!9139	DW_TAG_const_type
</home/chrzissis/cclyzer-souffle/tests/coreutils-8.24/chown.bc>:!9175	DW_TAG_pointer_type
</home/chrzissis/cclyzer-souffle/tests/coreutils-8.24/chown.bc>:!9176	DW_TAG_const_type
</home/chrzissis/cclyzer-souffle/tests/coreutils-8.24/chown.bc>:!9206	DW_TAG_member
</home/chrzissis/cclyzer-souffle/tests/coreutils-8.24/chown.bc>:!9207	DW_TAG_typedef
</home/chrzissis/cclyzer-souffle/tests/coreutils-8.24/chown.bc>:!9208	DW_TAG_member
</home/chrzissis/cclyzer-souffle/tests/coreutils-8.24/chown.bc>:!9209	DW_TAG_member
</home/chrzissis/cclyzer-souffle/tests/coreutils-8.24/chown.bc>:!9210	DW_TAG_typedef
</home/chrzissis/cclyzer-souffle/tests/coreutils-8.24/chown.bc>:!9211	DW_TAG_member
</home/chrzissis/cclyzer-souffle/tests/coreutils-8.24/chown.bc>:!9212	DW_TAG_member
</home/chrzissis/cclyzer-souffle/tests/coreutils-8.24/chown.bc>:!9213	DW_TAG_member
</home/chrzissis/cclyzer-souffle/tests/coreutils-8.24/chown.bc>:!9214	DW_TAG_typedef
</home/chrzissis/cclyzer-souffle/tests/coreutils-8.24/chown.bc>:!9215	DW_TAG_member
</home/chrzissis/cclyzer-souffle/tests/coreutils-8.24/chown.bc>:!9216	DW_TAG_member
</home/chrzissis/cclyzer-souffle/tests/coreutils-8.24/chown.bc>:!9217	DW_TAG_typedef
</home/chrzissis/cclyzer-souffle/tests/coreutils-8.24/chown.bc>:!9220	DW_TAG_member
</home/chrzissis/cclyzer-souffle/tests/coreutils-8.24/chown.bc>:!9224	DW_TAG_member
</home/chrzissis/cclyzer-souffle/tests/coreutils-8.24/chown.bc>:!9225	DW_TAG_member
</home/chrzissis/cclyzer-souffle/tests/coreutils-8.24/chown.bc>:!9226	DW_TAG_member
</home/chrzissis/cclyzer-souffle/tests/coreutils-8.24/chown.bc>:!9227	DW_TAG_member
</home/chrzissis/cclyzer-souffle/tests/coreutils-8.24/chown.bc>:!9293	DW_TAG_typedef
</home/chrzissis/cclyzer-souffle/tests/coreutils-8.24/chown.bc>:!9576	DW_TAG_const_type
</home/chrzissis/cclyzer-souffle/tests/coreutils-8.24/chown.bc>:!9688	DW_TAG_typedef
</home/chrzissis/cclyzer-souffle/tests/coreutils-8.24/chown.bc>:!9689	DW_TAG_typedef
</home/chrzissis/cclyzer-souffle/tests/coreutils-8.24/chown.bc>:!9691	DW_TAG_typedef
</home/chrzissis/cclyzer-souffle/tests/coreutils-8.24/chown.bc>:!9694	DW_TAG_member
</home/chrzissis/cclyzer-souffle/tests/coreutils-8.24/chown.bc>:!9695	DW_TAG_member
</home/chrzissis/cclyzer-souffle/tests/coreutils-8.24/chown.bc>:!9696	DW_TAG_member
</home/chrzissis/cclyzer-souffle/tests/coreutils-8.24/chown.bc>:!9697	DW_TAG_member
</home/chrzissis/cclyzer-souffle/tests/coreutils-8.24/chown.bc>:!11707	DW_TAG_pointer_type
</home/chrzissis/cclyzer-souffle/tests/coreutils-8.24/chown.bc>:!11708	DW_TAG_typedef
</home/chrzissis/cclyzer-souffle/tests/coreutils-8.24/chown.bc>:!11711	DW_TAG_member
</home/chrzissis/cclyzer-souffle/tests/coreutils-8.24/chown.bc>:!11712	DW_TAG_member
</home/chrzissis/cclyzer-souffle/tests/coreutils-8.24/chown.bc>:!11713	DW_TAG_member
</home/chrzissis/cclyzer-souffle/tests/coreutils-8.24/chown.bc>:!11714	DW_TAG_member
</home/chrzissis/cclyzer-souffle/tests/coreutils-8.24/chown.bc>:!11715	DW_TAG_member
</home/chrzissis/cclyzer-souffle/tests/coreutils-8.24/chown.bc>:!11716	DW_TAG_member
</home/chrzissis/cclyzer-souffle/tests/coreutils-8.24/chown.bc>:!11717	DW_TAG_member
</home/chrzissis/cclyzer-souffle/tests/coreutils-8.24/chown.bc>:!11718	DW_TAG_member
</home/chrzissis/cclyzer-souffle/tests/coreutils-8.24/chown.bc>:!11719	DW_TAG_member
</home/chrzissis/cclyzer-souffle/tests/coreutils-8.24/chown.bc>:!11720	DW_TAG_member
</home/chrzissis/cclyzer-souffle/tests/coreutils-8.24/chown.bc>:!11721	DW_TAG_member
</home/chrzissis/cclyzer-souffle/tests/coreutils-8.24/chown.bc>:!11722	DW_TAG_member
</home/chrzissis/cclyzer-souffle/tests/coreutils-8.24/chown.bc>:!11723	DW_TAG_member
</home/chrzissis/cclyzer-souffle/tests/coreutils-8.24/chown.bc>:!11724	DW_TAG_pointer_type
</home/chrzissis/cclyzer-souffle/tests/coreutils-8.24/chown.bc>:!11727	DW_TAG_member
</home/chrzissis/cclyzer-souffle/tests/coreutils-8.24/chown.bc>:!11728	DW_TAG_member
</home/chrzissis/cclyzer-souffle/tests/coreutils-8.24/chown.bc>:!11729	DW_TAG_pointer_type
</home/chrzissis/cclyzer-souffle/tests/coreutils-8.24/chown.bc>:!11730	DW_TAG_member
</home/chrzissis/cclyzer-souffle/tests/coreutils-8.24/chown.bc>:!11731	DW_TAG_member
</home/chrzissis/cclyzer-souffle/tests/coreutils-8.24/chown.bc>:!11732	DW_TAG_member
</home/chrzissis/cclyzer-souffle/tests/coreutils-8.24/chown.bc>:!11733	DW_TAG_member
</home/chrzissis/cclyzer-souffle/tests/coreutils-8.24/chown.bc>:!11734	DW_TAG_member
</home/chrzissis/cclyzer-souffle/tests/coreutils-8.24/chown.bc>:!11735	DW_TAG_member
</home/chrzissis/cclyzer-souffle/tests/coreutils-8.24/chown.bc>:!11736	DW_TAG_member
</home/chrzissis/cclyzer-souffle/tests/coreutils-8.24/chown.bc>:!11737	DW_TAG_member
</home/chrzissis/cclyzer-souffle/tests/coreutils-8.24/chown.bc>:!11738	DW_TAG_member
</home/chrzissis/cclyzer-souffle/tests/coreutils-8.24/chown.bc>:!11739	DW_TAG_member
</home/chrzissis/cclyzer-souffle/tests/coreutils-8.24/chown.bc>:!11740	DW_TAG_member
</home/chrzissis/cclyzer-souffle/tests/coreutils-8.24/chown.bc>:!11741	DW_TAG_member
</home/chrzissis/cclyzer-souffle/tests/coreutils-8.24/chown.bc>:!11742	DW_TAG_member
</home/chrzissis/cclyzer-souffle/tests/coreutils-8.24/chown.bc>:!11743	DW_TAG_member
</home/chrzissis/cclyzer-souffle/tests/coreutils-8.24/chown.bc>:!11744	DW_TAG_member
</home/chrzissis/cclyzer-souffle/tests/coreutils-8.24/chown.bc>:!11745	DW_TAG_member
</home/chrzissis/cclyzer-souffle/tests/coreutils-8.24/chown.bc>:!11746	DW_TAG_member
</home/chrzissis/cclyzer-souffle/tests/coreutils-8.24/chown.bc>:!11942	DW_TAG_typedef
</home/chrzissis/cclyzer-souffle/tests/coreutils-8.24/chown.bc>:!11943	DW_TAG_typedef
</home/chrzissis/cclyzer-souffle/tests/coreutils-8.24/chown.bc>:!11945	DW_TAG_typedef
</home/chrzissis/cclyzer-souffle/tests/coreutils-8.24/chown.bc>:!11948	DW_TAG_member
</home/chrzissis/cclyzer-souffle/tests/coreutils-8.24/chown.bc>:!11949	DW_TAG_member
</home/chrzissis/cclyzer-souffle/tests/coreutils-8.24/chown.bc>:!11950	DW_TAG_member
</home/chrzissis/cclyzer-souffle/tests/coreutils-8.24/chown.bc>:!11951	DW_TAG_member
</home/chrzissis/cclyzer-souffle/tests/coreutils-8.24/chown.bc>:!12059	DW_TAG_typedef
</home/chrzissis/cclyzer-souffle/tests/coreutils-8.24/chown.bc>:!12060	DW_TAG_typedef
</home/chrzissis/cclyzer-souffle/tests/coreutils-8.24/chown.bc>:!12062	DW_TAG_typedef
</home/chrzissis/cclyzer-souffle/tests/coreutils-8.24/chown.bc>:!12065	DW_TAG_member
</home/chrzissis/cclyzer-souffle/tests/coreutils-8.24/chown.bc>:!12066	DW_TAG_member
</home/chrzissis/cclyzer-souffle/tests/coreutils-8.24/chown.bc>:!12067	DW_TAG_member
</home/chrzissis/cclyzer-souffle/tests/coreutils-8.24/chown.bc>:!12068	DW_TAG_member
