</home/chrzissis/cclyzer-souffle/tests/coreutils-8.24/chown.bc>:!6	V_high
</home/chrzissis/cclyzer-souffle/tests/coreutils-8.24/chown.bc>:!7	V_changes_only
</home/chrzissis/cclyzer-souffle/tests/coreutils-8.24/chown.bc>:!8	V_off
</home/chrzissis/cclyzer-souffle/tests/coreutils-8.24/chown.bc>:!77	RC_ok
</home/chrzissis/cclyzer-souffle/tests/coreutils-8.24/chown.bc>:!78	RC_excluded
</home/chrzissis/cclyzer-souffle/tests/coreutils-8.24/chown.bc>:!79	RC_inode_changed
</home/chrzissis/cclyzer-souffle/tests/coreutils-8.24/chown.bc>:!80	RC_do_ordinary_chown
</home/chrzissis/cclyzer-souffle/tests/coreutils-8.24/chown.bc>:!81	RC_error
</home/chrzissis/cclyzer-souffle/tests/coreutils-8.24/chown.bc>:!84	CH_NOT_APPLIED
</home/chrzissis/cclyzer-souffle/tests/coreutils-8.24/chown.bc>:!85	CH_SUCCEEDED
</home/chrzissis/cclyzer-souffle/tests/coreutils-8.24/chown.bc>:!86	CH_FAILED
</home/chrzissis/cclyzer-souffle/tests/coreutils-8.24/chown.bc>:!87	CH_NO_CHANGE_REQUESTED
</home/chrzissis/cclyzer-souffle/tests/coreutils-8.24/chown.bc>:!311	literal_quoting_style
</home/chrzissis/cclyzer-souffle/tests/coreutils-8.24/chown.bc>:!312	shell_quoting_style
</home/chrzissis/cclyzer-souffle/tests/coreutils-8.24/chown.bc>:!313	shell_always_quoting_style
</home/chrzissis/cclyzer-souffle/tests/coreutils-8.24/chown.bc>:!314	c_quoting_style
</home/chrzissis/cclyzer-souffle/tests/coreutils-8.24/chown.bc>:!315	c_maybe_quoting_style
</home/chrzissis/cclyzer-souffle/tests/coreutils-8.24/chown.bc>:!316	escape_quoting_style
</home/chrzissis/cclyzer-souffle/tests/coreutils-8.24/chown.bc>:!317	locale_quoting_style
</home/chrzissis/cclyzer-souffle/tests/coreutils-8.24/chown.bc>:!318	clocale_quoting_style
</home/chrzissis/cclyzer-souffle/tests/coreutils-8.24/chown.bc>:!319	custom_quoting_style
</home/chrzissis/cclyzer-souffle/tests/coreutils-8.24/chown.bc>:!492	LONGINT_OK
</home/chrzissis/cclyzer-souffle/tests/coreutils-8.24/chown.bc>:!493	LONGINT_OVERFLOW
</home/chrzissis/cclyzer-souffle/tests/coreutils-8.24/chown.bc>:!494	LONGINT_INVALID_SUFFIX_CHAR
</home/chrzissis/cclyzer-souffle/tests/coreutils-8.24/chown.bc>:!495	LONGINT_INVALID_SUFFIX_CHAR_WITH_OVERFLOW
</home/chrzissis/cclyzer-souffle/tests/coreutils-8.24/chown.bc>:!496	LONGINT_INVALID
</home/chrzissis/cclyzer-souffle/tests/coreutils-8.24/chown.bc>:!322	QA_ELIDE_NULL_BYTES
</home/chrzissis/cclyzer-souffle/tests/coreutils-8.24/chown.bc>:!323	QA_ELIDE_OUTER_QUOTES
</home/chrzissis/cclyzer-souffle/tests/coreutils-8.24/chown.bc>:!324	QA_SPLIT_TRIGRAPHS
</home/chrzissis/cclyzer-souffle/tests/coreutils-8.24/chown.bc>:!328	_ISupper
</home/chrzissis/cclyzer-souffle/tests/coreutils-8.24/chown.bc>:!329	_ISlower
</home/chrzissis/cclyzer-souffle/tests/coreutils-8.24/chown.bc>:!330	_ISalpha
</home/chrzissis/cclyzer-souffle/tests/coreutils-8.24/chown.bc>:!331	_ISdigit
</home/chrzissis/cclyzer-souffle/tests/coreutils-8.24/chown.bc>:!332	_ISxdigit
</home/chrzissis/cclyzer-souffle/tests/coreutils-8.24/chown.bc>:!333	_ISspace
</home/chrzissis/cclyzer-souffle/tests/coreutils-8.24/chown.bc>:!334	_ISprint
</home/chrzissis/cclyzer-souffle/tests/coreutils-8.24/chown.bc>:!335	_ISgraph
</home/chrzissis/cclyzer-souffle/tests/coreutils-8.24/chown.bc>:!336	_ISblank
</home/chrzissis/cclyzer-souffle/tests/coreutils-8.24/chown.bc>:!337	_IScntrl
</home/chrzissis/cclyzer-souffle/tests/coreutils-8.24/chown.bc>:!338	_ISpunct
</home/chrzissis/cclyzer-souffle/tests/coreutils-8.24/chown.bc>:!339	_ISalnum
</home/chrzissis/cclyzer-souffle/tests/coreutils-8.24/chown.bc>:!516	COPYRIGHT_YEAR
</home/chrzissis/cclyzer-souffle/tests/coreutils-8.24/chown.bc>:!607	DEFAULT_MXFAST
</home/chrzissis/cclyzer-souffle/tests/coreutils-8.24/chown.bc>:!768	FTS_NO_STAT_REQUIRED
</home/chrzissis/cclyzer-souffle/tests/coreutils-8.24/chown.bc>:!769	FTS_STAT_REQUIRED
</home/chrzissis/cclyzer-souffle/tests/coreutils-8.24/chown.bc>:!869	HT_INITIAL_SIZE
</home/chrzissis/cclyzer-souffle/tests/coreutils-8.24/chown.bc>:!872	LCO_HT_INITIAL_SIZE
</home/chrzissis/cclyzer-souffle/tests/coreutils-8.24/chown.bc>:!875	DT_UNKNOWN
</home/chrzissis/cclyzer-souffle/tests/coreutils-8.24/chown.bc>:!876	DT_FIFO
</home/chrzissis/cclyzer-souffle/tests/coreutils-8.24/chown.bc>:!877	DT_CHR
</home/chrzissis/cclyzer-souffle/tests/coreutils-8.24/chown.bc>:!878	DT_DIR
</home/chrzissis/cclyzer-souffle/tests/coreutils-8.24/chown.bc>:!879	DT_BLK
</home/chrzissis/cclyzer-souffle/tests/coreutils-8.24/chown.bc>:!880	DT_REG
</home/chrzissis/cclyzer-souffle/tests/coreutils-8.24/chown.bc>:!881	DT_LNK
</home/chrzissis/cclyzer-souffle/tests/coreutils-8.24/chown.bc>:!882	DT_SOCK
</home/chrzissis/cclyzer-souffle/tests/coreutils-8.24/chown.bc>:!883	DT_WHT
</home/chrzissis/cclyzer-souffle/tests/coreutils-8.24/chown.bc>:!886	_FTS_INODE_SORT_DIR_ENTRIES_THRESHOLD
</home/chrzissis/cclyzer-souffle/tests/coreutils-8.24/chown.bc>:!1304	I_RING_SIZE
</home/chrzissis/cclyzer-souffle/tests/coreutils-8.24/chown.bc>:!1335	ABDAY_1
</home/chrzissis/cclyzer-souffle/tests/coreutils-8.24/chown.bc>:!1336	ABDAY_2
</home/chrzissis/cclyzer-souffle/tests/coreutils-8.24/chown.bc>:!1337	ABDAY_3
</home/chrzissis/cclyzer-souffle/tests/coreutils-8.24/chown.bc>:!1338	ABDAY_4
</home/chrzissis/cclyzer-souffle/tests/coreutils-8.24/chown.bc>:!1339	ABDAY_5
</home/chrzissis/cclyzer-souffle/tests/coreutils-8.24/chown.bc>:!1340	ABDAY_6
</home/chrzissis/cclyzer-souffle/tests/coreutils-8.24/chown.bc>:!1341	ABDAY_7
</home/chrzissis/cclyzer-souffle/tests/coreutils-8.24/chown.bc>:!1342	DAY_1
</home/chrzissis/cclyzer-souffle/tests/coreutils-8.24/chown.bc>:!1343	DAY_2
</home/chrzissis/cclyzer-souffle/tests/coreutils-8.24/chown.bc>:!1344	DAY_3
</home/chrzissis/cclyzer-souffle/tests/coreutils-8.24/chown.bc>:!1345	DAY_4
</home/chrzissis/cclyzer-souffle/tests/coreutils-8.24/chown.bc>:!1346	DAY_5
</home/chrzissis/cclyzer-souffle/tests/coreutils-8.24/chown.bc>:!1347	DAY_6
</home/chrzissis/cclyzer-souffle/tests/coreutils-8.24/chown.bc>:!1348	DAY_7
</home/chrzissis/cclyzer-souffle/tests/coreutils-8.24/chown.bc>:!1349	ABMON_1
</home/chrzissis/cclyzer-souffle/tests/coreutils-8.24/chown.bc>:!1350	ABMON_2
</home/chrzissis/cclyzer-souffle/tests/coreutils-8.24/chown.bc>:!1351	ABMON_3
</home/chrzissis/cclyzer-souffle/tests/coreutils-8.24/chown.bc>:!1352	ABMON_4
</home/chrzissis/cclyzer-souffle/tests/coreutils-8.24/chown.bc>:!1353	ABMON_5
</home/chrzissis/cclyzer-souffle/tests/coreutils-8.24/chown.bc>:!1354	ABMON_6
</home/chrzissis/cclyzer-souffle/tests/coreutils-8.24/chown.bc>:!1355	ABMON_7
</home/chrzissis/cclyzer-souffle/tests/coreutils-8.24/chown.bc>:!1356	ABMON_8
</home/chrzissis/cclyzer-souffle/tests/coreutils-8.24/chown.bc>:!1357	ABMON_9
</home/chrzissis/cclyzer-souffle/tests/coreutils-8.24/chown.bc>:!1358	ABMON_10
</home/chrzissis/cclyzer-souffle/tests/coreutils-8.24/chown.bc>:!1359	ABMON_11
</home/chrzissis/cclyzer-souffle/tests/coreutils-8.24/chown.bc>:!1360	ABMON_12
</home/chrzissis/cclyzer-souffle/tests/coreutils-8.24/chown.bc>:!1361	MON_1
</home/chrzissis/cclyzer-souffle/tests/coreutils-8.24/chown.bc>:!1362	MON_2
</home/chrzissis/cclyzer-souffle/tests/coreutils-8.24/chown.bc>:!1363	MON_3
</home/chrzissis/cclyzer-souffle/tests/coreutils-8.24/chown.bc>:!1364	MON_4
</home/chrzissis/cclyzer-souffle/tests/coreutils-8.24/chown.bc>:!1365	MON_5
</home/chrzissis/cclyzer-souffle/tests/coreutils-8.24/chown.bc>:!1366	MON_6
</home/chrzissis/cclyzer-souffle/tests/coreutils-8.24/chown.bc>:!1367	MON_7
</home/chrzissis/cclyzer-souffle/tests/coreutils-8.24/chown.bc>:!1368	MON_8
</home/chrzissis/cclyzer-souffle/tests/coreutils-8.24/chown.bc>:!1369	MON_9
</home/chrzissis/cclyzer-souffle/tests/coreutils-8.24/chown.bc>:!1370	MON_10
</home/chrzissis/cclyzer-souffle/tests/coreutils-8.24/chown.bc>:!1371	MON_11
</home/chrzissis/cclyzer-souffle/tests/coreutils-8.24/chown.bc>:!1372	MON_12
</home/chrzissis/cclyzer-souffle/tests/coreutils-8.24/chown.bc>:!1373	AM_STR
</home/chrzissis/cclyzer-souffle/tests/coreutils-8.24/chown.bc>:!1374	PM_STR
</home/chrzissis/cclyzer-souffle/tests/coreutils-8.24/chown.bc>:!1375	D_T_FMT
</home/chrzissis/cclyzer-souffle/tests/coreutils-8.24/chown.bc>:!1376	D_FMT
</home/chrzissis/cclyzer-souffle/tests/coreutils-8.24/chown.bc>:!1377	T_FMT
</home/chrzissis/cclyzer-souffle/tests/coreutils-8.24/chown.bc>:!1378	T_FMT_AMPM
</home/chrzissis/cclyzer-souffle/tests/coreutils-8.24/chown.bc>:!1379	ERA
</home/chrzissis/cclyzer-souffle/tests/coreutils-8.24/chown.bc>:!1380	__ERA_YEAR
</home/chrzissis/cclyzer-souffle/tests/coreutils-8.24/chown.bc>:!1381	ERA_D_FMT
</home/chrzissis/cclyzer-souffle/tests/coreutils-8.24/chown.bc>:!1382	ALT_DIGITS
</home/chrzissis/cclyzer-souffle/tests/coreutils-8.24/chown.bc>:!1383	ERA_D_T_FMT
</home/chrzissis/cclyzer-souffle/tests/coreutils-8.24/chown.bc>:!1384	ERA_T_FMT
</home/chrzissis/cclyzer-souffle/tests/coreutils-8.24/chown.bc>:!1385	_NL_TIME_ERA_NUM_ENTRIES
</home/chrzissis/cclyzer-souffle/tests/coreutils-8.24/chown.bc>:!1386	_NL_TIME_ERA_ENTRIES
</home/chrzissis/cclyzer-souffle/tests/coreutils-8.24/chown.bc>:!1387	_NL_WABDAY_1
</home/chrzissis/cclyzer-souffle/tests/coreutils-8.24/chown.bc>:!1388	_NL_WABDAY_2
</home/chrzissis/cclyzer-souffle/tests/coreutils-8.24/chown.bc>:!1389	_NL_WABDAY_3
</home/chrzissis/cclyzer-souffle/tests/coreutils-8.24/chown.bc>:!1390	_NL_WABDAY_4
</home/chrzissis/cclyzer-souffle/tests/coreutils-8.24/chown.bc>:!1391	_NL_WABDAY_5
</home/chrzissis/cclyzer-souffle/tests/coreutils-8.24/chown.bc>:!1392	_NL_WABDAY_6
</home/chrzissis/cclyzer-souffle/tests/coreutils-8.24/chown.bc>:!1393	_NL_WABDAY_7
</home/chrzissis/cclyzer-souffle/tests/coreutils-8.24/chown.bc>:!1394	_NL_WDAY_1
</home/chrzissis/cclyzer-souffle/tests/coreutils-8.24/chown.bc>:!1395	_NL_WDAY_2
</home/chrzissis/cclyzer-souffle/tests/coreutils-8.24/chown.bc>:!1396	_NL_WDAY_3
</home/chrzissis/cclyzer-souffle/tests/coreutils-8.24/chown.bc>:!1397	_NL_WDAY_4
</home/chrzissis/cclyzer-souffle/tests/coreutils-8.24/chown.bc>:!1398	_NL_WDAY_5
</home/chrzissis/cclyzer-souffle/tests/coreutils-8.24/chown.bc>:!1399	_NL_WDAY_6
</home/chrzissis/cclyzer-souffle/tests/coreutils-8.24/chown.bc>:!1400	_NL_WDAY_7
</home/chrzissis/cclyzer-souffle/tests/coreutils-8.24/chown.bc>:!1401	_NL_WABMON_1
</home/chrzissis/cclyzer-souffle/tests/coreutils-8.24/chown.bc>:!1402	_NL_WABMON_2
</home/chrzissis/cclyzer-souffle/tests/coreutils-8.24/chown.bc>:!1403	_NL_WABMON_3
</home/chrzissis/cclyzer-souffle/tests/coreutils-8.24/chown.bc>:!1404	_NL_WABMON_4
</home/chrzissis/cclyzer-souffle/tests/coreutils-8.24/chown.bc>:!1405	_NL_WABMON_5
</home/chrzissis/cclyzer-souffle/tests/coreutils-8.24/chown.bc>:!1406	_NL_WABMON_6
</home/chrzissis/cclyzer-souffle/tests/coreutils-8.24/chown.bc>:!1407	_NL_WABMON_7
</home/chrzissis/cclyzer-souffle/tests/coreutils-8.24/chown.bc>:!1408	_NL_WABMON_8
</home/chrzissis/cclyzer-souffle/tests/coreutils-8.24/chown.bc>:!1409	_NL_WABMON_9
</home/chrzissis/cclyzer-souffle/tests/coreutils-8.24/chown.bc>:!1410	_NL_WABMON_10
</home/chrzissis/cclyzer-souffle/tests/coreutils-8.24/chown.bc>:!1411	_NL_WABMON_11
</home/chrzissis/cclyzer-souffle/tests/coreutils-8.24/chown.bc>:!1412	_NL_WABMON_12
</home/chrzissis/cclyzer-souffle/tests/coreutils-8.24/chown.bc>:!1413	_NL_WMON_1
</home/chrzissis/cclyzer-souffle/tests/coreutils-8.24/chown.bc>:!1414	_NL_WMON_2
</home/chrzissis/cclyzer-souffle/tests/coreutils-8.24/chown.bc>:!1415	_NL_WMON_3
</home/chrzissis/cclyzer-souffle/tests/coreutils-8.24/chown.bc>:!1416	_NL_WMON_4
</home/chrzissis/cclyzer-souffle/tests/coreutils-8.24/chown.bc>:!1417	_NL_WMON_5
</home/chrzissis/cclyzer-souffle/tests/coreutils-8.24/chown.bc>:!1418	_NL_WMON_6
</home/chrzissis/cclyzer-souffle/tests/coreutils-8.24/chown.bc>:!1419	_NL_WMON_7
</home/chrzissis/cclyzer-souffle/tests/coreutils-8.24/chown.bc>:!1420	_NL_WMON_8
</home/chrzissis/cclyzer-souffle/tests/coreutils-8.24/chown.bc>:!1421	_NL_WMON_9
</home/chrzissis/cclyzer-souffle/tests/coreutils-8.24/chown.bc>:!1422	_NL_WMON_10
</home/chrzissis/cclyzer-souffle/tests/coreutils-8.24/chown.bc>:!1423	_NL_WMON_11
</home/chrzissis/cclyzer-souffle/tests/coreutils-8.24/chown.bc>:!1424	_NL_WMON_12
</home/chrzissis/cclyzer-souffle/tests/coreutils-8.24/chown.bc>:!1425	_NL_WAM_STR
</home/chrzissis/cclyzer-souffle/tests/coreutils-8.24/chown.bc>:!1426	_NL_WPM_STR
</home/chrzissis/cclyzer-souffle/tests/coreutils-8.24/chown.bc>:!1427	_NL_WD_T_FMT
</home/chrzissis/cclyzer-souffle/tests/coreutils-8.24/chown.bc>:!1428	_NL_WD_FMT
</home/chrzissis/cclyzer-souffle/tests/coreutils-8.24/chown.bc>:!1429	_NL_WT_FMT
</home/chrzissis/cclyzer-souffle/tests/coreutils-8.24/chown.bc>:!1430	_NL_WT_FMT_AMPM
</home/chrzissis/cclyzer-souffle/tests/coreutils-8.24/chown.bc>:!1431	_NL_WERA_YEAR
</home/chrzissis/cclyzer-souffle/tests/coreutils-8.24/chown.bc>:!1432	_NL_WERA_D_FMT
</home/chrzissis/cclyzer-souffle/tests/coreutils-8.24/chown.bc>:!1433	_NL_WALT_DIGITS
</home/chrzissis/cclyzer-souffle/tests/coreutils-8.24/chown.bc>:!1434	_NL_WERA_D_T_FMT
</home/chrzissis/cclyzer-souffle/tests/coreutils-8.24/chown.bc>:!1435	_NL_WERA_T_FMT
</home/chrzissis/cclyzer-souffle/tests/coreutils-8.24/chown.bc>:!1436	_NL_TIME_WEEK_NDAYS
</home/chrzissis/cclyzer-souffle/tests/coreutils-8.24/chown.bc>:!1437	_NL_TIME_WEEK_1STDAY
</home/chrzissis/cclyzer-souffle/tests/coreutils-8.24/chown.bc>:!1438	_NL_TIME_WEEK_1STWEEK
</home/chrzissis/cclyzer-souffle/tests/coreutils-8.24/chown.bc>:!1439	_NL_TIME_FIRST_WEEKDAY
</home/chrzissis/cclyzer-souffle/tests/coreutils-8.24/chown.bc>:!1440	_NL_TIME_FIRST_WORKDAY
</home/chrzissis/cclyzer-souffle/tests/coreutils-8.24/chown.bc>:!1441	_NL_TIME_CAL_DIRECTION
</home/chrzissis/cclyzer-souffle/tests/coreutils-8.24/chown.bc>:!1442	_NL_TIME_TIMEZONE
</home/chrzissis/cclyzer-souffle/tests/coreutils-8.24/chown.bc>:!1443	_DATE_FMT
</home/chrzissis/cclyzer-souffle/tests/coreutils-8.24/chown.bc>:!1444	_NL_W_DATE_FMT
</home/chrzissis/cclyzer-souffle/tests/coreutils-8.24/chown.bc>:!1445	_NL_TIME_CODESET
</home/chrzissis/cclyzer-souffle/tests/coreutils-8.24/chown.bc>:!1446	_NL_NUM_LC_TIME
</home/chrzissis/cclyzer-souffle/tests/coreutils-8.24/chown.bc>:!1447	_NL_COLLATE_NRULES
</home/chrzissis/cclyzer-souffle/tests/coreutils-8.24/chown.bc>:!1448	_NL_COLLATE_RULESETS
</home/chrzissis/cclyzer-souffle/tests/coreutils-8.24/chown.bc>:!1449	_NL_COLLATE_TABLEMB
</home/chrzissis/cclyzer-souffle/tests/coreutils-8.24/chown.bc>:!1450	_NL_COLLATE_WEIGHTMB
</home/chrzissis/cclyzer-souffle/tests/coreutils-8.24/chown.bc>:!1451	_NL_COLLATE_EXTRAMB
</home/chrzissis/cclyzer-souffle/tests/coreutils-8.24/chown.bc>:!1452	_NL_COLLATE_INDIRECTMB
</home/chrzissis/cclyzer-souffle/tests/coreutils-8.24/chown.bc>:!1453	_NL_COLLATE_GAP1
</home/chrzissis/cclyzer-souffle/tests/coreutils-8.24/chown.bc>:!1454	_NL_COLLATE_GAP2
</home/chrzissis/cclyzer-souffle/tests/coreutils-8.24/chown.bc>:!1455	_NL_COLLATE_GAP3
</home/chrzissis/cclyzer-souffle/tests/coreutils-8.24/chown.bc>:!1456	_NL_COLLATE_TABLEWC
</home/chrzissis/cclyzer-souffle/tests/coreutils-8.24/chown.bc>:!1457	_NL_COLLATE_WEIGHTWC
</home/chrzissis/cclyzer-souffle/tests/coreutils-8.24/chown.bc>:!1458	_NL_COLLATE_EXTRAWC
</home/chrzissis/cclyzer-souffle/tests/coreutils-8.24/chown.bc>:!1459	_NL_COLLATE_INDIRECTWC
</home/chrzissis/cclyzer-souffle/tests/coreutils-8.24/chown.bc>:!1460	_NL_COLLATE_SYMB_HASH_SIZEMB
</home/chrzissis/cclyzer-souffle/tests/coreutils-8.24/chown.bc>:!1461	_NL_COLLATE_SYMB_TABLEMB
</home/chrzissis/cclyzer-souffle/tests/coreutils-8.24/chown.bc>:!1462	_NL_COLLATE_SYMB_EXTRAMB
</home/chrzissis/cclyzer-souffle/tests/coreutils-8.24/chown.bc>:!1463	_NL_COLLATE_COLLSEQMB
</home/chrzissis/cclyzer-souffle/tests/coreutils-8.24/chown.bc>:!1464	_NL_COLLATE_COLLSEQWC
</home/chrzissis/cclyzer-souffle/tests/coreutils-8.24/chown.bc>:!1465	_NL_COLLATE_CODESET
</home/chrzissis/cclyzer-souffle/tests/coreutils-8.24/chown.bc>:!1466	_NL_NUM_LC_COLLATE
</home/chrzissis/cclyzer-souffle/tests/coreutils-8.24/chown.bc>:!1467	_NL_CTYPE_CLASS
</home/chrzissis/cclyzer-souffle/tests/coreutils-8.24/chown.bc>:!1468	_NL_CTYPE_TOUPPER
</home/chrzissis/cclyzer-souffle/tests/coreutils-8.24/chown.bc>:!1469	_NL_CTYPE_GAP1
</home/chrzissis/cclyzer-souffle/tests/coreutils-8.24/chown.bc>:!1470	_NL_CTYPE_TOLOWER
</home/chrzissis/cclyzer-souffle/tests/coreutils-8.24/chown.bc>:!1471	_NL_CTYPE_GAP2
</home/chrzissis/cclyzer-souffle/tests/coreutils-8.24/chown.bc>:!1472	_NL_CTYPE_CLASS32
</home/chrzissis/cclyzer-souffle/tests/coreutils-8.24/chown.bc>:!1473	_NL_CTYPE_GAP3
</home/chrzissis/cclyzer-souffle/tests/coreutils-8.24/chown.bc>:!1474	_NL_CTYPE_GAP4
</home/chrzissis/cclyzer-souffle/tests/coreutils-8.24/chown.bc>:!1475	_NL_CTYPE_GAP5
</home/chrzissis/cclyzer-souffle/tests/coreutils-8.24/chown.bc>:!1476	_NL_CTYPE_GAP6
</home/chrzissis/cclyzer-souffle/tests/coreutils-8.24/chown.bc>:!1477	_NL_CTYPE_CLASS_NAMES
</home/chrzissis/cclyzer-souffle/tests/coreutils-8.24/chown.bc>:!1478	_NL_CTYPE_MAP_NAMES
</home/chrzissis/cclyzer-souffle/tests/coreutils-8.24/chown.bc>:!1479	_NL_CTYPE_WIDTH
</home/chrzissis/cclyzer-souffle/tests/coreutils-8.24/chown.bc>:!1480	_NL_CTYPE_MB_CUR_MAX
</home/chrzissis/cclyzer-souffle/tests/coreutils-8.24/chown.bc>:!1481	_NL_CTYPE_CODESET_NAME
</home/chrzissis/cclyzer-souffle/tests/coreutils-8.24/chown.bc>:!1482	CODESET
</home/chrzissis/cclyzer-souffle/tests/coreutils-8.24/chown.bc>:!1483	_NL_CTYPE_TOUPPER32
</home/chrzissis/cclyzer-souffle/tests/coreutils-8.24/chown.bc>:!1484	_NL_CTYPE_TOLOWER32
</home/chrzissis/cclyzer-souffle/tests/coreutils-8.24/chown.bc>:!1485	_NL_CTYPE_CLASS_OFFSET
</home/chrzissis/cclyzer-souffle/tests/coreutils-8.24/chown.bc>:!1486	_NL_CTYPE_MAP_OFFSET
</home/chrzissis/cclyzer-souffle/tests/coreutils-8.24/chown.bc>:!1487	_NL_CTYPE_INDIGITS_MB_LEN
</home/chrzissis/cclyzer-souffle/tests/coreutils-8.24/chown.bc>:!1488	_NL_CTYPE_INDIGITS0_MB
</home/chrzissis/cclyzer-souffle/tests/coreutils-8.24/chown.bc>:!1489	_NL_CTYPE_INDIGITS1_MB
</home/chrzissis/cclyzer-souffle/tests/coreutils-8.24/chown.bc>:!1490	_NL_CTYPE_INDIGITS2_MB
</home/chrzissis/cclyzer-souffle/tests/coreutils-8.24/chown.bc>:!1491	_NL_CTYPE_INDIGITS3_MB
</home/chrzissis/cclyzer-souffle/tests/coreutils-8.24/chown.bc>:!1492	_NL_CTYPE_INDIGITS4_MB
</home/chrzissis/cclyzer-souffle/tests/coreutils-8.24/chown.bc>:!1493	_NL_CTYPE_INDIGITS5_MB
</home/chrzissis/cclyzer-souffle/tests/coreutils-8.24/chown.bc>:!1494	_NL_CTYPE_INDIGITS6_MB
</home/chrzissis/cclyzer-souffle/tests/coreutils-8.24/chown.bc>:!1495	_NL_CTYPE_INDIGITS7_MB
</home/chrzissis/cclyzer-souffle/tests/coreutils-8.24/chown.bc>:!1496	_NL_CTYPE_INDIGITS8_MB
</home/chrzissis/cclyzer-souffle/tests/coreutils-8.24/chown.bc>:!1497	_NL_CTYPE_INDIGITS9_MB
</home/chrzissis/cclyzer-souffle/tests/coreutils-8.24/chown.bc>:!1498	_NL_CTYPE_INDIGITS_WC_LEN
</home/chrzissis/cclyzer-souffle/tests/coreutils-8.24/chown.bc>:!1499	_NL_CTYPE_INDIGITS0_WC
</home/chrzissis/cclyzer-souffle/tests/coreutils-8.24/chown.bc>:!1500	_NL_CTYPE_INDIGITS1_WC
</home/chrzissis/cclyzer-souffle/tests/coreutils-8.24/chown.bc>:!1501	_NL_CTYPE_INDIGITS2_WC
</home/chrzissis/cclyzer-souffle/tests/coreutils-8.24/chown.bc>:!1502	_NL_CTYPE_INDIGITS3_WC
</home/chrzissis/cclyzer-souffle/tests/coreutils-8.24/chown.bc>:!1503	_NL_CTYPE_INDIGITS4_WC
</home/chrzissis/cclyzer-souffle/tests/coreutils-8.24/chown.bc>:!1504	_NL_CTYPE_INDIGITS5_WC
</home/chrzissis/cclyzer-souffle/tests/coreutils-8.24/chown.bc>:!1505	_NL_CTYPE_INDIGITS6_WC
</home/chrzissis/cclyzer-souffle/tests/coreutils-8.24/chown.bc>:!1506	_NL_CTYPE_INDIGITS7_WC
</home/chrzissis/cclyzer-souffle/tests/coreutils-8.24/chown.bc>:!1507	_NL_CTYPE_INDIGITS8_WC
</home/chrzissis/cclyzer-souffle/tests/coreutils-8.24/chown.bc>:!1508	_NL_CTYPE_INDIGITS9_WC
</home/chrzissis/cclyzer-souffle/tests/coreutils-8.24/chown.bc>:!1509	_NL_CTYPE_OUTDIGIT0_MB
</home/chrzissis/cclyzer-souffle/tests/coreutils-8.24/chown.bc>:!1510	_NL_CTYPE_OUTDIGIT1_MB
</home/chrzissis/cclyzer-souffle/tests/coreutils-8.24/chown.bc>:!1511	_NL_CTYPE_OUTDIGIT2_MB
</home/chrzissis/cclyzer-souffle/tests/coreutils-8.24/chown.bc>:!1512	_NL_CTYPE_OUTDIGIT3_MB
</home/chrzissis/cclyzer-souffle/tests/coreutils-8.24/chown.bc>:!1513	_NL_CTYPE_OUTDIGIT4_MB
</home/chrzissis/cclyzer-souffle/tests/coreutils-8.24/chown.bc>:!1514	_NL_CTYPE_OUTDIGIT5_MB
</home/chrzissis/cclyzer-souffle/tests/coreutils-8.24/chown.bc>:!1515	_NL_CTYPE_OUTDIGIT6_MB
</home/chrzissis/cclyzer-souffle/tests/coreutils-8.24/chown.bc>:!1516	_NL_CTYPE_OUTDIGIT7_MB
</home/chrzissis/cclyzer-souffle/tests/coreutils-8.24/chown.bc>:!1517	_NL_CTYPE_OUTDIGIT8_MB
</home/chrzissis/cclyzer-souffle/tests/coreutils-8.24/chown.bc>:!1518	_NL_CTYPE_OUTDIGIT9_MB
</home/chrzissis/cclyzer-souffle/tests/coreutils-8.24/chown.bc>:!1519	_NL_CTYPE_OUTDIGIT0_WC
</home/chrzissis/cclyzer-souffle/tests/coreutils-8.24/chown.bc>:!1520	_NL_CTYPE_OUTDIGIT1_WC
</home/chrzissis/cclyzer-souffle/tests/coreutils-8.24/chown.bc>:!1521	_NL_CTYPE_OUTDIGIT2_WC
</home/chrzissis/cclyzer-souffle/tests/coreutils-8.24/chown.bc>:!1522	_NL_CTYPE_OUTDIGIT3_WC
</home/chrzissis/cclyzer-souffle/tests/coreutils-8.24/chown.bc>:!1523	_NL_CTYPE_OUTDIGIT4_WC
</home/chrzissis/cclyzer-souffle/tests/coreutils-8.24/chown.bc>:!1524	_NL_CTYPE_OUTDIGIT5_WC
</home/chrzissis/cclyzer-souffle/tests/coreutils-8.24/chown.bc>:!1525	_NL_CTYPE_OUTDIGIT6_WC
</home/chrzissis/cclyzer-souffle/tests/coreutils-8.24/chown.bc>:!1526	_NL_CTYPE_OUTDIGIT7_WC
</home/chrzissis/cclyzer-souffle/tests/coreutils-8.24/chown.bc>:!1527	_NL_CTYPE_OUTDIGIT8_WC
</home/chrzissis/cclyzer-souffle/tests/coreutils-8.24/chown.bc>:!1528	_NL_CTYPE_OUTDIGIT9_WC
</home/chrzissis/cclyzer-souffle/tests/coreutils-8.24/chown.bc>:!1529	_NL_CTYPE_TRANSLIT_TAB_SIZE
</home/chrzissis/cclyzer-souffle/tests/coreutils-8.24/chown.bc>:!1530	_NL_CTYPE_TRANSLIT_FROM_IDX
</home/chrzissis/cclyzer-souffle/tests/coreutils-8.24/chown.bc>:!1531	_NL_CTYPE_TRANSLIT_FROM_TBL
</home/chrzissis/cclyzer-souffle/tests/coreutils-8.24/chown.bc>:!1532	_NL_CTYPE_TRANSLIT_TO_IDX
</home/chrzissis/cclyzer-souffle/tests/coreutils-8.24/chown.bc>:!1533	_NL_CTYPE_TRANSLIT_TO_TBL
</home/chrzissis/cclyzer-souffle/tests/coreutils-8.24/chown.bc>:!1534	_NL_CTYPE_TRANSLIT_DEFAULT_MISSING_LEN
</home/chrzissis/cclyzer-souffle/tests/coreutils-8.24/chown.bc>:!1535	_NL_CTYPE_TRANSLIT_DEFAULT_MISSING
</home/chrzissis/cclyzer-souffle/tests/coreutils-8.24/chown.bc>:!1536	_NL_CTYPE_TRANSLIT_IGNORE_LEN
</home/chrzissis/cclyzer-souffle/tests/coreutils-8.24/chown.bc>:!1537	_NL_CTYPE_TRANSLIT_IGNORE
</home/chrzissis/cclyzer-souffle/tests/coreutils-8.24/chown.bc>:!1538	_NL_CTYPE_MAP_TO_NONASCII
</home/chrzissis/cclyzer-souffle/tests/coreutils-8.24/chown.bc>:!1539	_NL_CTYPE_NONASCII_CASE
</home/chrzissis/cclyzer-souffle/tests/coreutils-8.24/chown.bc>:!1540	_NL_CTYPE_EXTRA_MAP_1
</home/chrzissis/cclyzer-souffle/tests/coreutils-8.24/chown.bc>:!1541	_NL_CTYPE_EXTRA_MAP_2
</home/chrzissis/cclyzer-souffle/tests/coreutils-8.24/chown.bc>:!1542	_NL_CTYPE_EXTRA_MAP_3
</home/chrzissis/cclyzer-souffle/tests/coreutils-8.24/chown.bc>:!1543	_NL_CTYPE_EXTRA_MAP_4
</home/chrzissis/cclyzer-souffle/tests/coreutils-8.24/chown.bc>:!1544	_NL_CTYPE_EXTRA_MAP_5
</home/chrzissis/cclyzer-souffle/tests/coreutils-8.24/chown.bc>:!1545	_NL_CTYPE_EXTRA_MAP_6
</home/chrzissis/cclyzer-souffle/tests/coreutils-8.24/chown.bc>:!1546	_NL_CTYPE_EXTRA_MAP_7
</home/chrzissis/cclyzer-souffle/tests/coreutils-8.24/chown.bc>:!1547	_NL_CTYPE_EXTRA_MAP_8
</home/chrzissis/cclyzer-souffle/tests/coreutils-8.24/chown.bc>:!1548	_NL_CTYPE_EXTRA_MAP_9
</home/chrzissis/cclyzer-souffle/tests/coreutils-8.24/chown.bc>:!1549	_NL_CTYPE_EXTRA_MAP_10
</home/chrzissis/cclyzer-souffle/tests/coreutils-8.24/chown.bc>:!1550	_NL_CTYPE_EXTRA_MAP_11
</home/chrzissis/cclyzer-souffle/tests/coreutils-8.24/chown.bc>:!1551	_NL_CTYPE_EXTRA_MAP_12
</home/chrzissis/cclyzer-souffle/tests/coreutils-8.24/chown.bc>:!1552	_NL_CTYPE_EXTRA_MAP_13
</home/chrzissis/cclyzer-souffle/tests/coreutils-8.24/chown.bc>:!1553	_NL_CTYPE_EXTRA_MAP_14
</home/chrzissis/cclyzer-souffle/tests/coreutils-8.24/chown.bc>:!1554	_NL_NUM_LC_CTYPE
</home/chrzissis/cclyzer-souffle/tests/coreutils-8.24/chown.bc>:!1555	__INT_CURR_SYMBOL
</home/chrzissis/cclyzer-souffle/tests/coreutils-8.24/chown.bc>:!1556	__CURRENCY_SYMBOL
</home/chrzissis/cclyzer-souffle/tests/coreutils-8.24/chown.bc>:!1557	__MON_DECIMAL_POINT
</home/chrzissis/cclyzer-souffle/tests/coreutils-8.24/chown.bc>:!1558	__MON_THOUSANDS_SEP
</home/chrzissis/cclyzer-souffle/tests/coreutils-8.24/chown.bc>:!1559	__MON_GROUPING
</home/chrzissis/cclyzer-souffle/tests/coreutils-8.24/chown.bc>:!1560	__POSITIVE_SIGN
</home/chrzissis/cclyzer-souffle/tests/coreutils-8.24/chown.bc>:!1561	__NEGATIVE_SIGN
</home/chrzissis/cclyzer-souffle/tests/coreutils-8.24/chown.bc>:!1562	__INT_FRAC_DIGITS
</home/chrzissis/cclyzer-souffle/tests/coreutils-8.24/chown.bc>:!1563	__FRAC_DIGITS
</home/chrzissis/cclyzer-souffle/tests/coreutils-8.24/chown.bc>:!1564	__P_CS_PRECEDES
</home/chrzissis/cclyzer-souffle/tests/coreutils-8.24/chown.bc>:!1565	__P_SEP_BY_SPACE
</home/chrzissis/cclyzer-souffle/tests/coreutils-8.24/chown.bc>:!1566	__N_CS_PRECEDES
</home/chrzissis/cclyzer-souffle/tests/coreutils-8.24/chown.bc>:!1567	__N_SEP_BY_SPACE
</home/chrzissis/cclyzer-souffle/tests/coreutils-8.24/chown.bc>:!1568	__P_SIGN_POSN
</home/chrzissis/cclyzer-souffle/tests/coreutils-8.24/chown.bc>:!1569	__N_SIGN_POSN
</home/chrzissis/cclyzer-souffle/tests/coreutils-8.24/chown.bc>:!1570	_NL_MONETARY_CRNCYSTR
</home/chrzissis/cclyzer-souffle/tests/coreutils-8.24/chown.bc>:!1571	__INT_P_CS_PRECEDES
</home/chrzissis/cclyzer-souffle/tests/coreutils-8.24/chown.bc>:!1572	__INT_P_SEP_BY_SPACE
</home/chrzissis/cclyzer-souffle/tests/coreutils-8.24/chown.bc>:!1573	__INT_N_CS_PRECEDES
</home/chrzissis/cclyzer-souffle/tests/coreutils-8.24/chown.bc>:!1574	__INT_N_SEP_BY_SPACE
</home/chrzissis/cclyzer-souffle/tests/coreutils-8.24/chown.bc>:!1575	__INT_P_SIGN_POSN
</home/chrzissis/cclyzer-souffle/tests/coreutils-8.24/chown.bc>:!1576	__INT_N_SIGN_POSN
</home/chrzissis/cclyzer-souffle/tests/coreutils-8.24/chown.bc>:!1577	_NL_MONETARY_DUO_INT_CURR_SYMBOL
</home/chrzissis/cclyzer-souffle/tests/coreutils-8.24/chown.bc>:!1578	_NL_MONETARY_DUO_CURRENCY_SYMBOL
</home/chrzissis/cclyzer-souffle/tests/coreutils-8.24/chown.bc>:!1579	_NL_MONETARY_DUO_INT_FRAC_DIGITS
</home/chrzissis/cclyzer-souffle/tests/coreutils-8.24/chown.bc>:!1580	_NL_MONETARY_DUO_FRAC_DIGITS
</home/chrzissis/cclyzer-souffle/tests/coreutils-8.24/chown.bc>:!1581	_NL_MONETARY_DUO_P_CS_PRECEDES
</home/chrzissis/cclyzer-souffle/tests/coreutils-8.24/chown.bc>:!1582	_NL_MONETARY_DUO_P_SEP_BY_SPACE
</home/chrzissis/cclyzer-souffle/tests/coreutils-8.24/chown.bc>:!1583	_NL_MONETARY_DUO_N_CS_PRECEDES
</home/chrzissis/cclyzer-souffle/tests/coreutils-8.24/chown.bc>:!1584	_NL_MONETARY_DUO_N_SEP_BY_SPACE
</home/chrzissis/cclyzer-souffle/tests/coreutils-8.24/chown.bc>:!1585	_NL_MONETARY_DUO_INT_P_CS_PRECEDES
</home/chrzissis/cclyzer-souffle/tests/coreutils-8.24/chown.bc>:!1586	_NL_MONETARY_DUO_INT_P_SEP_BY_SPACE
</home/chrzissis/cclyzer-souffle/tests/coreutils-8.24/chown.bc>:!1587	_NL_MONETARY_DUO_INT_N_CS_PRECEDES
</home/chrzissis/cclyzer-souffle/tests/coreutils-8.24/chown.bc>:!1588	_NL_MONETARY_DUO_INT_N_SEP_BY_SPACE
</home/chrzissis/cclyzer-souffle/tests/coreutils-8.24/chown.bc>:!1589	_NL_MONETARY_DUO_P_SIGN_POSN
</home/chrzissis/cclyzer-souffle/tests/coreutils-8.24/chown.bc>:!1590	_NL_MONETARY_DUO_N_SIGN_POSN
</home/chrzissis/cclyzer-souffle/tests/coreutils-8.24/chown.bc>:!1591	_NL_MONETARY_DUO_INT_P_SIGN_POSN
</home/chrzissis/cclyzer-souffle/tests/coreutils-8.24/chown.bc>:!1592	_NL_MONETARY_DUO_INT_N_SIGN_POSN
</home/chrzissis/cclyzer-souffle/tests/coreutils-8.24/chown.bc>:!1593	_NL_MONETARY_UNO_VALID_FROM
</home/chrzissis/cclyzer-souffle/tests/coreutils-8.24/chown.bc>:!1594	_NL_MONETARY_UNO_VALID_TO
</home/chrzissis/cclyzer-souffle/tests/coreutils-8.24/chown.bc>:!1595	_NL_MONETARY_DUO_VALID_FROM
</home/chrzissis/cclyzer-souffle/tests/coreutils-8.24/chown.bc>:!1596	_NL_MONETARY_DUO_VALID_TO
</home/chrzissis/cclyzer-souffle/tests/coreutils-8.24/chown.bc>:!1597	_NL_MONETARY_CONVERSION_RATE
</home/chrzissis/cclyzer-souffle/tests/coreutils-8.24/chown.bc>:!1598	_NL_MONETARY_DECIMAL_POINT_WC
</home/chrzissis/cclyzer-souffle/tests/coreutils-8.24/chown.bc>:!1599	_NL_MONETARY_THOUSANDS_SEP_WC
</home/chrzissis/cclyzer-souffle/tests/coreutils-8.24/chown.bc>:!1600	_NL_MONETARY_CODESET
</home/chrzissis/cclyzer-souffle/tests/coreutils-8.24/chown.bc>:!1601	_NL_NUM_LC_MONETARY
</home/chrzissis/cclyzer-souffle/tests/coreutils-8.24/chown.bc>:!1602	__DECIMAL_POINT
</home/chrzissis/cclyzer-souffle/tests/coreutils-8.24/chown.bc>:!1603	RADIXCHAR
</home/chrzissis/cclyzer-souffle/tests/coreutils-8.24/chown.bc>:!1604	__THOUSANDS_SEP
</home/chrzissis/cclyzer-souffle/tests/coreutils-8.24/chown.bc>:!1605	THOUSEP
</home/chrzissis/cclyzer-souffle/tests/coreutils-8.24/chown.bc>:!1606	__GROUPING
</home/chrzissis/cclyzer-souffle/tests/coreutils-8.24/chown.bc>:!1607	_NL_NUMERIC_DECIMAL_POINT_WC
</home/chrzissis/cclyzer-souffle/tests/coreutils-8.24/chown.bc>:!1608	_NL_NUMERIC_THOUSANDS_SEP_WC
</home/chrzissis/cclyzer-souffle/tests/coreutils-8.24/chown.bc>:!1609	_NL_NUMERIC_CODESET
</home/chrzissis/cclyzer-souffle/tests/coreutils-8.24/chown.bc>:!1610	_NL_NUM_LC_NUMERIC
</home/chrzissis/cclyzer-souffle/tests/coreutils-8.24/chown.bc>:!1611	__YESEXPR
</home/chrzissis/cclyzer-souffle/tests/coreutils-8.24/chown.bc>:!1612	__NOEXPR
</home/chrzissis/cclyzer-souffle/tests/coreutils-8.24/chown.bc>:!1613	__YESSTR
</home/chrzissis/cclyzer-souffle/tests/coreutils-8.24/chown.bc>:!1614	__NOSTR
</home/chrzissis/cclyzer-souffle/tests/coreutils-8.24/chown.bc>:!1615	_NL_MESSAGES_CODESET
</home/chrzissis/cclyzer-souffle/tests/coreutils-8.24/chown.bc>:!1616	_NL_NUM_LC_MESSAGES
</home/chrzissis/cclyzer-souffle/tests/coreutils-8.24/chown.bc>:!1617	_NL_PAPER_HEIGHT
</home/chrzissis/cclyzer-souffle/tests/coreutils-8.24/chown.bc>:!1618	_NL_PAPER_WIDTH
</home/chrzissis/cclyzer-souffle/tests/coreutils-8.24/chown.bc>:!1619	_NL_PAPER_CODESET
</home/chrzissis/cclyzer-souffle/tests/coreutils-8.24/chown.bc>:!1620	_NL_NUM_LC_PAPER
</home/chrzissis/cclyzer-souffle/tests/coreutils-8.24/chown.bc>:!1621	_NL_NAME_NAME_FMT
</home/chrzissis/cclyzer-souffle/tests/coreutils-8.24/chown.bc>:!1622	_NL_NAME_NAME_GEN
</home/chrzissis/cclyzer-souffle/tests/coreutils-8.24/chown.bc>:!1623	_NL_NAME_NAME_MR
</home/chrzissis/cclyzer-souffle/tests/coreutils-8.24/chown.bc>:!1624	_NL_NAME_NAME_MRS
</home/chrzissis/cclyzer-souffle/tests/coreutils-8.24/chown.bc>:!1625	_NL_NAME_NAME_MISS
</home/chrzissis/cclyzer-souffle/tests/coreutils-8.24/chown.bc>:!1626	_NL_NAME_NAME_MS
</home/chrzissis/cclyzer-souffle/tests/coreutils-8.24/chown.bc>:!1627	_NL_NAME_CODESET
</home/chrzissis/cclyzer-souffle/tests/coreutils-8.24/chown.bc>:!1628	_NL_NUM_LC_NAME
</home/chrzissis/cclyzer-souffle/tests/coreutils-8.24/chown.bc>:!1629	_NL_ADDRESS_POSTAL_FMT
</home/chrzissis/cclyzer-souffle/tests/coreutils-8.24/chown.bc>:!1630	_NL_ADDRESS_COUNTRY_NAME
</home/chrzissis/cclyzer-souffle/tests/coreutils-8.24/chown.bc>:!1631	_NL_ADDRESS_COUNTRY_POST
</home/chrzissis/cclyzer-souffle/tests/coreutils-8.24/chown.bc>:!1632	_NL_ADDRESS_COUNTRY_AB2
</home/chrzissis/cclyzer-souffle/tests/coreutils-8.24/chown.bc>:!1633	_NL_ADDRESS_COUNTRY_AB3
</home/chrzissis/cclyzer-souffle/tests/coreutils-8.24/chown.bc>:!1634	_NL_ADDRESS_COUNTRY_CAR
</home/chrzissis/cclyzer-souffle/tests/coreutils-8.24/chown.bc>:!1635	_NL_ADDRESS_COUNTRY_NUM
</home/chrzissis/cclyzer-souffle/tests/coreutils-8.24/chown.bc>:!1636	_NL_ADDRESS_COUNTRY_ISBN
</home/chrzissis/cclyzer-souffle/tests/coreutils-8.24/chown.bc>:!1637	_NL_ADDRESS_LANG_NAME
</home/chrzissis/cclyzer-souffle/tests/coreutils-8.24/chown.bc>:!1638	_NL_ADDRESS_LANG_AB
</home/chrzissis/cclyzer-souffle/tests/coreutils-8.24/chown.bc>:!1639	_NL_ADDRESS_LANG_TERM
</home/chrzissis/cclyzer-souffle/tests/coreutils-8.24/chown.bc>:!1640	_NL_ADDRESS_LANG_LIB
</home/chrzissis/cclyzer-souffle/tests/coreutils-8.24/chown.bc>:!1641	_NL_ADDRESS_CODESET
</home/chrzissis/cclyzer-souffle/tests/coreutils-8.24/chown.bc>:!1642	_NL_NUM_LC_ADDRESS
</home/chrzissis/cclyzer-souffle/tests/coreutils-8.24/chown.bc>:!1643	_NL_TELEPHONE_TEL_INT_FMT
</home/chrzissis/cclyzer-souffle/tests/coreutils-8.24/chown.bc>:!1644	_NL_TELEPHONE_TEL_DOM_FMT
</home/chrzissis/cclyzer-souffle/tests/coreutils-8.24/chown.bc>:!1645	_NL_TELEPHONE_INT_SELECT
</home/chrzissis/cclyzer-souffle/tests/coreutils-8.24/chown.bc>:!1646	_NL_TELEPHONE_INT_PREFIX
</home/chrzissis/cclyzer-souffle/tests/coreutils-8.24/chown.bc>:!1647	_NL_TELEPHONE_CODESET
</home/chrzissis/cclyzer-souffle/tests/coreutils-8.24/chown.bc>:!1648	_NL_NUM_LC_TELEPHONE
</home/chrzissis/cclyzer-souffle/tests/coreutils-8.24/chown.bc>:!1649	_NL_MEASUREMENT_MEASUREMENT
</home/chrzissis/cclyzer-souffle/tests/coreutils-8.24/chown.bc>:!1650	_NL_MEASUREMENT_CODESET
</home/chrzissis/cclyzer-souffle/tests/coreutils-8.24/chown.bc>:!1651	_NL_NUM_LC_MEASUREMENT
</home/chrzissis/cclyzer-souffle/tests/coreutils-8.24/chown.bc>:!1652	_NL_IDENTIFICATION_TITLE
</home/chrzissis/cclyzer-souffle/tests/coreutils-8.24/chown.bc>:!1653	_NL_IDENTIFICATION_SOURCE
</home/chrzissis/cclyzer-souffle/tests/coreutils-8.24/chown.bc>:!1654	_NL_IDENTIFICATION_ADDRESS
</home/chrzissis/cclyzer-souffle/tests/coreutils-8.24/chown.bc>:!1655	_NL_IDENTIFICATION_CONTACT
</home/chrzissis/cclyzer-souffle/tests/coreutils-8.24/chown.bc>:!1656	_NL_IDENTIFICATION_EMAIL
</home/chrzissis/cclyzer-souffle/tests/coreutils-8.24/chown.bc>:!1657	_NL_IDENTIFICATION_TEL
</home/chrzissis/cclyzer-souffle/tests/coreutils-8.24/chown.bc>:!1658	_NL_IDENTIFICATION_FAX
</home/chrzissis/cclyzer-souffle/tests/coreutils-8.24/chown.bc>:!1659	_NL_IDENTIFICATION_LANGUAGE
</home/chrzissis/cclyzer-souffle/tests/coreutils-8.24/chown.bc>:!1660	_NL_IDENTIFICATION_TERRITORY
</home/chrzissis/cclyzer-souffle/tests/coreutils-8.24/chown.bc>:!1661	_NL_IDENTIFICATION_AUDIENCE
</home/chrzissis/cclyzer-souffle/tests/coreutils-8.24/chown.bc>:!1662	_NL_IDENTIFICATION_APPLICATION
</home/chrzissis/cclyzer-souffle/tests/coreutils-8.24/chown.bc>:!1663	_NL_IDENTIFICATION_ABBREVIATION
</home/chrzissis/cclyzer-souffle/tests/coreutils-8.24/chown.bc>:!1664	_NL_IDENTIFICATION_REVISION
</home/chrzissis/cclyzer-souffle/tests/coreutils-8.24/chown.bc>:!1665	_NL_IDENTIFICATION_DATE
</home/chrzissis/cclyzer-souffle/tests/coreutils-8.24/chown.bc>:!1666	_NL_IDENTIFICATION_CATEGORY
</home/chrzissis/cclyzer-souffle/tests/coreutils-8.24/chown.bc>:!1667	_NL_IDENTIFICATION_CODESET
</home/chrzissis/cclyzer-souffle/tests/coreutils-8.24/chown.bc>:!1668	_NL_NUM_LC_IDENTIFICATION
</home/chrzissis/cclyzer-souffle/tests/coreutils-8.24/chown.bc>:!1669	_NL_NUM
