</home/chrzissis/cclyzer-souffle/tests/coreutils-8.24/chown.bc>:!1895	75
</home/chrzissis/cclyzer-souffle/tests/coreutils-8.24/chown.bc>:!1900	78
</home/chrzissis/cclyzer-souffle/tests/coreutils-8.24/chown.bc>:!1975	191
</home/chrzissis/cclyzer-souffle/tests/coreutils-8.24/chown.bc>:!1978	193
</home/chrzissis/cclyzer-souffle/tests/coreutils-8.24/chown.bc>:!1996	228
</home/chrzissis/cclyzer-souffle/tests/coreutils-8.24/chown.bc>:!2001	232
</home/chrzissis/cclyzer-souffle/tests/coreutils-8.24/chown.bc>:!2024	260
</home/chrzissis/cclyzer-souffle/tests/coreutils-8.24/chown.bc>:!2027	262
</home/chrzissis/cclyzer-souffle/tests/coreutils-8.24/chown.bc>:!2028	261
</home/chrzissis/cclyzer-souffle/tests/coreutils-8.24/chown.bc>:!2032	264
</home/chrzissis/cclyzer-souffle/tests/coreutils-8.24/chown.bc>:!2033	263
</home/chrzissis/cclyzer-souffle/tests/coreutils-8.24/chown.bc>:!2042	271
</home/chrzissis/cclyzer-souffle/tests/coreutils-8.24/chown.bc>:!2048	276
</home/chrzissis/cclyzer-souffle/tests/coreutils-8.24/chown.bc>:!2055	278
</home/chrzissis/cclyzer-souffle/tests/coreutils-8.24/chown.bc>:!2056	277
</home/chrzissis/cclyzer-souffle/tests/coreutils-8.24/chown.bc>:!2070	285
</home/chrzissis/cclyzer-souffle/tests/coreutils-8.24/chown.bc>:!2073	286
</home/chrzissis/cclyzer-souffle/tests/coreutils-8.24/chown.bc>:!2097	288
</home/chrzissis/cclyzer-souffle/tests/coreutils-8.24/chown.bc>:!2119	298
</home/chrzissis/cclyzer-souffle/tests/coreutils-8.24/chown.bc>:!2127	301
</home/chrzissis/cclyzer-souffle/tests/coreutils-8.24/chown.bc>:!2135	307
</home/chrzissis/cclyzer-souffle/tests/coreutils-8.24/chown.bc>:!2148	313
</home/chrzissis/cclyzer-souffle/tests/coreutils-8.24/chown.bc>:!2154	314
</home/chrzissis/cclyzer-souffle/tests/coreutils-8.24/chown.bc>:!2158	317
</home/chrzissis/cclyzer-souffle/tests/coreutils-8.24/chown.bc>:!2207	587
</home/chrzissis/cclyzer-souffle/tests/coreutils-8.24/chown.bc>:!2220	595
</home/chrzissis/cclyzer-souffle/tests/coreutils-8.24/chown.bc>:!2226	596
</home/chrzissis/cclyzer-souffle/tests/coreutils-8.24/chown.bc>:!2373	529
</home/chrzissis/cclyzer-souffle/tests/coreutils-8.24/chown.bc>:!2379	533
</home/chrzissis/cclyzer-souffle/tests/coreutils-8.24/chown.bc>:!2383	535
</home/chrzissis/cclyzer-souffle/tests/coreutils-8.24/chown.bc>:!2384	534
</home/chrzissis/cclyzer-souffle/tests/coreutils-8.24/chown.bc>:!2388	538
</home/chrzissis/cclyzer-souffle/tests/coreutils-8.24/chown.bc>:!2389	536
</home/chrzissis/cclyzer-souffle/tests/coreutils-8.24/chown.bc>:!2408	549
</home/chrzissis/cclyzer-souffle/tests/coreutils-8.24/chown.bc>:!2413	550
</home/chrzissis/cclyzer-souffle/tests/coreutils-8.24/chown.bc>:!2456	288
</home/chrzissis/cclyzer-souffle/tests/coreutils-8.24/chown.bc>:!2457	286
</home/chrzissis/cclyzer-souffle/tests/coreutils-8.24/chown.bc>:!2461	290
</home/chrzissis/cclyzer-souffle/tests/coreutils-8.24/chown.bc>:!2462	289
</home/chrzissis/cclyzer-souffle/tests/coreutils-8.24/chown.bc>:!2469	291
</home/chrzissis/cclyzer-souffle/tests/coreutils-8.24/chown.bc>:!2472	294
</home/chrzissis/cclyzer-souffle/tests/coreutils-8.24/chown.bc>:!2473	294
</home/chrzissis/cclyzer-souffle/tests/coreutils-8.24/chown.bc>:!2485	298
</home/chrzissis/cclyzer-souffle/tests/coreutils-8.24/chown.bc>:!2491	306
</home/chrzissis/cclyzer-souffle/tests/coreutils-8.24/chown.bc>:!2497	318
</home/chrzissis/cclyzer-souffle/tests/coreutils-8.24/chown.bc>:!2507	319
</home/chrzissis/cclyzer-souffle/tests/coreutils-8.24/chown.bc>:!2515	324
</home/chrzissis/cclyzer-souffle/tests/coreutils-8.24/chown.bc>:!2527	331
</home/chrzissis/cclyzer-souffle/tests/coreutils-8.24/chown.bc>:!2538	337
</home/chrzissis/cclyzer-souffle/tests/coreutils-8.24/chown.bc>:!2550	344
</home/chrzissis/cclyzer-souffle/tests/coreutils-8.24/chown.bc>:!2555	345
</home/chrzissis/cclyzer-souffle/tests/coreutils-8.24/chown.bc>:!2558	346
</home/chrzissis/cclyzer-souffle/tests/coreutils-8.24/chown.bc>:!2563	355
</home/chrzissis/cclyzer-souffle/tests/coreutils-8.24/chown.bc>:!2566	356
</home/chrzissis/cclyzer-souffle/tests/coreutils-8.24/chown.bc>:!2570	360
</home/chrzissis/cclyzer-souffle/tests/coreutils-8.24/chown.bc>:!2589	364
</home/chrzissis/cclyzer-souffle/tests/coreutils-8.24/chown.bc>:!2595	369
</home/chrzissis/cclyzer-souffle/tests/coreutils-8.24/chown.bc>:!2599	374
</home/chrzissis/cclyzer-souffle/tests/coreutils-8.24/chown.bc>:!2606	376
</home/chrzissis/cclyzer-souffle/tests/coreutils-8.24/chown.bc>:!2607	375
</home/chrzissis/cclyzer-souffle/tests/coreutils-8.24/chown.bc>:!2614	378
</home/chrzissis/cclyzer-souffle/tests/coreutils-8.24/chown.bc>:!2615	377
</home/chrzissis/cclyzer-souffle/tests/coreutils-8.24/chown.bc>:!2647	395
</home/chrzissis/cclyzer-souffle/tests/coreutils-8.24/chown.bc>:!2663	398
</home/chrzissis/cclyzer-souffle/tests/coreutils-8.24/chown.bc>:!2666	399
</home/chrzissis/cclyzer-souffle/tests/coreutils-8.24/chown.bc>:!2667	399
</home/chrzissis/cclyzer-souffle/tests/coreutils-8.24/chown.bc>:!2677	403
</home/chrzissis/cclyzer-souffle/tests/coreutils-8.24/chown.bc>:!2680	405
</home/chrzissis/cclyzer-souffle/tests/coreutils-8.24/chown.bc>:!2681	404
</home/chrzissis/cclyzer-souffle/tests/coreutils-8.24/chown.bc>:!2685	406
</home/chrzissis/cclyzer-souffle/tests/coreutils-8.24/chown.bc>:!2694	412
</home/chrzissis/cclyzer-souffle/tests/coreutils-8.24/chown.bc>:!2701	413
</home/chrzissis/cclyzer-souffle/tests/coreutils-8.24/chown.bc>:!2706	419
</home/chrzissis/cclyzer-souffle/tests/coreutils-8.24/chown.bc>:!2720	434
</home/chrzissis/cclyzer-souffle/tests/coreutils-8.24/chown.bc>:!2737	465
</home/chrzissis/cclyzer-souffle/tests/coreutils-8.24/chown.bc>:!2756	472
</home/chrzissis/cclyzer-souffle/tests/coreutils-8.24/chown.bc>:!2761	473
</home/chrzissis/cclyzer-souffle/tests/coreutils-8.24/chown.bc>:!2788	479
</home/chrzissis/cclyzer-souffle/tests/coreutils-8.24/chown.bc>:!2796	480
</home/chrzissis/cclyzer-souffle/tests/coreutils-8.24/chown.bc>:!2842	496
</home/chrzissis/cclyzer-souffle/tests/coreutils-8.24/chown.bc>:!2874	223
</home/chrzissis/cclyzer-souffle/tests/coreutils-8.24/chown.bc>:!2883	226
</home/chrzissis/cclyzer-souffle/tests/coreutils-8.24/chown.bc>:!2886	228
</home/chrzissis/cclyzer-souffle/tests/coreutils-8.24/chown.bc>:!2887	227
</home/chrzissis/cclyzer-souffle/tests/coreutils-8.24/chown.bc>:!2900	235
</home/chrzissis/cclyzer-souffle/tests/coreutils-8.24/chown.bc>:!2922	240
</home/chrzissis/cclyzer-souffle/tests/coreutils-8.24/chown.bc>:!2929	242
</home/chrzissis/cclyzer-souffle/tests/coreutils-8.24/chown.bc>:!2936	244
</home/chrzissis/cclyzer-souffle/tests/coreutils-8.24/chown.bc>:!2953	247
</home/chrzissis/cclyzer-souffle/tests/coreutils-8.24/chown.bc>:!2954	246
</home/chrzissis/cclyzer-souffle/tests/coreutils-8.24/chown.bc>:!2961	248
</home/chrzissis/cclyzer-souffle/tests/coreutils-8.24/chown.bc>:!2968	254
</home/chrzissis/cclyzer-souffle/tests/coreutils-8.24/chown.bc>:!3000	145
</home/chrzissis/cclyzer-souffle/tests/coreutils-8.24/chown.bc>:!3004	146
</home/chrzissis/cclyzer-souffle/tests/coreutils-8.24/chown.bc>:!3033	156
</home/chrzissis/cclyzer-souffle/tests/coreutils-8.24/chown.bc>:!3044	163
</home/chrzissis/cclyzer-souffle/tests/coreutils-8.24/chown.bc>:!3047	164
</home/chrzissis/cclyzer-souffle/tests/coreutils-8.24/chown.bc>:!3058	170
</home/chrzissis/cclyzer-souffle/tests/coreutils-8.24/chown.bc>:!3100	112
</home/chrzissis/cclyzer-souffle/tests/coreutils-8.24/chown.bc>:!3103	114
</home/chrzissis/cclyzer-souffle/tests/coreutils-8.24/chown.bc>:!3104	113
</home/chrzissis/cclyzer-souffle/tests/coreutils-8.24/chown.bc>:!3107	115
</home/chrzissis/cclyzer-souffle/tests/coreutils-8.24/chown.bc>:!3124	120
</home/chrzissis/cclyzer-souffle/tests/coreutils-8.24/chown.bc>:!3129	124
</home/chrzissis/cclyzer-souffle/tests/coreutils-8.24/chown.bc>:!3132	125
</home/chrzissis/cclyzer-souffle/tests/coreutils-8.24/chown.bc>:!3149	109
</home/chrzissis/cclyzer-souffle/tests/coreutils-8.24/chown.bc>:!3161	111
</home/chrzissis/cclyzer-souffle/tests/coreutils-8.24/chown.bc>:!3165	113
</home/chrzissis/cclyzer-souffle/tests/coreutils-8.24/chown.bc>:!3178	122
</home/chrzissis/cclyzer-souffle/tests/coreutils-8.24/chown.bc>:!3224	41
</home/chrzissis/cclyzer-souffle/tests/coreutils-8.24/chown.bc>:!3228	42
</home/chrzissis/cclyzer-souffle/tests/coreutils-8.24/chown.bc>:!3243	50
</home/chrzissis/cclyzer-souffle/tests/coreutils-8.24/chown.bc>:!3263	51
</home/chrzissis/cclyzer-souffle/tests/coreutils-8.24/chown.bc>:!3267	52
</home/chrzissis/cclyzer-souffle/tests/coreutils-8.24/chown.bc>:!3284	61
</home/chrzissis/cclyzer-souffle/tests/coreutils-8.24/chown.bc>:!3296	62
</home/chrzissis/cclyzer-souffle/tests/coreutils-8.24/chown.bc>:!3299	64
</home/chrzissis/cclyzer-souffle/tests/coreutils-8.24/chown.bc>:!3304	65
</home/chrzissis/cclyzer-souffle/tests/coreutils-8.24/chown.bc>:!3415	157
</home/chrzissis/cclyzer-souffle/tests/coreutils-8.24/chown.bc>:!3435	168
</home/chrzissis/cclyzer-souffle/tests/coreutils-8.24/chown.bc>:!3443	171
</home/chrzissis/cclyzer-souffle/tests/coreutils-8.24/chown.bc>:!3578	717
</home/chrzissis/cclyzer-souffle/tests/coreutils-8.24/chown.bc>:!3593	741
</home/chrzissis/cclyzer-souffle/tests/coreutils-8.24/chown.bc>:!3598	741
</home/chrzissis/cclyzer-souffle/tests/coreutils-8.24/chown.bc>:!3609	743
</home/chrzissis/cclyzer-souffle/tests/coreutils-8.24/chown.bc>:!3614	744
</home/chrzissis/cclyzer-souffle/tests/coreutils-8.24/chown.bc>:!3621	749
</home/chrzissis/cclyzer-souffle/tests/coreutils-8.24/chown.bc>:!3625	750
</home/chrzissis/cclyzer-souffle/tests/coreutils-8.24/chown.bc>:!3881	267
</home/chrzissis/cclyzer-souffle/tests/coreutils-8.24/chown.bc>:!3885	273
</home/chrzissis/cclyzer-souffle/tests/coreutils-8.24/chown.bc>:!3890	274
</home/chrzissis/cclyzer-souffle/tests/coreutils-8.24/chown.bc>:!3891	274
</home/chrzissis/cclyzer-souffle/tests/coreutils-8.24/chown.bc>:!3908	289
</home/chrzissis/cclyzer-souffle/tests/coreutils-8.24/chown.bc>:!3909	288
</home/chrzissis/cclyzer-souffle/tests/coreutils-8.24/chown.bc>:!3913	290
</home/chrzissis/cclyzer-souffle/tests/coreutils-8.24/chown.bc>:!3921	315
</home/chrzissis/cclyzer-souffle/tests/coreutils-8.24/chown.bc>:!3924	316
</home/chrzissis/cclyzer-souffle/tests/coreutils-8.24/chown.bc>:!3930	316
</home/chrzissis/cclyzer-souffle/tests/coreutils-8.24/chown.bc>:!3936	317
</home/chrzissis/cclyzer-souffle/tests/coreutils-8.24/chown.bc>:!3937	317
</home/chrzissis/cclyzer-souffle/tests/coreutils-8.24/chown.bc>:!3960	329
</home/chrzissis/cclyzer-souffle/tests/coreutils-8.24/chown.bc>:!3965	330
</home/chrzissis/cclyzer-souffle/tests/coreutils-8.24/chown.bc>:!3966	330
</home/chrzissis/cclyzer-souffle/tests/coreutils-8.24/chown.bc>:!3982	343
</home/chrzissis/cclyzer-souffle/tests/coreutils-8.24/chown.bc>:!3987	343
</home/chrzissis/cclyzer-souffle/tests/coreutils-8.24/chown.bc>:!4003	344
</home/chrzissis/cclyzer-souffle/tests/coreutils-8.24/chown.bc>:!4010	349
</home/chrzissis/cclyzer-souffle/tests/coreutils-8.24/chown.bc>:!4040	359
</home/chrzissis/cclyzer-souffle/tests/coreutils-8.24/chown.bc>:!4041	358
</home/chrzissis/cclyzer-souffle/tests/coreutils-8.24/chown.bc>:!4052	368
</home/chrzissis/cclyzer-souffle/tests/coreutils-8.24/chown.bc>:!4053	366
</home/chrzissis/cclyzer-souffle/tests/coreutils-8.24/chown.bc>:!4056	370
</home/chrzissis/cclyzer-souffle/tests/coreutils-8.24/chown.bc>:!4057	369
</home/chrzissis/cclyzer-souffle/tests/coreutils-8.24/chown.bc>:!4063	372
</home/chrzissis/cclyzer-souffle/tests/coreutils-8.24/chown.bc>:!4064	372
</home/chrzissis/cclyzer-souffle/tests/coreutils-8.24/chown.bc>:!4072	378
</home/chrzissis/cclyzer-souffle/tests/coreutils-8.24/chown.bc>:!4090	379
</home/chrzissis/cclyzer-souffle/tests/coreutils-8.24/chown.bc>:!4093	380
</home/chrzissis/cclyzer-souffle/tests/coreutils-8.24/chown.bc>:!4094	380
</home/chrzissis/cclyzer-souffle/tests/coreutils-8.24/chown.bc>:!4104	381
</home/chrzissis/cclyzer-souffle/tests/coreutils-8.24/chown.bc>:!4105	381
</home/chrzissis/cclyzer-souffle/tests/coreutils-8.24/chown.bc>:!4116	389
</home/chrzissis/cclyzer-souffle/tests/coreutils-8.24/chown.bc>:!4124	397
</home/chrzissis/cclyzer-souffle/tests/coreutils-8.24/chown.bc>:!4125	395
</home/chrzissis/cclyzer-souffle/tests/coreutils-8.24/chown.bc>:!4130	402
</home/chrzissis/cclyzer-souffle/tests/coreutils-8.24/chown.bc>:!4150	411
</home/chrzissis/cclyzer-souffle/tests/coreutils-8.24/chown.bc>:!4151	405
</home/chrzissis/cclyzer-souffle/tests/coreutils-8.24/chown.bc>:!4162	415
</home/chrzissis/cclyzer-souffle/tests/coreutils-8.24/chown.bc>:!4163	415
</home/chrzissis/cclyzer-souffle/tests/coreutils-8.24/chown.bc>:!4173	416
</home/chrzissis/cclyzer-souffle/tests/coreutils-8.24/chown.bc>:!4174	416
</home/chrzissis/cclyzer-souffle/tests/coreutils-8.24/chown.bc>:!4184	417
</home/chrzissis/cclyzer-souffle/tests/coreutils-8.24/chown.bc>:!4185	417
</home/chrzissis/cclyzer-souffle/tests/coreutils-8.24/chown.bc>:!4195	418
</home/chrzissis/cclyzer-souffle/tests/coreutils-8.24/chown.bc>:!4196	418
</home/chrzissis/cclyzer-souffle/tests/coreutils-8.24/chown.bc>:!4226	441
</home/chrzissis/cclyzer-souffle/tests/coreutils-8.24/chown.bc>:!4240	445
</home/chrzissis/cclyzer-souffle/tests/coreutils-8.24/chown.bc>:!4250	450
</home/chrzissis/cclyzer-souffle/tests/coreutils-8.24/chown.bc>:!4253	451
</home/chrzissis/cclyzer-souffle/tests/coreutils-8.24/chown.bc>:!4258	458
</home/chrzissis/cclyzer-souffle/tests/coreutils-8.24/chown.bc>:!4272	462
</home/chrzissis/cclyzer-souffle/tests/coreutils-8.24/chown.bc>:!4279	478
</home/chrzissis/cclyzer-souffle/tests/coreutils-8.24/chown.bc>:!4288	484
</home/chrzissis/cclyzer-souffle/tests/coreutils-8.24/chown.bc>:!4292	486
</home/chrzissis/cclyzer-souffle/tests/coreutils-8.24/chown.bc>:!4293	485
</home/chrzissis/cclyzer-souffle/tests/coreutils-8.24/chown.bc>:!4299	488
</home/chrzissis/cclyzer-souffle/tests/coreutils-8.24/chown.bc>:!4300	488
</home/chrzissis/cclyzer-souffle/tests/coreutils-8.24/chown.bc>:!4310	489
</home/chrzissis/cclyzer-souffle/tests/coreutils-8.24/chown.bc>:!4311	489
</home/chrzissis/cclyzer-souffle/tests/coreutils-8.24/chown.bc>:!4321	490
</home/chrzissis/cclyzer-souffle/tests/coreutils-8.24/chown.bc>:!4322	490
</home/chrzissis/cclyzer-souffle/tests/coreutils-8.24/chown.bc>:!4333	524
</home/chrzissis/cclyzer-souffle/tests/coreutils-8.24/chown.bc>:!4338	530
</home/chrzissis/cclyzer-souffle/tests/coreutils-8.24/chown.bc>:!4341	531
</home/chrzissis/cclyzer-souffle/tests/coreutils-8.24/chown.bc>:!4347	536
</home/chrzissis/cclyzer-souffle/tests/coreutils-8.24/chown.bc>:!4363	542
</home/chrzissis/cclyzer-souffle/tests/coreutils-8.24/chown.bc>:!4372	546
</home/chrzissis/cclyzer-souffle/tests/coreutils-8.24/chown.bc>:!4387	550
</home/chrzissis/cclyzer-souffle/tests/coreutils-8.24/chown.bc>:!4392	552
</home/chrzissis/cclyzer-souffle/tests/coreutils-8.24/chown.bc>:!4396	553
</home/chrzissis/cclyzer-souffle/tests/coreutils-8.24/chown.bc>:!4399	557
</home/chrzissis/cclyzer-souffle/tests/coreutils-8.24/chown.bc>:!4403	558
</home/chrzissis/cclyzer-souffle/tests/coreutils-8.24/chown.bc>:!4423	570
</home/chrzissis/cclyzer-souffle/tests/coreutils-8.24/chown.bc>:!4424	565
</home/chrzissis/cclyzer-souffle/tests/coreutils-8.24/chown.bc>:!4431	572
</home/chrzissis/cclyzer-souffle/tests/coreutils-8.24/chown.bc>:!4434	574
</home/chrzissis/cclyzer-souffle/tests/coreutils-8.24/chown.bc>:!4439	574
</home/chrzissis/cclyzer-souffle/tests/coreutils-8.24/chown.bc>:!4451	576
</home/chrzissis/cclyzer-souffle/tests/coreutils-8.24/chown.bc>:!4458	586
</home/chrzissis/cclyzer-souffle/tests/coreutils-8.24/chown.bc>:!4469	594
</home/chrzissis/cclyzer-souffle/tests/coreutils-8.24/chown.bc>:!4479	595
</home/chrzissis/cclyzer-souffle/tests/coreutils-8.24/chown.bc>:!4486	602
</home/chrzissis/cclyzer-souffle/tests/coreutils-8.24/chown.bc>:!4487	601
</home/chrzissis/cclyzer-souffle/tests/coreutils-8.24/chown.bc>:!4488	600
</home/chrzissis/cclyzer-souffle/tests/coreutils-8.24/chown.bc>:!4489	600
</home/chrzissis/cclyzer-souffle/tests/coreutils-8.24/chown.bc>:!4495	604
</home/chrzissis/cclyzer-souffle/tests/coreutils-8.24/chown.bc>:!4496	603
</home/chrzissis/cclyzer-souffle/tests/coreutils-8.24/chown.bc>:!4502	606
</home/chrzissis/cclyzer-souffle/tests/coreutils-8.24/chown.bc>:!4503	606
</home/chrzissis/cclyzer-souffle/tests/coreutils-8.24/chown.bc>:!4513	607
</home/chrzissis/cclyzer-souffle/tests/coreutils-8.24/chown.bc>:!4514	607
</home/chrzissis/cclyzer-souffle/tests/coreutils-8.24/chown.bc>:!4524	608
</home/chrzissis/cclyzer-souffle/tests/coreutils-8.24/chown.bc>:!4525	608
</home/chrzissis/cclyzer-souffle/tests/coreutils-8.24/chown.bc>:!4539	611
</home/chrzissis/cclyzer-souffle/tests/coreutils-8.24/chown.bc>:!4542	612
</home/chrzissis/cclyzer-souffle/tests/coreutils-8.24/chown.bc>:!4545	613
</home/chrzissis/cclyzer-souffle/tests/coreutils-8.24/chown.bc>:!4546	613
</home/chrzissis/cclyzer-souffle/tests/coreutils-8.24/chown.bc>:!4556	616
</home/chrzissis/cclyzer-souffle/tests/coreutils-8.24/chown.bc>:!4565	618
</home/chrzissis/cclyzer-souffle/tests/coreutils-8.24/chown.bc>:!4566	618
</home/chrzissis/cclyzer-souffle/tests/coreutils-8.24/chown.bc>:!4580	627
</home/chrzissis/cclyzer-souffle/tests/coreutils-8.24/chown.bc>:!4601	634
</home/chrzissis/cclyzer-souffle/tests/coreutils-8.24/chown.bc>:!4607	636
</home/chrzissis/cclyzer-souffle/tests/coreutils-8.24/chown.bc>:!4608	636
</home/chrzissis/cclyzer-souffle/tests/coreutils-8.24/chown.bc>:!4620	639
</home/chrzissis/cclyzer-souffle/tests/coreutils-8.24/chown.bc>:!4621	639
</home/chrzissis/cclyzer-souffle/tests/coreutils-8.24/chown.bc>:!4632	642
</home/chrzissis/cclyzer-souffle/tests/coreutils-8.24/chown.bc>:!4643	646
</home/chrzissis/cclyzer-souffle/tests/coreutils-8.24/chown.bc>:!4652	647
</home/chrzissis/cclyzer-souffle/tests/coreutils-8.24/chown.bc>:!4653	647
</home/chrzissis/cclyzer-souffle/tests/coreutils-8.24/chown.bc>:!4659	648
</home/chrzissis/cclyzer-souffle/tests/coreutils-8.24/chown.bc>:!4660	648
</home/chrzissis/cclyzer-souffle/tests/coreutils-8.24/chown.bc>:!4673	650
</home/chrzissis/cclyzer-souffle/tests/coreutils-8.24/chown.bc>:!4712	774
</home/chrzissis/cclyzer-souffle/tests/coreutils-8.24/chown.bc>:!4717	777
</home/chrzissis/cclyzer-souffle/tests/coreutils-8.24/chown.bc>:!4722	778
</home/chrzissis/cclyzer-souffle/tests/coreutils-8.24/chown.bc>:!4731	787
</home/chrzissis/cclyzer-souffle/tests/coreutils-8.24/chown.bc>:!4748	791
</home/chrzissis/cclyzer-souffle/tests/coreutils-8.24/chown.bc>:!4765	797
</home/chrzissis/cclyzer-souffle/tests/coreutils-8.24/chown.bc>:!4797	808
</home/chrzissis/cclyzer-souffle/tests/coreutils-8.24/chown.bc>:!4802	809
</home/chrzissis/cclyzer-souffle/tests/coreutils-8.24/chown.bc>:!4810	811
</home/chrzissis/cclyzer-souffle/tests/coreutils-8.24/chown.bc>:!4847	182
</home/chrzissis/cclyzer-souffle/tests/coreutils-8.24/chown.bc>:!4866	198
</home/chrzissis/cclyzer-souffle/tests/coreutils-8.24/chown.bc>:!4875	220
</home/chrzissis/cclyzer-souffle/tests/coreutils-8.24/chown.bc>:!4881	222
</home/chrzissis/cclyzer-souffle/tests/coreutils-8.24/chown.bc>:!4916	32
</home/chrzissis/cclyzer-souffle/tests/coreutils-8.24/chown.bc>:!4961	266
</home/chrzissis/cclyzer-souffle/tests/coreutils-8.24/chown.bc>:!4970	267
</home/chrzissis/cclyzer-souffle/tests/coreutils-8.24/chown.bc>:!4975	275
</home/chrzissis/cclyzer-souffle/tests/coreutils-8.24/chown.bc>:!5049	120
</home/chrzissis/cclyzer-souffle/tests/coreutils-8.24/chown.bc>:!5055	122
</home/chrzissis/cclyzer-souffle/tests/coreutils-8.24/chown.bc>:!5062	130
</home/chrzissis/cclyzer-souffle/tests/coreutils-8.24/chown.bc>:!5066	132
</home/chrzissis/cclyzer-souffle/tests/coreutils-8.24/chown.bc>:!5067	131
</home/chrzissis/cclyzer-souffle/tests/coreutils-8.24/chown.bc>:!5076	136
</home/chrzissis/cclyzer-souffle/tests/coreutils-8.24/chown.bc>:!5082	138
</home/chrzissis/cclyzer-souffle/tests/coreutils-8.24/chown.bc>:!5086	139
</home/chrzissis/cclyzer-souffle/tests/coreutils-8.24/chown.bc>:!5110	158
</home/chrzissis/cclyzer-souffle/tests/coreutils-8.24/chown.bc>:!5114	159
</home/chrzissis/cclyzer-souffle/tests/coreutils-8.24/chown.bc>:!5126	162
</home/chrzissis/cclyzer-souffle/tests/coreutils-8.24/chown.bc>:!5130	163
</home/chrzissis/cclyzer-souffle/tests/coreutils-8.24/chown.bc>:!5141	165
</home/chrzissis/cclyzer-souffle/tests/coreutils-8.24/chown.bc>:!5144	166
</home/chrzissis/cclyzer-souffle/tests/coreutils-8.24/chown.bc>:!5148	172
</home/chrzissis/cclyzer-souffle/tests/coreutils-8.24/chown.bc>:!5151	174
</home/chrzissis/cclyzer-souffle/tests/coreutils-8.24/chown.bc>:!5171	182
</home/chrzissis/cclyzer-souffle/tests/coreutils-8.24/chown.bc>:!5175	184
</home/chrzissis/cclyzer-souffle/tests/coreutils-8.24/chown.bc>:!5183	185
</home/chrzissis/cclyzer-souffle/tests/coreutils-8.24/chown.bc>:!5208	198
</home/chrzissis/cclyzer-souffle/tests/coreutils-8.24/chown.bc>:!5216	199
</home/chrzissis/cclyzer-souffle/tests/coreutils-8.24/chown.bc>:!5228	203
</home/chrzissis/cclyzer-souffle/tests/coreutils-8.24/chown.bc>:!5232	204
</home/chrzissis/cclyzer-souffle/tests/coreutils-8.24/chown.bc>:!5235	206
</home/chrzissis/cclyzer-souffle/tests/coreutils-8.24/chown.bc>:!5263	218
</home/chrzissis/cclyzer-souffle/tests/coreutils-8.24/chown.bc>:!5267	219
</home/chrzissis/cclyzer-souffle/tests/coreutils-8.24/chown.bc>:!5271	221
</home/chrzissis/cclyzer-souffle/tests/coreutils-8.24/chown.bc>:!5278	223
</home/chrzissis/cclyzer-souffle/tests/coreutils-8.24/chown.bc>:!5281	224
</home/chrzissis/cclyzer-souffle/tests/coreutils-8.24/chown.bc>:!5287	228
</home/chrzissis/cclyzer-souffle/tests/coreutils-8.24/chown.bc>:!5290	229
</home/chrzissis/cclyzer-souffle/tests/coreutils-8.24/chown.bc>:!5317	67
</home/chrzissis/cclyzer-souffle/tests/coreutils-8.24/chown.bc>:!5335	96
</home/chrzissis/cclyzer-souffle/tests/coreutils-8.24/chown.bc>:!5444	186
</home/chrzissis/cclyzer-souffle/tests/coreutils-8.24/chown.bc>:!5449	186
</home/chrzissis/cclyzer-souffle/tests/coreutils-8.24/chown.bc>:!5483	203
</home/chrzissis/cclyzer-souffle/tests/coreutils-8.24/chown.bc>:!5486	203
</home/chrzissis/cclyzer-souffle/tests/coreutils-8.24/chown.bc>:!5551	106
</home/chrzissis/cclyzer-souffle/tests/coreutils-8.24/chown.bc>:!5566	42
</home/chrzissis/cclyzer-souffle/tests/coreutils-8.24/chown.bc>:!5582	119
</home/chrzissis/cclyzer-souffle/tests/coreutils-8.24/chown.bc>:!5596	53
</home/chrzissis/cclyzer-souffle/tests/coreutils-8.24/chown.bc>:!5602	54
</home/chrzissis/cclyzer-souffle/tests/coreutils-8.24/chown.bc>:!5610	62
</home/chrzissis/cclyzer-souffle/tests/coreutils-8.24/chown.bc>:!5630	183
</home/chrzissis/cclyzer-souffle/tests/coreutils-8.24/chown.bc>:!5633	185
</home/chrzissis/cclyzer-souffle/tests/coreutils-8.24/chown.bc>:!5634	184
</home/chrzissis/cclyzer-souffle/tests/coreutils-8.24/chown.bc>:!5637	186
</home/chrzissis/cclyzer-souffle/tests/coreutils-8.24/chown.bc>:!5646	203
</home/chrzissis/cclyzer-souffle/tests/coreutils-8.24/chown.bc>:!5647	198
</home/chrzissis/cclyzer-souffle/tests/coreutils-8.24/chown.bc>:!5692	100
</home/chrzissis/cclyzer-souffle/tests/coreutils-8.24/chown.bc>:!5737	37
</home/chrzissis/cclyzer-souffle/tests/coreutils-8.24/chown.bc>:!5741	38
</home/chrzissis/cclyzer-souffle/tests/coreutils-8.24/chown.bc>:!5803	103
</home/chrzissis/cclyzer-souffle/tests/coreutils-8.24/chown.bc>:!5804	102
</home/chrzissis/cclyzer-souffle/tests/coreutils-8.24/chown.bc>:!5819	108
</home/chrzissis/cclyzer-souffle/tests/coreutils-8.24/chown.bc>:!5829	114
</home/chrzissis/cclyzer-souffle/tests/coreutils-8.24/chown.bc>:!5835	118
</home/chrzissis/cclyzer-souffle/tests/coreutils-8.24/chown.bc>:!5836	115
</home/chrzissis/cclyzer-souffle/tests/coreutils-8.24/chown.bc>:!5855	123
</home/chrzissis/cclyzer-souffle/tests/coreutils-8.24/chown.bc>:!5859	125
</home/chrzissis/cclyzer-souffle/tests/coreutils-8.24/chown.bc>:!5860	124
</home/chrzissis/cclyzer-souffle/tests/coreutils-8.24/chown.bc>:!5867	133
</home/chrzissis/cclyzer-souffle/tests/coreutils-8.24/chown.bc>:!5870	134
</home/chrzissis/cclyzer-souffle/tests/coreutils-8.24/chown.bc>:!5876	139
</home/chrzissis/cclyzer-souffle/tests/coreutils-8.24/chown.bc>:!5882	140
</home/chrzissis/cclyzer-souffle/tests/coreutils-8.24/chown.bc>:!5889	145
</home/chrzissis/cclyzer-souffle/tests/coreutils-8.24/chown.bc>:!5896	146
</home/chrzissis/cclyzer-souffle/tests/coreutils-8.24/chown.bc>:!5903	151
</home/chrzissis/cclyzer-souffle/tests/coreutils-8.24/chown.bc>:!5907	152
</home/chrzissis/cclyzer-souffle/tests/coreutils-8.24/chown.bc>:!5910	163
</home/chrzissis/cclyzer-souffle/tests/coreutils-8.24/chown.bc>:!5911	161
</home/chrzissis/cclyzer-souffle/tests/coreutils-8.24/chown.bc>:!5926	176
</home/chrzissis/cclyzer-souffle/tests/coreutils-8.24/chown.bc>:!5981	236
</home/chrzissis/cclyzer-souffle/tests/coreutils-8.24/chown.bc>:!5999	67
</home/chrzissis/cclyzer-souffle/tests/coreutils-8.24/chown.bc>:!6006	68
</home/chrzissis/cclyzer-souffle/tests/coreutils-8.24/chown.bc>:!6039	47
</home/chrzissis/cclyzer-souffle/tests/coreutils-8.24/chown.bc>:!6047	48
</home/chrzissis/cclyzer-souffle/tests/coreutils-8.24/chown.bc>:!6051	53
</home/chrzissis/cclyzer-souffle/tests/coreutils-8.24/chown.bc>:!6057	57
</home/chrzissis/cclyzer-souffle/tests/coreutils-8.24/chown.bc>:!6064	58
</home/chrzissis/cclyzer-souffle/tests/coreutils-8.24/chown.bc>:!6095	393
</home/chrzissis/cclyzer-souffle/tests/coreutils-8.24/chown.bc>:!6099	393
</home/chrzissis/cclyzer-souffle/tests/coreutils-8.24/chown.bc>:!6102	397
</home/chrzissis/cclyzer-souffle/tests/coreutils-8.24/chown.bc>:!6110	397
</home/chrzissis/cclyzer-souffle/tests/coreutils-8.24/chown.bc>:!6113	401
</home/chrzissis/cclyzer-souffle/tests/coreutils-8.24/chown.bc>:!6117	401
</home/chrzissis/cclyzer-souffle/tests/coreutils-8.24/chown.bc>:!6120	407
</home/chrzissis/cclyzer-souffle/tests/coreutils-8.24/chown.bc>:!6136	414
</home/chrzissis/cclyzer-souffle/tests/coreutils-8.24/chown.bc>:!6139	414
</home/chrzissis/cclyzer-souffle/tests/coreutils-8.24/chown.bc>:!6146	421
</home/chrzissis/cclyzer-souffle/tests/coreutils-8.24/chown.bc>:!6151	422
</home/chrzissis/cclyzer-souffle/tests/coreutils-8.24/chown.bc>:!6157	429
</home/chrzissis/cclyzer-souffle/tests/coreutils-8.24/chown.bc>:!6161	430
</home/chrzissis/cclyzer-souffle/tests/coreutils-8.24/chown.bc>:!6163	449
</home/chrzissis/cclyzer-souffle/tests/coreutils-8.24/chown.bc>:!6167	461
</home/chrzissis/cclyzer-souffle/tests/coreutils-8.24/chown.bc>:!6172	463
</home/chrzissis/cclyzer-souffle/tests/coreutils-8.24/chown.bc>:!6184	468
</home/chrzissis/cclyzer-souffle/tests/coreutils-8.24/chown.bc>:!6189	469
</home/chrzissis/cclyzer-souffle/tests/coreutils-8.24/chown.bc>:!6190	468
</home/chrzissis/cclyzer-souffle/tests/coreutils-8.24/chown.bc>:!6208	488
</home/chrzissis/cclyzer-souffle/tests/coreutils-8.24/chown.bc>:!6214	488
</home/chrzissis/cclyzer-souffle/tests/coreutils-8.24/chown.bc>:!6219	488
</home/chrzissis/cclyzer-souffle/tests/coreutils-8.24/chown.bc>:!6225	492
</home/chrzissis/cclyzer-souffle/tests/coreutils-8.24/chown.bc>:!6229	493
</home/chrzissis/cclyzer-souffle/tests/coreutils-8.24/chown.bc>:!6234	497
</home/chrzissis/cclyzer-souffle/tests/coreutils-8.24/chown.bc>:!6260	502
</home/chrzissis/cclyzer-souffle/tests/coreutils-8.24/chown.bc>:!6282	510
</home/chrzissis/cclyzer-souffle/tests/coreutils-8.24/chown.bc>:!6289	510
</home/chrzissis/cclyzer-souffle/tests/coreutils-8.24/chown.bc>:!6296	513
</home/chrzissis/cclyzer-souffle/tests/coreutils-8.24/chown.bc>:!6303	521
</home/chrzissis/cclyzer-souffle/tests/coreutils-8.24/chown.bc>:!6306	521
</home/chrzissis/cclyzer-souffle/tests/coreutils-8.24/chown.bc>:!6314	524
</home/chrzissis/cclyzer-souffle/tests/coreutils-8.24/chown.bc>:!6318	526
</home/chrzissis/cclyzer-souffle/tests/coreutils-8.24/chown.bc>:!6326	528
</home/chrzissis/cclyzer-souffle/tests/coreutils-8.24/chown.bc>:!6337	534
</home/chrzissis/cclyzer-souffle/tests/coreutils-8.24/chown.bc>:!6350	542
</home/chrzissis/cclyzer-souffle/tests/coreutils-8.24/chown.bc>:!6368	546
</home/chrzissis/cclyzer-souffle/tests/coreutils-8.24/chown.bc>:!6373	556
</home/chrzissis/cclyzer-souffle/tests/coreutils-8.24/chown.bc>:!6411	605
</home/chrzissis/cclyzer-souffle/tests/coreutils-8.24/chown.bc>:!6415	606
</home/chrzissis/cclyzer-souffle/tests/coreutils-8.24/chown.bc>:!6416	605
</home/chrzissis/cclyzer-souffle/tests/coreutils-8.24/chown.bc>:!6423	606
</home/chrzissis/cclyzer-souffle/tests/coreutils-8.24/chown.bc>:!6428	606
</home/chrzissis/cclyzer-souffle/tests/coreutils-8.24/chown.bc>:!6449	615
</home/chrzissis/cclyzer-souffle/tests/coreutils-8.24/chown.bc>:!6462	620
</home/chrzissis/cclyzer-souffle/tests/coreutils-8.24/chown.bc>:!6465	622
</home/chrzissis/cclyzer-souffle/tests/coreutils-8.24/chown.bc>:!6466	621
</home/chrzissis/cclyzer-souffle/tests/coreutils-8.24/chown.bc>:!6471	623
</home/chrzissis/cclyzer-souffle/tests/coreutils-8.24/chown.bc>:!6482	626
</home/chrzissis/cclyzer-souffle/tests/coreutils-8.24/chown.bc>:!6485	629
</home/chrzissis/cclyzer-souffle/tests/coreutils-8.24/chown.bc>:!6486	627
</home/chrzissis/cclyzer-souffle/tests/coreutils-8.24/chown.bc>:!6494	634
</home/chrzissis/cclyzer-souffle/tests/coreutils-8.24/chown.bc>:!6499	635
</home/chrzissis/cclyzer-souffle/tests/coreutils-8.24/chown.bc>:!6512	641
</home/chrzissis/cclyzer-souffle/tests/coreutils-8.24/chown.bc>:!6523	650
</home/chrzissis/cclyzer-souffle/tests/coreutils-8.24/chown.bc>:!6526	650
</home/chrzissis/cclyzer-souffle/tests/coreutils-8.24/chown.bc>:!6541	840
</home/chrzissis/cclyzer-souffle/tests/coreutils-8.24/chown.bc>:!6559	851
</home/chrzissis/cclyzer-souffle/tests/coreutils-8.24/chown.bc>:!6563	851
</home/chrzissis/cclyzer-souffle/tests/coreutils-8.24/chown.bc>:!6572	864
</home/chrzissis/cclyzer-souffle/tests/coreutils-8.24/chown.bc>:!6586	865
</home/chrzissis/cclyzer-souffle/tests/coreutils-8.24/chown.bc>:!6593	867
</home/chrzissis/cclyzer-souffle/tests/coreutils-8.24/chown.bc>:!6601	868
</home/chrzissis/cclyzer-souffle/tests/coreutils-8.24/chown.bc>:!6602	867
</home/chrzissis/cclyzer-souffle/tests/coreutils-8.24/chown.bc>:!6610	868
</home/chrzissis/cclyzer-souffle/tests/coreutils-8.24/chown.bc>:!6624	878
</home/chrzissis/cclyzer-souffle/tests/coreutils-8.24/chown.bc>:!6629	880
</home/chrzissis/cclyzer-souffle/tests/coreutils-8.24/chown.bc>:!6630	878
</home/chrzissis/cclyzer-souffle/tests/coreutils-8.24/chown.bc>:!6645	882
</home/chrzissis/cclyzer-souffle/tests/coreutils-8.24/chown.bc>:!6646	881
</home/chrzissis/cclyzer-souffle/tests/coreutils-8.24/chown.bc>:!6655	884
</home/chrzissis/cclyzer-souffle/tests/coreutils-8.24/chown.bc>:!6659	884
</home/chrzissis/cclyzer-souffle/tests/coreutils-8.24/chown.bc>:!6672	889
</home/chrzissis/cclyzer-souffle/tests/coreutils-8.24/chown.bc>:!6676	894
</home/chrzissis/cclyzer-souffle/tests/coreutils-8.24/chown.bc>:!6684	894
</home/chrzissis/cclyzer-souffle/tests/coreutils-8.24/chown.bc>:!6693	912
</home/chrzissis/cclyzer-souffle/tests/coreutils-8.24/chown.bc>:!6698	913
</home/chrzissis/cclyzer-souffle/tests/coreutils-8.24/chown.bc>:!6699	912
</home/chrzissis/cclyzer-souffle/tests/coreutils-8.24/chown.bc>:!6706	913
</home/chrzissis/cclyzer-souffle/tests/coreutils-8.24/chown.bc>:!6714	916
</home/chrzissis/cclyzer-souffle/tests/coreutils-8.24/chown.bc>:!6721	916
</home/chrzissis/cclyzer-souffle/tests/coreutils-8.24/chown.bc>:!6737	921
</home/chrzissis/cclyzer-souffle/tests/coreutils-8.24/chown.bc>:!6745	922
</home/chrzissis/cclyzer-souffle/tests/coreutils-8.24/chown.bc>:!6746	921
</home/chrzissis/cclyzer-souffle/tests/coreutils-8.24/chown.bc>:!6750	927
</home/chrzissis/cclyzer-souffle/tests/coreutils-8.24/chown.bc>:!6765	929
</home/chrzissis/cclyzer-souffle/tests/coreutils-8.24/chown.bc>:!6780	943
</home/chrzissis/cclyzer-souffle/tests/coreutils-8.24/chown.bc>:!6791	944
</home/chrzissis/cclyzer-souffle/tests/coreutils-8.24/chown.bc>:!6804	949
</home/chrzissis/cclyzer-souffle/tests/coreutils-8.24/chown.bc>:!6810	951
</home/chrzissis/cclyzer-souffle/tests/coreutils-8.24/chown.bc>:!6811	950
</home/chrzissis/cclyzer-souffle/tests/coreutils-8.24/chown.bc>:!6819	960
</home/chrzissis/cclyzer-souffle/tests/coreutils-8.24/chown.bc>:!6825	960
</home/chrzissis/cclyzer-souffle/tests/coreutils-8.24/chown.bc>:!6832	969
</home/chrzissis/cclyzer-souffle/tests/coreutils-8.24/chown.bc>:!6837	970
</home/chrzissis/cclyzer-souffle/tests/coreutils-8.24/chown.bc>:!6838	969
</home/chrzissis/cclyzer-souffle/tests/coreutils-8.24/chown.bc>:!6842	970
</home/chrzissis/cclyzer-souffle/tests/coreutils-8.24/chown.bc>:!6853	985
</home/chrzissis/cclyzer-souffle/tests/coreutils-8.24/chown.bc>:!6859	987
</home/chrzissis/cclyzer-souffle/tests/coreutils-8.24/chown.bc>:!6864	987
</home/chrzissis/cclyzer-souffle/tests/coreutils-8.24/chown.bc>:!6871	989
</home/chrzissis/cclyzer-souffle/tests/coreutils-8.24/chown.bc>:!6879	990
</home/chrzissis/cclyzer-souffle/tests/coreutils-8.24/chown.bc>:!6880	989
</home/chrzissis/cclyzer-souffle/tests/coreutils-8.24/chown.bc>:!6888	990
</home/chrzissis/cclyzer-souffle/tests/coreutils-8.24/chown.bc>:!6931	1004
</home/chrzissis/cclyzer-souffle/tests/coreutils-8.24/chown.bc>:!6936	1006
</home/chrzissis/cclyzer-souffle/tests/coreutils-8.24/chown.bc>:!6937	1005
</home/chrzissis/cclyzer-souffle/tests/coreutils-8.24/chown.bc>:!6943	1007
</home/chrzissis/cclyzer-souffle/tests/coreutils-8.24/chown.bc>:!6948	1009
</home/chrzissis/cclyzer-souffle/tests/coreutils-8.24/chown.bc>:!6965	1016
</home/chrzissis/cclyzer-souffle/tests/coreutils-8.24/chown.bc>:!6967	1020
</home/chrzissis/cclyzer-souffle/tests/coreutils-8.24/chown.bc>:!6974	1022
</home/chrzissis/cclyzer-souffle/tests/coreutils-8.24/chown.bc>:!6992	1029
</home/chrzissis/cclyzer-souffle/tests/coreutils-8.24/chown.bc>:!6993	1029
</home/chrzissis/cclyzer-souffle/tests/coreutils-8.24/chown.bc>:!7001	1032
</home/chrzissis/cclyzer-souffle/tests/coreutils-8.24/chown.bc>:!7006	1037
</home/chrzissis/cclyzer-souffle/tests/coreutils-8.24/chown.bc>:!7007	1033
</home/chrzissis/cclyzer-souffle/tests/coreutils-8.24/chown.bc>:!7018	1040
</home/chrzissis/cclyzer-souffle/tests/coreutils-8.24/chown.bc>:!7023	1041
</home/chrzissis/cclyzer-souffle/tests/coreutils-8.24/chown.bc>:!7040	1055
</home/chrzissis/cclyzer-souffle/tests/coreutils-8.24/chown.bc>:!7045	1055
</home/chrzissis/cclyzer-souffle/tests/coreutils-8.24/chown.bc>:!7055	1065
</home/chrzissis/cclyzer-souffle/tests/coreutils-8.24/chown.bc>:!7056	1065
</home/chrzissis/cclyzer-souffle/tests/coreutils-8.24/chown.bc>:!7068	1076
</home/chrzissis/cclyzer-souffle/tests/coreutils-8.24/chown.bc>:!7073	1077
</home/chrzissis/cclyzer-souffle/tests/coreutils-8.24/chown.bc>:!7074	1076
</home/chrzissis/cclyzer-souffle/tests/coreutils-8.24/chown.bc>:!7078	1077
</home/chrzissis/cclyzer-souffle/tests/coreutils-8.24/chown.bc>:!7086	1081
</home/chrzissis/cclyzer-souffle/tests/coreutils-8.24/chown.bc>:!7091	1082
</home/chrzissis/cclyzer-souffle/tests/coreutils-8.24/chown.bc>:!7092	1081
</home/chrzissis/cclyzer-souffle/tests/coreutils-8.24/chown.bc>:!7101	1082
</home/chrzissis/cclyzer-souffle/tests/coreutils-8.24/chown.bc>:!7112	1087
</home/chrzissis/cclyzer-souffle/tests/coreutils-8.24/chown.bc>:!7122	1088
</home/chrzissis/cclyzer-souffle/tests/coreutils-8.24/chown.bc>:!7129	1096
</home/chrzissis/cclyzer-souffle/tests/coreutils-8.24/chown.bc>:!7134	1096
</home/chrzissis/cclyzer-souffle/tests/coreutils-8.24/chown.bc>:!7140	1098
</home/chrzissis/cclyzer-souffle/tests/coreutils-8.24/chown.bc>:!7147	1099
</home/chrzissis/cclyzer-souffle/tests/coreutils-8.24/chown.bc>:!7167	1114
</home/chrzissis/cclyzer-souffle/tests/coreutils-8.24/chown.bc>:!7185	1115
</home/chrzissis/cclyzer-souffle/tests/coreutils-8.24/chown.bc>:!7202	1129
</home/chrzissis/cclyzer-souffle/tests/coreutils-8.24/chown.bc>:!7210	1129
</home/chrzissis/cclyzer-souffle/tests/coreutils-8.24/chown.bc>:!7217	1144
</home/chrzissis/cclyzer-souffle/tests/coreutils-8.24/chown.bc>:!7221	1148
</home/chrzissis/cclyzer-souffle/tests/coreutils-8.24/chown.bc>:!7229	1156
</home/chrzissis/cclyzer-souffle/tests/coreutils-8.24/chown.bc>:!7235	1160
</home/chrzissis/cclyzer-souffle/tests/coreutils-8.24/chown.bc>:!7243	1163
</home/chrzissis/cclyzer-souffle/tests/coreutils-8.24/chown.bc>:!7247	1163
</home/chrzissis/cclyzer-souffle/tests/coreutils-8.24/chown.bc>:!7252	1176
</home/chrzissis/cclyzer-souffle/tests/coreutils-8.24/chown.bc>:!7272	1180
</home/chrzissis/cclyzer-souffle/tests/coreutils-8.24/chown.bc>:!7288	1183
</home/chrzissis/cclyzer-souffle/tests/coreutils-8.24/chown.bc>:!7291	1184
</home/chrzissis/cclyzer-souffle/tests/coreutils-8.24/chown.bc>:!7296	1189
</home/chrzissis/cclyzer-souffle/tests/coreutils-8.24/chown.bc>:!7297	1188
</home/chrzissis/cclyzer-souffle/tests/coreutils-8.24/chown.bc>:!7301	1190
</home/chrzissis/cclyzer-souffle/tests/coreutils-8.24/chown.bc>:!7321	2019
</home/chrzissis/cclyzer-souffle/tests/coreutils-8.24/chown.bc>:!7326	2019
</home/chrzissis/cclyzer-souffle/tests/coreutils-8.24/chown.bc>:!7330	2020
</home/chrzissis/cclyzer-souffle/tests/coreutils-8.24/chown.bc>:!7361	1967
</home/chrzissis/cclyzer-souffle/tests/coreutils-8.24/chown.bc>:!7367	1967
</home/chrzissis/cclyzer-souffle/tests/coreutils-8.24/chown.bc>:!7386	1975
</home/chrzissis/cclyzer-souffle/tests/coreutils-8.24/chown.bc>:!7390	1975
</home/chrzissis/cclyzer-souffle/tests/coreutils-8.24/chown.bc>:!7423	1916
</home/chrzissis/cclyzer-souffle/tests/coreutils-8.24/chown.bc>:!7479	286
</home/chrzissis/cclyzer-souffle/tests/coreutils-8.24/chown.bc>:!7480	286
</home/chrzissis/cclyzer-souffle/tests/coreutils-8.24/chown.bc>:!7506	1792
</home/chrzissis/cclyzer-souffle/tests/coreutils-8.24/chown.bc>:!7516	1800
</home/chrzissis/cclyzer-souffle/tests/coreutils-8.24/chown.bc>:!7522	1801
</home/chrzissis/cclyzer-souffle/tests/coreutils-8.24/chown.bc>:!7523	1800
</home/chrzissis/cclyzer-souffle/tests/coreutils-8.24/chown.bc>:!7529	1801
</home/chrzissis/cclyzer-souffle/tests/coreutils-8.24/chown.bc>:!7532	1803
</home/chrzissis/cclyzer-souffle/tests/coreutils-8.24/chown.bc>:!7543	1804
</home/chrzissis/cclyzer-souffle/tests/coreutils-8.24/chown.bc>:!7552	1811
</home/chrzissis/cclyzer-souffle/tests/coreutils-8.24/chown.bc>:!7560	1812
</home/chrzissis/cclyzer-souffle/tests/coreutils-8.24/chown.bc>:!7568	1818
</home/chrzissis/cclyzer-souffle/tests/coreutils-8.24/chown.bc>:!7571	1818
</home/chrzissis/cclyzer-souffle/tests/coreutils-8.24/chown.bc>:!7580	1821
</home/chrzissis/cclyzer-souffle/tests/coreutils-8.24/chown.bc>:!7589	1821
</home/chrzissis/cclyzer-souffle/tests/coreutils-8.24/chown.bc>:!7596	1828
</home/chrzissis/cclyzer-souffle/tests/coreutils-8.24/chown.bc>:!7600	1830
</home/chrzissis/cclyzer-souffle/tests/coreutils-8.24/chown.bc>:!7631	1875
</home/chrzissis/cclyzer-souffle/tests/coreutils-8.24/chown.bc>:!7637	1875
</home/chrzissis/cclyzer-souffle/tests/coreutils-8.24/chown.bc>:!7645	1879
</home/chrzissis/cclyzer-souffle/tests/coreutils-8.24/chown.bc>:!7660	1881
</home/chrzissis/cclyzer-souffle/tests/coreutils-8.24/chown.bc>:!7677	1889
</home/chrzissis/cclyzer-souffle/tests/coreutils-8.24/chown.bc>:!7686	1889
</home/chrzissis/cclyzer-souffle/tests/coreutils-8.24/chown.bc>:!7703	1892
</home/chrzissis/cclyzer-souffle/tests/coreutils-8.24/chown.bc>:!7712	1892
</home/chrzissis/cclyzer-souffle/tests/coreutils-8.24/chown.bc>:!7729	52
</home/chrzissis/cclyzer-souffle/tests/coreutils-8.24/chown.bc>:!7734	53
</home/chrzissis/cclyzer-souffle/tests/coreutils-8.24/chown.bc>:!7740	57
</home/chrzissis/cclyzer-souffle/tests/coreutils-8.24/chown.bc>:!7747	61
</home/chrzissis/cclyzer-souffle/tests/coreutils-8.24/chown.bc>:!7753	63
</home/chrzissis/cclyzer-souffle/tests/coreutils-8.24/chown.bc>:!7789	375
</home/chrzissis/cclyzer-souffle/tests/coreutils-8.24/chown.bc>:!7806	1942
</home/chrzissis/cclyzer-souffle/tests/coreutils-8.24/chown.bc>:!7810	1944
</home/chrzissis/cclyzer-souffle/tests/coreutils-8.24/chown.bc>:!7828	273
</home/chrzissis/cclyzer-souffle/tests/coreutils-8.24/chown.bc>:!7833	275
</home/chrzissis/cclyzer-souffle/tests/coreutils-8.24/chown.bc>:!7842	153
</home/chrzissis/cclyzer-souffle/tests/coreutils-8.24/chown.bc>:!7847	155
</home/chrzissis/cclyzer-souffle/tests/coreutils-8.24/chown.bc>:!7848	154
</home/chrzissis/cclyzer-souffle/tests/coreutils-8.24/chown.bc>:!7873	128
</home/chrzissis/cclyzer-souffle/tests/coreutils-8.24/chown.bc>:!7878	129
</home/chrzissis/cclyzer-souffle/tests/coreutils-8.24/chown.bc>:!7902	135
</home/chrzissis/cclyzer-souffle/tests/coreutils-8.24/chown.bc>:!7909	140
</home/chrzissis/cclyzer-souffle/tests/coreutils-8.24/chown.bc>:!7914	142
</home/chrzissis/cclyzer-souffle/tests/coreutils-8.24/chown.bc>:!7925	143
</home/chrzissis/cclyzer-souffle/tests/coreutils-8.24/chown.bc>:!7926	143
</home/chrzissis/cclyzer-souffle/tests/coreutils-8.24/chown.bc>:!7932	143
</home/chrzissis/cclyzer-souffle/tests/coreutils-8.24/chown.bc>:!7937	143
</home/chrzissis/cclyzer-souffle/tests/coreutils-8.24/chown.bc>:!7966	2046
</home/chrzissis/cclyzer-souffle/tests/coreutils-8.24/chown.bc>:!7969	2048
</home/chrzissis/cclyzer-souffle/tests/coreutils-8.24/chown.bc>:!7970	2047
</home/chrzissis/cclyzer-souffle/tests/coreutils-8.24/chown.bc>:!7980	2053
</home/chrzissis/cclyzer-souffle/tests/coreutils-8.24/chown.bc>:!7990	2060
</home/chrzissis/cclyzer-souffle/tests/coreutils-8.24/chown.bc>:!7991	2054
</home/chrzissis/cclyzer-souffle/tests/coreutils-8.24/chown.bc>:!7996	2061
</home/chrzissis/cclyzer-souffle/tests/coreutils-8.24/chown.bc>:!8004	2066
</home/chrzissis/cclyzer-souffle/tests/coreutils-8.24/chown.bc>:!8008	2067
</home/chrzissis/cclyzer-souffle/tests/coreutils-8.24/chown.bc>:!8017	2075
</home/chrzissis/cclyzer-souffle/tests/coreutils-8.24/chown.bc>:!8029	2085
</home/chrzissis/cclyzer-souffle/tests/coreutils-8.24/chown.bc>:!8038	2087
</home/chrzissis/cclyzer-souffle/tests/coreutils-8.24/chown.bc>:!8041	2089
</home/chrzissis/cclyzer-souffle/tests/coreutils-8.24/chown.bc>:!8045	2090
</home/chrzissis/cclyzer-souffle/tests/coreutils-8.24/chown.bc>:!8048	2094
</home/chrzissis/cclyzer-souffle/tests/coreutils-8.24/chown.bc>:!8063	2096
</home/chrzissis/cclyzer-souffle/tests/coreutils-8.24/chown.bc>:!8068	2103
</home/chrzissis/cclyzer-souffle/tests/coreutils-8.24/chown.bc>:!8071	2104
</home/chrzissis/cclyzer-souffle/tests/coreutils-8.24/chown.bc>:!8082	2111
</home/chrzissis/cclyzer-souffle/tests/coreutils-8.24/chown.bc>:!8086	2112
</home/chrzissis/cclyzer-souffle/tests/coreutils-8.24/chown.bc>:!8145	1305
</home/chrzissis/cclyzer-souffle/tests/coreutils-8.24/chown.bc>:!8148	1306
</home/chrzissis/cclyzer-souffle/tests/coreutils-8.24/chown.bc>:!8156	1309
</home/chrzissis/cclyzer-souffle/tests/coreutils-8.24/chown.bc>:!8160	1310
</home/chrzissis/cclyzer-souffle/tests/coreutils-8.24/chown.bc>:!8163	1311
</home/chrzissis/cclyzer-souffle/tests/coreutils-8.24/chown.bc>:!8165	1312
</home/chrzissis/cclyzer-souffle/tests/coreutils-8.24/chown.bc>:!8169	1313
</home/chrzissis/cclyzer-souffle/tests/coreutils-8.24/chown.bc>:!8180	1324
</home/chrzissis/cclyzer-souffle/tests/coreutils-8.24/chown.bc>:!8181	1321
</home/chrzissis/cclyzer-souffle/tests/coreutils-8.24/chown.bc>:!8206	1326
</home/chrzissis/cclyzer-souffle/tests/coreutils-8.24/chown.bc>:!8207	1325
</home/chrzissis/cclyzer-souffle/tests/coreutils-8.24/chown.bc>:!8211	1327
</home/chrzissis/cclyzer-souffle/tests/coreutils-8.24/chown.bc>:!8221	1336
</home/chrzissis/cclyzer-souffle/tests/coreutils-8.24/chown.bc>:!8232	1338
</home/chrzissis/cclyzer-souffle/tests/coreutils-8.24/chown.bc>:!8237	1339
</home/chrzissis/cclyzer-souffle/tests/coreutils-8.24/chown.bc>:!8240	1345
</home/chrzissis/cclyzer-souffle/tests/coreutils-8.24/chown.bc>:!8245	1347
</home/chrzissis/cclyzer-souffle/tests/coreutils-8.24/chown.bc>:!8250	1348
</home/chrzissis/cclyzer-souffle/tests/coreutils-8.24/chown.bc>:!8257	1369
</home/chrzissis/cclyzer-souffle/tests/coreutils-8.24/chown.bc>:!8261	1369
</home/chrzissis/cclyzer-souffle/tests/coreutils-8.24/chown.bc>:!8265	1373
</home/chrzissis/cclyzer-souffle/tests/coreutils-8.24/chown.bc>:!8271	1373
</home/chrzissis/cclyzer-souffle/tests/coreutils-8.24/chown.bc>:!8281	1377
</home/chrzissis/cclyzer-souffle/tests/coreutils-8.24/chown.bc>:!8284	1397
</home/chrzissis/cclyzer-souffle/tests/coreutils-8.24/chown.bc>:!8287	1398
</home/chrzissis/cclyzer-souffle/tests/coreutils-8.24/chown.bc>:!8290	1403
</home/chrzissis/cclyzer-souffle/tests/coreutils-8.24/chown.bc>:!8297	1404
</home/chrzissis/cclyzer-souffle/tests/coreutils-8.24/chown.bc>:!8298	1403
</home/chrzissis/cclyzer-souffle/tests/coreutils-8.24/chown.bc>:!8301	1405
</home/chrzissis/cclyzer-souffle/tests/coreutils-8.24/chown.bc>:!8305	1407
</home/chrzissis/cclyzer-souffle/tests/coreutils-8.24/chown.bc>:!8312	1410
</home/chrzissis/cclyzer-souffle/tests/coreutils-8.24/chown.bc>:!8322	1411
</home/chrzissis/cclyzer-souffle/tests/coreutils-8.24/chown.bc>:!8323	1410
</home/chrzissis/cclyzer-souffle/tests/coreutils-8.24/chown.bc>:!8340	1415
</home/chrzissis/cclyzer-souffle/tests/coreutils-8.24/chown.bc>:!8342	1416
</home/chrzissis/cclyzer-souffle/tests/coreutils-8.24/chown.bc>:!8366	1435
</home/chrzissis/cclyzer-souffle/tests/coreutils-8.24/chown.bc>:!8369	1435
</home/chrzissis/cclyzer-souffle/tests/coreutils-8.24/chown.bc>:!8378	1438
</home/chrzissis/cclyzer-souffle/tests/coreutils-8.24/chown.bc>:!8398	1452
</home/chrzissis/cclyzer-souffle/tests/coreutils-8.24/chown.bc>:!8417	1456
</home/chrzissis/cclyzer-souffle/tests/coreutils-8.24/chown.bc>:!8422	1458
</home/chrzissis/cclyzer-souffle/tests/coreutils-8.24/chown.bc>:!8443	1463
</home/chrzissis/cclyzer-souffle/tests/coreutils-8.24/chown.bc>:!8447	1465
</home/chrzissis/cclyzer-souffle/tests/coreutils-8.24/chown.bc>:!8452	1465
</home/chrzissis/cclyzer-souffle/tests/coreutils-8.24/chown.bc>:!8456	1468
</home/chrzissis/cclyzer-souffle/tests/coreutils-8.24/chown.bc>:!8466	1468
</home/chrzissis/cclyzer-souffle/tests/coreutils-8.24/chown.bc>:!8475	1477
</home/chrzissis/cclyzer-souffle/tests/coreutils-8.24/chown.bc>:!8483	1484
</home/chrzissis/cclyzer-souffle/tests/coreutils-8.24/chown.bc>:!8489	1484
</home/chrzissis/cclyzer-souffle/tests/coreutils-8.24/chown.bc>:!8491	1486
</home/chrzissis/cclyzer-souffle/tests/coreutils-8.24/chown.bc>:!8511	1493
</home/chrzissis/cclyzer-souffle/tests/coreutils-8.24/chown.bc>:!8516	1493
</home/chrzissis/cclyzer-souffle/tests/coreutils-8.24/chown.bc>:!8523	1502
</home/chrzissis/cclyzer-souffle/tests/coreutils-8.24/chown.bc>:!8549	1517
</home/chrzissis/cclyzer-souffle/tests/coreutils-8.24/chown.bc>:!8552	1517
</home/chrzissis/cclyzer-souffle/tests/coreutils-8.24/chown.bc>:!8571	1523
</home/chrzissis/cclyzer-souffle/tests/coreutils-8.24/chown.bc>:!8579	1523
</home/chrzissis/cclyzer-souffle/tests/coreutils-8.24/chown.bc>:!8607	1547
</home/chrzissis/cclyzer-souffle/tests/coreutils-8.24/chown.bc>:!8629	1555
</home/chrzissis/cclyzer-souffle/tests/coreutils-8.24/chown.bc>:!8642	1560
</home/chrzissis/cclyzer-souffle/tests/coreutils-8.24/chown.bc>:!8650	1562
</home/chrzissis/cclyzer-souffle/tests/coreutils-8.24/chown.bc>:!8658	1567
</home/chrzissis/cclyzer-souffle/tests/coreutils-8.24/chown.bc>:!8663	1567
</home/chrzissis/cclyzer-souffle/tests/coreutils-8.24/chown.bc>:!8665	1575
</home/chrzissis/cclyzer-souffle/tests/coreutils-8.24/chown.bc>:!8671	1576
</home/chrzissis/cclyzer-souffle/tests/coreutils-8.24/chown.bc>:!8677	1584
</home/chrzissis/cclyzer-souffle/tests/coreutils-8.24/chown.bc>:!8683	1591
</home/chrzissis/cclyzer-souffle/tests/coreutils-8.24/chown.bc>:!8686	1592
</home/chrzissis/cclyzer-souffle/tests/coreutils-8.24/chown.bc>:!8687	1591
</home/chrzissis/cclyzer-souffle/tests/coreutils-8.24/chown.bc>:!8701	1604
</home/chrzissis/cclyzer-souffle/tests/coreutils-8.24/chown.bc>:!8724	1607
</home/chrzissis/cclyzer-souffle/tests/coreutils-8.24/chown.bc>:!8732	1615
</home/chrzissis/cclyzer-souffle/tests/coreutils-8.24/chown.bc>:!8735	1616
</home/chrzissis/cclyzer-souffle/tests/coreutils-8.24/chown.bc>:!8736	1615
</home/chrzissis/cclyzer-souffle/tests/coreutils-8.24/chown.bc>:!8746	1626
</home/chrzissis/cclyzer-souffle/tests/coreutils-8.24/chown.bc>:!8761	1629
</home/chrzissis/cclyzer-souffle/tests/coreutils-8.24/chown.bc>:!8774	1636
</home/chrzissis/cclyzer-souffle/tests/coreutils-8.24/chown.bc>:!8847	586
</home/chrzissis/cclyzer-souffle/tests/coreutils-8.24/chown.bc>:!8862	586
</home/chrzissis/cclyzer-souffle/tests/coreutils-8.24/chown.bc>:!8911	785
</home/chrzissis/cclyzer-souffle/tests/coreutils-8.24/chown.bc>:!8915	789
</home/chrzissis/cclyzer-souffle/tests/coreutils-8.24/chown.bc>:!8919	790
</home/chrzissis/cclyzer-souffle/tests/coreutils-8.24/chown.bc>:!8925	794
</home/chrzissis/cclyzer-souffle/tests/coreutils-8.24/chown.bc>:!8940	799
</home/chrzissis/cclyzer-souffle/tests/coreutils-8.24/chown.bc>:!8948	804
</home/chrzissis/cclyzer-souffle/tests/coreutils-8.24/chown.bc>:!8971	813
</home/chrzissis/cclyzer-souffle/tests/coreutils-8.24/chown.bc>:!8975	814
</home/chrzissis/cclyzer-souffle/tests/coreutils-8.24/chown.bc>:!8981	819
</home/chrzissis/cclyzer-souffle/tests/coreutils-8.24/chown.bc>:!8982	819
</home/chrzissis/cclyzer-souffle/tests/coreutils-8.24/chown.bc>:!8996	76
</home/chrzissis/cclyzer-souffle/tests/coreutils-8.24/chown.bc>:!9001	77
</home/chrzissis/cclyzer-souffle/tests/coreutils-8.24/chown.bc>:!9012	82
</home/chrzissis/cclyzer-souffle/tests/coreutils-8.24/chown.bc>:!9036	94
</home/chrzissis/cclyzer-souffle/tests/coreutils-8.24/chown.bc>:!9041	95
</home/chrzissis/cclyzer-souffle/tests/coreutils-8.24/chown.bc>:!9044	97
</home/chrzissis/cclyzer-souffle/tests/coreutils-8.24/chown.bc>:!9058	108
</home/chrzissis/cclyzer-souffle/tests/coreutils-8.24/chown.bc>:!9059	107
</home/chrzissis/cclyzer-souffle/tests/coreutils-8.24/chown.bc>:!9067	109
</home/chrzissis/cclyzer-souffle/tests/coreutils-8.24/chown.bc>:!9090	328
</home/chrzissis/cclyzer-souffle/tests/coreutils-8.24/chown.bc>:!9091	328
</home/chrzissis/cclyzer-souffle/tests/coreutils-8.24/chown.bc>:!9101	330
</home/chrzissis/cclyzer-souffle/tests/coreutils-8.24/chown.bc>:!9104	331
</home/chrzissis/cclyzer-souffle/tests/coreutils-8.24/chown.bc>:!9111	336
</home/chrzissis/cclyzer-souffle/tests/coreutils-8.24/chown.bc>:!9118	339
</home/chrzissis/cclyzer-souffle/tests/coreutils-8.24/chown.bc>:!9121	341
</home/chrzissis/cclyzer-souffle/tests/coreutils-8.24/chown.bc>:!9122	340
</home/chrzissis/cclyzer-souffle/tests/coreutils-8.24/chown.bc>:!9231	711
</home/chrzissis/cclyzer-souffle/tests/coreutils-8.24/chown.bc>:!9239	718
</home/chrzissis/cclyzer-souffle/tests/coreutils-8.24/chown.bc>:!9260	303
</home/chrzissis/cclyzer-souffle/tests/coreutils-8.24/chown.bc>:!9270	307
</home/chrzissis/cclyzer-souffle/tests/coreutils-8.24/chown.bc>:!9277	310
</home/chrzissis/cclyzer-souffle/tests/coreutils-8.24/chown.bc>:!9298	1220
</home/chrzissis/cclyzer-souffle/tests/coreutils-8.24/chown.bc>:!9330	2003
</home/chrzissis/cclyzer-souffle/tests/coreutils-8.24/chown.bc>:!9337	2003
</home/chrzissis/cclyzer-souffle/tests/coreutils-8.24/chown.bc>:!9342	2004
</home/chrzissis/cclyzer-souffle/tests/coreutils-8.24/chown.bc>:!9343	2004
</home/chrzissis/cclyzer-souffle/tests/coreutils-8.24/chown.bc>:!9347	2004
</home/chrzissis/cclyzer-souffle/tests/coreutils-8.24/chown.bc>:!9358	2007
</home/chrzissis/cclyzer-souffle/tests/coreutils-8.24/chown.bc>:!9364	2007
</home/chrzissis/cclyzer-souffle/tests/coreutils-8.24/chown.bc>:!9369	2007
</home/chrzissis/cclyzer-souffle/tests/coreutils-8.24/chown.bc>:!9372	2008
</home/chrzissis/cclyzer-souffle/tests/coreutils-8.24/chown.bc>:!9373	2008
</home/chrzissis/cclyzer-souffle/tests/coreutils-8.24/chown.bc>:!9377	2008
</home/chrzissis/cclyzer-souffle/tests/coreutils-8.24/chown.bc>:!9399	684
</home/chrzissis/cclyzer-souffle/tests/coreutils-8.24/chown.bc>:!9407	690
</home/chrzissis/cclyzer-souffle/tests/coreutils-8.24/chown.bc>:!9460	332
</home/chrzissis/cclyzer-souffle/tests/coreutils-8.24/chown.bc>:!9464	333
</home/chrzissis/cclyzer-souffle/tests/coreutils-8.24/chown.bc>:!9469	341
</home/chrzissis/cclyzer-souffle/tests/coreutils-8.24/chown.bc>:!9474	394
</home/chrzissis/cclyzer-souffle/tests/coreutils-8.24/chown.bc>:!9496	33
</home/chrzissis/cclyzer-souffle/tests/coreutils-8.24/chown.bc>:!9503	37
</home/chrzissis/cclyzer-souffle/tests/coreutils-8.24/chown.bc>:!9512	41
</home/chrzissis/cclyzer-souffle/tests/coreutils-8.24/chown.bc>:!9523	49
</home/chrzissis/cclyzer-souffle/tests/coreutils-8.24/chown.bc>:!9537	45
</home/chrzissis/cclyzer-souffle/tests/coreutils-8.24/chown.bc>:!9541	46
</home/chrzissis/cclyzer-souffle/tests/coreutils-8.24/chown.bc>:!9554	49
</home/chrzissis/cclyzer-souffle/tests/coreutils-8.24/chown.bc>:!9591	70
</home/chrzissis/cclyzer-souffle/tests/coreutils-8.24/chown.bc>:!9604	72
</home/chrzissis/cclyzer-souffle/tests/coreutils-8.24/chown.bc>:!9605	71
</home/chrzissis/cclyzer-souffle/tests/coreutils-8.24/chown.bc>:!9631	65
</home/chrzissis/cclyzer-souffle/tests/coreutils-8.24/chown.bc>:!9641	70
</home/chrzissis/cclyzer-souffle/tests/coreutils-8.24/chown.bc>:!9647	77
</home/chrzissis/cclyzer-souffle/tests/coreutils-8.24/chown.bc>:!9648	71
</home/chrzissis/cclyzer-souffle/tests/coreutils-8.24/chown.bc>:!9683	33
</home/chrzissis/cclyzer-souffle/tests/coreutils-8.24/chown.bc>:!9687	34
</home/chrzissis/cclyzer-souffle/tests/coreutils-8.24/chown.bc>:!9739	179
</home/chrzissis/cclyzer-souffle/tests/coreutils-8.24/chown.bc>:!9746	179
</home/chrzissis/cclyzer-souffle/tests/coreutils-8.24/chown.bc>:!9752	181
</home/chrzissis/cclyzer-souffle/tests/coreutils-8.24/chown.bc>:!9753	180
</home/chrzissis/cclyzer-souffle/tests/coreutils-8.24/chown.bc>:!9757	182
</home/chrzissis/cclyzer-souffle/tests/coreutils-8.24/chown.bc>:!9771	189
</home/chrzissis/cclyzer-souffle/tests/coreutils-8.24/chown.bc>:!9793	207
</home/chrzissis/cclyzer-souffle/tests/coreutils-8.24/chown.bc>:!9800	207
</home/chrzissis/cclyzer-souffle/tests/coreutils-8.24/chown.bc>:!9806	209
</home/chrzissis/cclyzer-souffle/tests/coreutils-8.24/chown.bc>:!9807	208
</home/chrzissis/cclyzer-souffle/tests/coreutils-8.24/chown.bc>:!9811	210
</home/chrzissis/cclyzer-souffle/tests/coreutils-8.24/chown.bc>:!9829	223
</home/chrzissis/cclyzer-souffle/tests/coreutils-8.24/chown.bc>:!9892	266
</home/chrzissis/cclyzer-souffle/tests/coreutils-8.24/chown.bc>:!9898	269
</home/chrzissis/cclyzer-souffle/tests/coreutils-8.24/chown.bc>:!9904	269
</home/chrzissis/cclyzer-souffle/tests/coreutils-8.24/chown.bc>:!9907	270
</home/chrzissis/cclyzer-souffle/tests/coreutils-8.24/chown.bc>:!9936	292
</home/chrzissis/cclyzer-souffle/tests/coreutils-8.24/chown.bc>:!9942	295
</home/chrzissis/cclyzer-souffle/tests/coreutils-8.24/chown.bc>:!9947	296
</home/chrzissis/cclyzer-souffle/tests/coreutils-8.24/chown.bc>:!9948	295
</home/chrzissis/cclyzer-souffle/tests/coreutils-8.24/chown.bc>:!9955	298
</home/chrzissis/cclyzer-souffle/tests/coreutils-8.24/chown.bc>:!9980	316
</home/chrzissis/cclyzer-souffle/tests/coreutils-8.24/chown.bc>:!9981	315
</home/chrzissis/cclyzer-souffle/tests/coreutils-8.24/chown.bc>:!10009	324
</home/chrzissis/cclyzer-souffle/tests/coreutils-8.24/chown.bc>:!10030	343
</home/chrzissis/cclyzer-souffle/tests/coreutils-8.24/chown.bc>:!10037	343
</home/chrzissis/cclyzer-souffle/tests/coreutils-8.24/chown.bc>:!10043	345
</home/chrzissis/cclyzer-souffle/tests/coreutils-8.24/chown.bc>:!10044	344
</home/chrzissis/cclyzer-souffle/tests/coreutils-8.24/chown.bc>:!10048	347
</home/chrzissis/cclyzer-souffle/tests/coreutils-8.24/chown.bc>:!10049	346
</home/chrzissis/cclyzer-souffle/tests/coreutils-8.24/chown.bc>:!10055	347
</home/chrzissis/cclyzer-souffle/tests/coreutils-8.24/chown.bc>:!10058	349
</home/chrzissis/cclyzer-souffle/tests/coreutils-8.24/chown.bc>:!10059	348
</home/chrzissis/cclyzer-souffle/tests/coreutils-8.24/chown.bc>:!10095	375
</home/chrzissis/cclyzer-souffle/tests/coreutils-8.24/chown.bc>:!10102	375
</home/chrzissis/cclyzer-souffle/tests/coreutils-8.24/chown.bc>:!10108	377
</home/chrzissis/cclyzer-souffle/tests/coreutils-8.24/chown.bc>:!10109	376
</home/chrzissis/cclyzer-souffle/tests/coreutils-8.24/chown.bc>:!10113	379
</home/chrzissis/cclyzer-souffle/tests/coreutils-8.24/chown.bc>:!10114	378
</home/chrzissis/cclyzer-souffle/tests/coreutils-8.24/chown.bc>:!10120	379
</home/chrzissis/cclyzer-souffle/tests/coreutils-8.24/chown.bc>:!10123	381
</home/chrzissis/cclyzer-souffle/tests/coreutils-8.24/chown.bc>:!10124	380
</home/chrzissis/cclyzer-souffle/tests/coreutils-8.24/chown.bc>:!10156	433
</home/chrzissis/cclyzer-souffle/tests/coreutils-8.24/chown.bc>:!10157	433
</home/chrzissis/cclyzer-souffle/tests/coreutils-8.24/chown.bc>:!10191	600
</home/chrzissis/cclyzer-souffle/tests/coreutils-8.24/chown.bc>:!10197	602
</home/chrzissis/cclyzer-souffle/tests/coreutils-8.24/chown.bc>:!10205	606
</home/chrzissis/cclyzer-souffle/tests/coreutils-8.24/chown.bc>:!10210	609
</home/chrzissis/cclyzer-souffle/tests/coreutils-8.24/chown.bc>:!10219	612
</home/chrzissis/cclyzer-souffle/tests/coreutils-8.24/chown.bc>:!10223	613
</home/chrzissis/cclyzer-souffle/tests/coreutils-8.24/chown.bc>:!10231	623
</home/chrzissis/cclyzer-souffle/tests/coreutils-8.24/chown.bc>:!10242	627
</home/chrzissis/cclyzer-souffle/tests/coreutils-8.24/chown.bc>:!10287	657
</home/chrzissis/cclyzer-souffle/tests/coreutils-8.24/chown.bc>:!10294	657
</home/chrzissis/cclyzer-souffle/tests/coreutils-8.24/chown.bc>:!10300	659
</home/chrzissis/cclyzer-souffle/tests/coreutils-8.24/chown.bc>:!10301	658
</home/chrzissis/cclyzer-souffle/tests/coreutils-8.24/chown.bc>:!10305	660
</home/chrzissis/cclyzer-souffle/tests/coreutils-8.24/chown.bc>:!10310	665
</home/chrzissis/cclyzer-souffle/tests/coreutils-8.24/chown.bc>:!10317	665
</home/chrzissis/cclyzer-souffle/tests/coreutils-8.24/chown.bc>:!10320	667
</home/chrzissis/cclyzer-souffle/tests/coreutils-8.24/chown.bc>:!10321	666
</home/chrzissis/cclyzer-souffle/tests/coreutils-8.24/chown.bc>:!10348	679
</home/chrzissis/cclyzer-souffle/tests/coreutils-8.24/chown.bc>:!10381	703
</home/chrzissis/cclyzer-souffle/tests/coreutils-8.24/chown.bc>:!10390	705
</home/chrzissis/cclyzer-souffle/tests/coreutils-8.24/chown.bc>:!10391	704
</home/chrzissis/cclyzer-souffle/tests/coreutils-8.24/chown.bc>:!10398	705
</home/chrzissis/cclyzer-souffle/tests/coreutils-8.24/chown.bc>:!10404	707
</home/chrzissis/cclyzer-souffle/tests/coreutils-8.24/chown.bc>:!10405	706
</home/chrzissis/cclyzer-souffle/tests/coreutils-8.24/chown.bc>:!10409	709
</home/chrzissis/cclyzer-souffle/tests/coreutils-8.24/chown.bc>:!10410	708
</home/chrzissis/cclyzer-souffle/tests/coreutils-8.24/chown.bc>:!10416	709
</home/chrzissis/cclyzer-souffle/tests/coreutils-8.24/chown.bc>:!10432	722
</home/chrzissis/cclyzer-souffle/tests/coreutils-8.24/chown.bc>:!10439	722
</home/chrzissis/cclyzer-souffle/tests/coreutils-8.24/chown.bc>:!10445	724
</home/chrzissis/cclyzer-souffle/tests/coreutils-8.24/chown.bc>:!10446	723
</home/chrzissis/cclyzer-souffle/tests/coreutils-8.24/chown.bc>:!10453	724
</home/chrzissis/cclyzer-souffle/tests/coreutils-8.24/chown.bc>:!10456	725
</home/chrzissis/cclyzer-souffle/tests/coreutils-8.24/chown.bc>:!10469	732
</home/chrzissis/cclyzer-souffle/tests/coreutils-8.24/chown.bc>:!10476	732
</home/chrzissis/cclyzer-souffle/tests/coreutils-8.24/chown.bc>:!10479	733
</home/chrzissis/cclyzer-souffle/tests/coreutils-8.24/chown.bc>:!10509	949
</home/chrzissis/cclyzer-souffle/tests/coreutils-8.24/chown.bc>:!10513	951
</home/chrzissis/cclyzer-souffle/tests/coreutils-8.24/chown.bc>:!10526	955
</home/chrzissis/cclyzer-souffle/tests/coreutils-8.24/chown.bc>:!10574	986
</home/chrzissis/cclyzer-souffle/tests/coreutils-8.24/chown.bc>:!10579	987
</home/chrzissis/cclyzer-souffle/tests/coreutils-8.24/chown.bc>:!10614	1013
</home/chrzissis/cclyzer-souffle/tests/coreutils-8.24/chown.bc>:!10640	1047
</home/chrzissis/cclyzer-souffle/tests/coreutils-8.24/chown.bc>:!10644	1051
</home/chrzissis/cclyzer-souffle/tests/coreutils-8.24/chown.bc>:!10651	1053
</home/chrzissis/cclyzer-souffle/tests/coreutils-8.24/chown.bc>:!10652	1052
</home/chrzissis/cclyzer-souffle/tests/coreutils-8.24/chown.bc>:!10660	1063
</home/chrzissis/cclyzer-souffle/tests/coreutils-8.24/chown.bc>:!10671	1065
</home/chrzissis/cclyzer-souffle/tests/coreutils-8.24/chown.bc>:!10674	1069
</home/chrzissis/cclyzer-souffle/tests/coreutils-8.24/chown.bc>:!10685	1071
</home/chrzissis/cclyzer-souffle/tests/coreutils-8.24/chown.bc>:!10707	1079
</home/chrzissis/cclyzer-souffle/tests/coreutils-8.24/chown.bc>:!10712	1083
</home/chrzissis/cclyzer-souffle/tests/coreutils-8.24/chown.bc>:!10718	1087
</home/chrzissis/cclyzer-souffle/tests/coreutils-8.24/chown.bc>:!10727	1094
</home/chrzissis/cclyzer-souffle/tests/coreutils-8.24/chown.bc>:!10731	1095
</home/chrzissis/cclyzer-souffle/tests/coreutils-8.24/chown.bc>:!10736	1098
</home/chrzissis/cclyzer-souffle/tests/coreutils-8.24/chown.bc>:!10804	1146
</home/chrzissis/cclyzer-souffle/tests/coreutils-8.24/chown.bc>:!10811	1150
</home/chrzissis/cclyzer-souffle/tests/coreutils-8.24/chown.bc>:!10815	1151
</home/chrzissis/cclyzer-souffle/tests/coreutils-8.24/chown.bc>:!10819	1157
</home/chrzissis/cclyzer-souffle/tests/coreutils-8.24/chown.bc>:!10830	1159
</home/chrzissis/cclyzer-souffle/tests/coreutils-8.24/chown.bc>:!10833	1163
</home/chrzissis/cclyzer-souffle/tests/coreutils-8.24/chown.bc>:!10844	1165
</home/chrzissis/cclyzer-souffle/tests/coreutils-8.24/chown.bc>:!10869	1173
</home/chrzissis/cclyzer-souffle/tests/coreutils-8.24/chown.bc>:!10874	1174
</home/chrzissis/cclyzer-souffle/tests/coreutils-8.24/chown.bc>:!10885	1184
</home/chrzissis/cclyzer-souffle/tests/coreutils-8.24/chown.bc>:!10914	252
</home/chrzissis/cclyzer-souffle/tests/coreutils-8.24/chown.bc>:!10955	516
</home/chrzissis/cclyzer-souffle/tests/coreutils-8.24/chown.bc>:!10961	526
</home/chrzissis/cclyzer-souffle/tests/coreutils-8.24/chown.bc>:!11014	546
</home/chrzissis/cclyzer-souffle/tests/coreutils-8.24/chown.bc>:!11018	547
</home/chrzissis/cclyzer-souffle/tests/coreutils-8.24/chown.bc>:!11025	549
</home/chrzissis/cclyzer-souffle/tests/coreutils-8.24/chown.bc>:!11036	554
</home/chrzissis/cclyzer-souffle/tests/coreutils-8.24/chown.bc>:!11055	865
</home/chrzissis/cclyzer-souffle/tests/coreutils-8.24/chown.bc>:!11062	865
</home/chrzissis/cclyzer-souffle/tests/coreutils-8.24/chown.bc>:!11068	866
</home/chrzissis/cclyzer-souffle/tests/coreutils-8.24/chown.bc>:!11072	867
</home/chrzissis/cclyzer-souffle/tests/coreutils-8.24/chown.bc>:!11077	877
</home/chrzissis/cclyzer-souffle/tests/coreutils-8.24/chown.bc>:!11084	877
</home/chrzissis/cclyzer-souffle/tests/coreutils-8.24/chown.bc>:!11087	878
</home/chrzissis/cclyzer-souffle/tests/coreutils-8.24/chown.bc>:!11098	884
</home/chrzissis/cclyzer-souffle/tests/coreutils-8.24/chown.bc>:!11102	885
</home/chrzissis/cclyzer-souffle/tests/coreutils-8.24/chown.bc>:!11113	892
</home/chrzissis/cclyzer-souffle/tests/coreutils-8.24/chown.bc>:!11134	905
</home/chrzissis/cclyzer-souffle/tests/coreutils-8.24/chown.bc>:!11142	909
</home/chrzissis/cclyzer-souffle/tests/coreutils-8.24/chown.bc>:!11146	910
</home/chrzissis/cclyzer-souffle/tests/coreutils-8.24/chown.bc>:!11151	915
</home/chrzissis/cclyzer-souffle/tests/coreutils-8.24/chown.bc>:!11170	923
</home/chrzissis/cclyzer-souffle/tests/coreutils-8.24/chown.bc>:!11209	799
</home/chrzissis/cclyzer-souffle/tests/coreutils-8.24/chown.bc>:!11215	803
</home/chrzissis/cclyzer-souffle/tests/coreutils-8.24/chown.bc>:!11229	804
</home/chrzissis/cclyzer-souffle/tests/coreutils-8.24/chown.bc>:!11234	807
</home/chrzissis/cclyzer-souffle/tests/coreutils-8.24/chown.bc>:!11237	809
</home/chrzissis/cclyzer-souffle/tests/coreutils-8.24/chown.bc>:!11238	808
</home/chrzissis/cclyzer-souffle/tests/coreutils-8.24/chown.bc>:!11242	810
</home/chrzissis/cclyzer-souffle/tests/coreutils-8.24/chown.bc>:!11254	819
</home/chrzissis/cclyzer-souffle/tests/coreutils-8.24/chown.bc>:!11261	828
</home/chrzissis/cclyzer-souffle/tests/coreutils-8.24/chown.bc>:!11267	828
</home/chrzissis/cclyzer-souffle/tests/coreutils-8.24/chown.bc>:!11271	830
</home/chrzissis/cclyzer-souffle/tests/coreutils-8.24/chown.bc>:!11272	829
</home/chrzissis/cclyzer-souffle/tests/coreutils-8.24/chown.bc>:!11288	832
</home/chrzissis/cclyzer-souffle/tests/coreutils-8.24/chown.bc>:!11294	835
</home/chrzissis/cclyzer-souffle/tests/coreutils-8.24/chown.bc>:!11297	836
</home/chrzissis/cclyzer-souffle/tests/coreutils-8.24/chown.bc>:!11324	755
</home/chrzissis/cclyzer-souffle/tests/coreutils-8.24/chown.bc>:!11328	756
</home/chrzissis/cclyzer-souffle/tests/coreutils-8.24/chown.bc>:!11338	761
</home/chrzissis/cclyzer-souffle/tests/coreutils-8.24/chown.bc>:!11345	466
</home/chrzissis/cclyzer-souffle/tests/coreutils-8.24/chown.bc>:!11389	450
</home/chrzissis/cclyzer-souffle/tests/coreutils-8.24/chown.bc>:!11432	31
</home/chrzissis/cclyzer-souffle/tests/coreutils-8.24/chown.bc>:!11437	31
</home/chrzissis/cclyzer-souffle/tests/coreutils-8.24/chown.bc>:!11485	49
</home/chrzissis/cclyzer-souffle/tests/coreutils-8.24/chown.bc>:!11510	59
</home/chrzissis/cclyzer-souffle/tests/coreutils-8.24/chown.bc>:!11527	63
</home/chrzissis/cclyzer-souffle/tests/coreutils-8.24/chown.bc>:!11553	584
</home/chrzissis/cclyzer-souffle/tests/coreutils-8.24/chown.bc>:!11559	589
</home/chrzissis/cclyzer-souffle/tests/coreutils-8.24/chown.bc>:!11563	589
</home/chrzissis/cclyzer-souffle/tests/coreutils-8.24/chown.bc>:!11568	592
</home/chrzissis/cclyzer-souffle/tests/coreutils-8.24/chown.bc>:!11582	594
</home/chrzissis/cclyzer-souffle/tests/coreutils-8.24/chown.bc>:!11601	602
</home/chrzissis/cclyzer-souffle/tests/coreutils-8.24/chown.bc>:!11613	129
</home/chrzissis/cclyzer-souffle/tests/coreutils-8.24/chown.bc>:!11617	130
</home/chrzissis/cclyzer-souffle/tests/coreutils-8.24/chown.bc>:!11626	139
</home/chrzissis/cclyzer-souffle/tests/coreutils-8.24/chown.bc>:!11636	143
</home/chrzissis/cclyzer-souffle/tests/coreutils-8.24/chown.bc>:!11663	148
</home/chrzissis/cclyzer-souffle/tests/coreutils-8.24/chown.bc>:!11667	149
</home/chrzissis/cclyzer-souffle/tests/coreutils-8.24/chown.bc>:!11672	151
</home/chrzissis/cclyzer-souffle/tests/coreutils-8.24/chown.bc>:!11688	157
</home/chrzissis/cclyzer-souffle/tests/coreutils-8.24/chown.bc>:!11694	161
</home/chrzissis/cclyzer-souffle/tests/coreutils-8.24/chown.bc>:!11700	173
</home/chrzissis/cclyzer-souffle/tests/coreutils-8.24/chown.bc>:!11706	177
</home/chrzissis/cclyzer-souffle/tests/coreutils-8.24/chown.bc>:!11752	181
</home/chrzissis/cclyzer-souffle/tests/coreutils-8.24/chown.bc>:!11756	182
</home/chrzissis/cclyzer-souffle/tests/coreutils-8.24/chown.bc>:!11761	188
</home/chrzissis/cclyzer-souffle/tests/coreutils-8.24/chown.bc>:!11767	194
</home/chrzissis/cclyzer-souffle/tests/coreutils-8.24/chown.bc>:!11768	193
</home/chrzissis/cclyzer-souffle/tests/coreutils-8.24/chown.bc>:!11769	193
</home/chrzissis/cclyzer-souffle/tests/coreutils-8.24/chown.bc>:!11788	202
</home/chrzissis/cclyzer-souffle/tests/coreutils-8.24/chown.bc>:!11793	204
</home/chrzissis/cclyzer-souffle/tests/coreutils-8.24/chown.bc>:!11806	206
</home/chrzissis/cclyzer-souffle/tests/coreutils-8.24/chown.bc>:!11810	207
</home/chrzissis/cclyzer-souffle/tests/coreutils-8.24/chown.bc>:!11825	212
</home/chrzissis/cclyzer-souffle/tests/coreutils-8.24/chown.bc>:!11834	217
</home/chrzissis/cclyzer-souffle/tests/coreutils-8.24/chown.bc>:!11850	222
</home/chrzissis/cclyzer-souffle/tests/coreutils-8.24/chown.bc>:!11854	223
</home/chrzissis/cclyzer-souffle/tests/coreutils-8.24/chown.bc>:!11866	228
</home/chrzissis/cclyzer-souffle/tests/coreutils-8.24/chown.bc>:!11878	232
</home/chrzissis/cclyzer-souffle/tests/coreutils-8.24/chown.bc>:!11882	233
</home/chrzissis/cclyzer-souffle/tests/coreutils-8.24/chown.bc>:!11909	243
</home/chrzissis/cclyzer-souffle/tests/coreutils-8.24/chown.bc>:!11915	246
</home/chrzissis/cclyzer-souffle/tests/coreutils-8.24/chown.bc>:!11937	33
</home/chrzissis/cclyzer-souffle/tests/coreutils-8.24/chown.bc>:!11941	34
</home/chrzissis/cclyzer-souffle/tests/coreutils-8.24/chown.bc>:!11980	39
</home/chrzissis/cclyzer-souffle/tests/coreutils-8.24/chown.bc>:!11988	40
</home/chrzissis/cclyzer-souffle/tests/coreutils-8.24/chown.bc>:!12017	64
</home/chrzissis/cclyzer-souffle/tests/coreutils-8.24/chown.bc>:!12024	70
</home/chrzissis/cclyzer-souffle/tests/coreutils-8.24/chown.bc>:!12042	103
</home/chrzissis/cclyzer-souffle/tests/coreutils-8.24/chown.bc>:!12046	104
</home/chrzissis/cclyzer-souffle/tests/coreutils-8.24/chown.bc>:!12076	234
</home/chrzissis/cclyzer-souffle/tests/coreutils-8.24/chown.bc>:!12077	191
</home/chrzissis/cclyzer-souffle/tests/coreutils-8.24/chown.bc>:!12088	249
</home/chrzissis/cclyzer-souffle/tests/coreutils-8.24/chown.bc>:!12092	250
</home/chrzissis/cclyzer-souffle/tests/coreutils-8.24/chown.bc>:!12098	252
</home/chrzissis/cclyzer-souffle/tests/coreutils-8.24/chown.bc>:!12106	253
</home/chrzissis/cclyzer-souffle/tests/coreutils-8.24/chown.bc>:!12109	261
</home/chrzissis/cclyzer-souffle/tests/coreutils-8.24/chown.bc>:!12114	263
</home/chrzissis/cclyzer-souffle/tests/coreutils-8.24/chown.bc>:!12125	270
</home/chrzissis/cclyzer-souffle/tests/coreutils-8.24/chown.bc>:!12133	271
</home/chrzissis/cclyzer-souffle/tests/coreutils-8.24/chown.bc>:!12138	273
</home/chrzissis/cclyzer-souffle/tests/coreutils-8.24/chown.bc>:!12149	274
</home/chrzissis/cclyzer-souffle/tests/coreutils-8.24/chown.bc>:!12162	315
</home/chrzissis/cclyzer-souffle/tests/coreutils-8.24/chown.bc>:!12184	148
</home/chrzissis/cclyzer-souffle/tests/coreutils-8.24/chown.bc>:!12202	42
</home/chrzissis/cclyzer-souffle/tests/coreutils-8.24/chown.bc>:!12216	51
</home/chrzissis/cclyzer-souffle/tests/coreutils-8.24/chown.bc>:!12234	112
</home/chrzissis/cclyzer-souffle/tests/coreutils-8.24/chown.bc>:!12242	117
</home/chrzissis/cclyzer-souffle/tests/coreutils-8.24/chown.bc>:!12246	118
