</home/chrzissis/cclyzer-souffle/tests/coreutils-8.24/chown.bc>:!1895	7
</home/chrzissis/cclyzer-souffle/tests/coreutils-8.24/chown.bc>:!1900	5
</home/chrzissis/cclyzer-souffle/tests/coreutils-8.24/chown.bc>:!1975	5
</home/chrzissis/cclyzer-souffle/tests/coreutils-8.24/chown.bc>:!1978	9
</home/chrzissis/cclyzer-souffle/tests/coreutils-8.24/chown.bc>:!1996	11
</home/chrzissis/cclyzer-souffle/tests/coreutils-8.24/chown.bc>:!2001	17
</home/chrzissis/cclyzer-souffle/tests/coreutils-8.24/chown.bc>:!2024	7
</home/chrzissis/cclyzer-souffle/tests/coreutils-8.24/chown.bc>:!2027	11
</home/chrzissis/cclyzer-souffle/tests/coreutils-8.24/chown.bc>:!2028	5
</home/chrzissis/cclyzer-souffle/tests/coreutils-8.24/chown.bc>:!2032	15
</home/chrzissis/cclyzer-souffle/tests/coreutils-8.24/chown.bc>:!2033	9
</home/chrzissis/cclyzer-souffle/tests/coreutils-8.24/chown.bc>:!2042	5
</home/chrzissis/cclyzer-souffle/tests/coreutils-8.24/chown.bc>:!2048	7
</home/chrzissis/cclyzer-souffle/tests/coreutils-8.24/chown.bc>:!2055	11
</home/chrzissis/cclyzer-souffle/tests/coreutils-8.24/chown.bc>:!2056	5
</home/chrzissis/cclyzer-souffle/tests/coreutils-8.24/chown.bc>:!2070	7
</home/chrzissis/cclyzer-souffle/tests/coreutils-8.24/chown.bc>:!2073	5
</home/chrzissis/cclyzer-souffle/tests/coreutils-8.24/chown.bc>:!2097	11
</home/chrzissis/cclyzer-souffle/tests/coreutils-8.24/chown.bc>:!2119	5
</home/chrzissis/cclyzer-souffle/tests/coreutils-8.24/chown.bc>:!2127	11
</home/chrzissis/cclyzer-souffle/tests/coreutils-8.24/chown.bc>:!2135	11
</home/chrzissis/cclyzer-souffle/tests/coreutils-8.24/chown.bc>:!2148	7
</home/chrzissis/cclyzer-souffle/tests/coreutils-8.24/chown.bc>:!2154	5
</home/chrzissis/cclyzer-souffle/tests/coreutils-8.24/chown.bc>:!2158	11
</home/chrzissis/cclyzer-souffle/tests/coreutils-8.24/chown.bc>:!2207	7
</home/chrzissis/cclyzer-souffle/tests/coreutils-8.24/chown.bc>:!2220	7
</home/chrzissis/cclyzer-souffle/tests/coreutils-8.24/chown.bc>:!2226	5
</home/chrzissis/cclyzer-souffle/tests/coreutils-8.24/chown.bc>:!2373	5
</home/chrzissis/cclyzer-souffle/tests/coreutils-8.24/chown.bc>:!2379	11
</home/chrzissis/cclyzer-souffle/tests/coreutils-8.24/chown.bc>:!2383	15
</home/chrzissis/cclyzer-souffle/tests/coreutils-8.24/chown.bc>:!2384	9
</home/chrzissis/cclyzer-souffle/tests/coreutils-8.24/chown.bc>:!2388	19
</home/chrzissis/cclyzer-souffle/tests/coreutils-8.24/chown.bc>:!2389	13
</home/chrzissis/cclyzer-souffle/tests/coreutils-8.24/chown.bc>:!2408	7
</home/chrzissis/cclyzer-souffle/tests/coreutils-8.24/chown.bc>:!2413	5
</home/chrzissis/cclyzer-souffle/tests/coreutils-8.24/chown.bc>:!2456	11
</home/chrzissis/cclyzer-souffle/tests/coreutils-8.24/chown.bc>:!2457	5
</home/chrzissis/cclyzer-souffle/tests/coreutils-8.24/chown.bc>:!2461	15
</home/chrzissis/cclyzer-souffle/tests/coreutils-8.24/chown.bc>:!2462	9
</home/chrzissis/cclyzer-souffle/tests/coreutils-8.24/chown.bc>:!2469	13
</home/chrzissis/cclyzer-souffle/tests/coreutils-8.24/chown.bc>:!2472	15
</home/chrzissis/cclyzer-souffle/tests/coreutils-8.24/chown.bc>:!2473	15
</home/chrzissis/cclyzer-souffle/tests/coreutils-8.24/chown.bc>:!2485	15
</home/chrzissis/cclyzer-souffle/tests/coreutils-8.24/chown.bc>:!2491	11
</home/chrzissis/cclyzer-souffle/tests/coreutils-8.24/chown.bc>:!2497	11
</home/chrzissis/cclyzer-souffle/tests/coreutils-8.24/chown.bc>:!2507	9
</home/chrzissis/cclyzer-souffle/tests/coreutils-8.24/chown.bc>:!2515	11
</home/chrzissis/cclyzer-souffle/tests/coreutils-8.24/chown.bc>:!2527	11
</home/chrzissis/cclyzer-souffle/tests/coreutils-8.24/chown.bc>:!2538	11
</home/chrzissis/cclyzer-souffle/tests/coreutils-8.24/chown.bc>:!2550	11
</home/chrzissis/cclyzer-souffle/tests/coreutils-8.24/chown.bc>:!2555	9
</home/chrzissis/cclyzer-souffle/tests/coreutils-8.24/chown.bc>:!2558	11
</home/chrzissis/cclyzer-souffle/tests/coreutils-8.24/chown.bc>:!2563	7
</home/chrzissis/cclyzer-souffle/tests/coreutils-8.24/chown.bc>:!2566	5
</home/chrzissis/cclyzer-souffle/tests/coreutils-8.24/chown.bc>:!2570	12
</home/chrzissis/cclyzer-souffle/tests/coreutils-8.24/chown.bc>:!2589	5
</home/chrzissis/cclyzer-souffle/tests/coreutils-8.24/chown.bc>:!2595	5
</home/chrzissis/cclyzer-souffle/tests/coreutils-8.24/chown.bc>:!2599	11
</home/chrzissis/cclyzer-souffle/tests/coreutils-8.24/chown.bc>:!2606	15
</home/chrzissis/cclyzer-souffle/tests/coreutils-8.24/chown.bc>:!2607	9
</home/chrzissis/cclyzer-souffle/tests/coreutils-8.24/chown.bc>:!2614	19
</home/chrzissis/cclyzer-souffle/tests/coreutils-8.24/chown.bc>:!2615	13
</home/chrzissis/cclyzer-souffle/tests/coreutils-8.24/chown.bc>:!2647	7
</home/chrzissis/cclyzer-souffle/tests/coreutils-8.24/chown.bc>:!2663	5
</home/chrzissis/cclyzer-souffle/tests/coreutils-8.24/chown.bc>:!2666	7
</home/chrzissis/cclyzer-souffle/tests/coreutils-8.24/chown.bc>:!2667	7
</home/chrzissis/cclyzer-souffle/tests/coreutils-8.24/chown.bc>:!2677	7
</home/chrzissis/cclyzer-souffle/tests/coreutils-8.24/chown.bc>:!2680	12
</home/chrzissis/cclyzer-souffle/tests/coreutils-8.24/chown.bc>:!2681	5
</home/chrzissis/cclyzer-souffle/tests/coreutils-8.24/chown.bc>:!2685	9
</home/chrzissis/cclyzer-souffle/tests/coreutils-8.24/chown.bc>:!2694	15
</home/chrzissis/cclyzer-souffle/tests/coreutils-8.24/chown.bc>:!2701	13
</home/chrzissis/cclyzer-souffle/tests/coreutils-8.24/chown.bc>:!2706	9
</home/chrzissis/cclyzer-souffle/tests/coreutils-8.24/chown.bc>:!2720	13
</home/chrzissis/cclyzer-souffle/tests/coreutils-8.24/chown.bc>:!2737	11
</home/chrzissis/cclyzer-souffle/tests/coreutils-8.24/chown.bc>:!2756	7
</home/chrzissis/cclyzer-souffle/tests/coreutils-8.24/chown.bc>:!2761	5
</home/chrzissis/cclyzer-souffle/tests/coreutils-8.24/chown.bc>:!2788	11
</home/chrzissis/cclyzer-souffle/tests/coreutils-8.24/chown.bc>:!2796	9
</home/chrzissis/cclyzer-souffle/tests/coreutils-8.24/chown.bc>:!2842	8
</home/chrzissis/cclyzer-souffle/tests/coreutils-8.24/chown.bc>:!2874	7
</home/chrzissis/cclyzer-souffle/tests/coreutils-8.24/chown.bc>:!2883	7
</home/chrzissis/cclyzer-souffle/tests/coreutils-8.24/chown.bc>:!2886	11
</home/chrzissis/cclyzer-souffle/tests/coreutils-8.24/chown.bc>:!2887	5
</home/chrzissis/cclyzer-souffle/tests/coreutils-8.24/chown.bc>:!2900	7
</home/chrzissis/cclyzer-souffle/tests/coreutils-8.24/chown.bc>:!2922	7
</home/chrzissis/cclyzer-souffle/tests/coreutils-8.24/chown.bc>:!2929	12
</home/chrzissis/cclyzer-souffle/tests/coreutils-8.24/chown.bc>:!2936	12
</home/chrzissis/cclyzer-souffle/tests/coreutils-8.24/chown.bc>:!2953	11
</home/chrzissis/cclyzer-souffle/tests/coreutils-8.24/chown.bc>:!2954	5
</home/chrzissis/cclyzer-souffle/tests/coreutils-8.24/chown.bc>:!2961	9
</home/chrzissis/cclyzer-souffle/tests/coreutils-8.24/chown.bc>:!2968	9
</home/chrzissis/cclyzer-souffle/tests/coreutils-8.24/chown.bc>:!3000	7
</home/chrzissis/cclyzer-souffle/tests/coreutils-8.24/chown.bc>:!3004	5
</home/chrzissis/cclyzer-souffle/tests/coreutils-8.24/chown.bc>:!3033	5
</home/chrzissis/cclyzer-souffle/tests/coreutils-8.24/chown.bc>:!3044	11
</home/chrzissis/cclyzer-souffle/tests/coreutils-8.24/chown.bc>:!3047	9
</home/chrzissis/cclyzer-souffle/tests/coreutils-8.24/chown.bc>:!3058	9
</home/chrzissis/cclyzer-souffle/tests/coreutils-8.24/chown.bc>:!3100	7
</home/chrzissis/cclyzer-souffle/tests/coreutils-8.24/chown.bc>:!3103	11
</home/chrzissis/cclyzer-souffle/tests/coreutils-8.24/chown.bc>:!3104	5
</home/chrzissis/cclyzer-souffle/tests/coreutils-8.24/chown.bc>:!3107	9
</home/chrzissis/cclyzer-souffle/tests/coreutils-8.24/chown.bc>:!3124	9
</home/chrzissis/cclyzer-souffle/tests/coreutils-8.24/chown.bc>:!3129	12
</home/chrzissis/cclyzer-souffle/tests/coreutils-8.24/chown.bc>:!3132	5
</home/chrzissis/cclyzer-souffle/tests/coreutils-8.24/chown.bc>:!3149	7
</home/chrzissis/cclyzer-souffle/tests/coreutils-8.24/chown.bc>:!3161	5
</home/chrzissis/cclyzer-souffle/tests/coreutils-8.24/chown.bc>:!3165	11
</home/chrzissis/cclyzer-souffle/tests/coreutils-8.24/chown.bc>:!3178	8
</home/chrzissis/cclyzer-souffle/tests/coreutils-8.24/chown.bc>:!3224	7
</home/chrzissis/cclyzer-souffle/tests/coreutils-8.24/chown.bc>:!3228	5
</home/chrzissis/cclyzer-souffle/tests/coreutils-8.24/chown.bc>:!3243	5
</home/chrzissis/cclyzer-souffle/tests/coreutils-8.24/chown.bc>:!3263	7
</home/chrzissis/cclyzer-souffle/tests/coreutils-8.24/chown.bc>:!3267	5
</home/chrzissis/cclyzer-souffle/tests/coreutils-8.24/chown.bc>:!3284	7
</home/chrzissis/cclyzer-souffle/tests/coreutils-8.24/chown.bc>:!3296	5
</home/chrzissis/cclyzer-souffle/tests/coreutils-8.24/chown.bc>:!3299	11
</home/chrzissis/cclyzer-souffle/tests/coreutils-8.24/chown.bc>:!3304	9
</home/chrzissis/cclyzer-souffle/tests/coreutils-8.24/chown.bc>:!3415	7
</home/chrzissis/cclyzer-souffle/tests/coreutils-8.24/chown.bc>:!3435	7
</home/chrzissis/cclyzer-souffle/tests/coreutils-8.24/chown.bc>:!3443	7
</home/chrzissis/cclyzer-souffle/tests/coreutils-8.24/chown.bc>:!3578	7
</home/chrzissis/cclyzer-souffle/tests/coreutils-8.24/chown.bc>:!3593	3
</home/chrzissis/cclyzer-souffle/tests/coreutils-8.24/chown.bc>:!3598	3
</home/chrzissis/cclyzer-souffle/tests/coreutils-8.24/chown.bc>:!3609	7
</home/chrzissis/cclyzer-souffle/tests/coreutils-8.24/chown.bc>:!3614	5
</home/chrzissis/cclyzer-souffle/tests/coreutils-8.24/chown.bc>:!3621	7
</home/chrzissis/cclyzer-souffle/tests/coreutils-8.24/chown.bc>:!3625	5
</home/chrzissis/cclyzer-souffle/tests/coreutils-8.24/chown.bc>:!3881	5
</home/chrzissis/cclyzer-souffle/tests/coreutils-8.24/chown.bc>:!3885	11
</home/chrzissis/cclyzer-souffle/tests/coreutils-8.24/chown.bc>:!3890	9
</home/chrzissis/cclyzer-souffle/tests/coreutils-8.24/chown.bc>:!3891	9
</home/chrzissis/cclyzer-souffle/tests/coreutils-8.24/chown.bc>:!3908	13
</home/chrzissis/cclyzer-souffle/tests/coreutils-8.24/chown.bc>:!3909	7
</home/chrzissis/cclyzer-souffle/tests/coreutils-8.24/chown.bc>:!3913	11
</home/chrzissis/cclyzer-souffle/tests/coreutils-8.24/chown.bc>:!3921	13
</home/chrzissis/cclyzer-souffle/tests/coreutils-8.24/chown.bc>:!3924	11
</home/chrzissis/cclyzer-souffle/tests/coreutils-8.24/chown.bc>:!3930	11
</home/chrzissis/cclyzer-souffle/tests/coreutils-8.24/chown.bc>:!3936	13
</home/chrzissis/cclyzer-souffle/tests/coreutils-8.24/chown.bc>:!3937	13
</home/chrzissis/cclyzer-souffle/tests/coreutils-8.24/chown.bc>:!3960	11
</home/chrzissis/cclyzer-souffle/tests/coreutils-8.24/chown.bc>:!3965	9
</home/chrzissis/cclyzer-souffle/tests/coreutils-8.24/chown.bc>:!3966	9
</home/chrzissis/cclyzer-souffle/tests/coreutils-8.24/chown.bc>:!3982	3
</home/chrzissis/cclyzer-souffle/tests/coreutils-8.24/chown.bc>:!3987	3
</home/chrzissis/cclyzer-souffle/tests/coreutils-8.24/chown.bc>:!4003	5
</home/chrzissis/cclyzer-souffle/tests/coreutils-8.24/chown.bc>:!4010	11
</home/chrzissis/cclyzer-souffle/tests/coreutils-8.24/chown.bc>:!4040	15
</home/chrzissis/cclyzer-souffle/tests/coreutils-8.24/chown.bc>:!4041	9
</home/chrzissis/cclyzer-souffle/tests/coreutils-8.24/chown.bc>:!4052	15
</home/chrzissis/cclyzer-souffle/tests/coreutils-8.24/chown.bc>:!4053	9
</home/chrzissis/cclyzer-souffle/tests/coreutils-8.24/chown.bc>:!4056	19
</home/chrzissis/cclyzer-souffle/tests/coreutils-8.24/chown.bc>:!4057	13
</home/chrzissis/cclyzer-souffle/tests/coreutils-8.24/chown.bc>:!4063	15
</home/chrzissis/cclyzer-souffle/tests/coreutils-8.24/chown.bc>:!4064	15
</home/chrzissis/cclyzer-souffle/tests/coreutils-8.24/chown.bc>:!4072	19
</home/chrzissis/cclyzer-souffle/tests/coreutils-8.24/chown.bc>:!4090	17
</home/chrzissis/cclyzer-souffle/tests/coreutils-8.24/chown.bc>:!4093	19
</home/chrzissis/cclyzer-souffle/tests/coreutils-8.24/chown.bc>:!4094	19
</home/chrzissis/cclyzer-souffle/tests/coreutils-8.24/chown.bc>:!4104	19
</home/chrzissis/cclyzer-souffle/tests/coreutils-8.24/chown.bc>:!4105	19
</home/chrzissis/cclyzer-souffle/tests/coreutils-8.24/chown.bc>:!4116	20
</home/chrzissis/cclyzer-souffle/tests/coreutils-8.24/chown.bc>:!4124	19
</home/chrzissis/cclyzer-souffle/tests/coreutils-8.24/chown.bc>:!4125	13
</home/chrzissis/cclyzer-souffle/tests/coreutils-8.24/chown.bc>:!4130	19
</home/chrzissis/cclyzer-souffle/tests/coreutils-8.24/chown.bc>:!4150	25
</home/chrzissis/cclyzer-souffle/tests/coreutils-8.24/chown.bc>:!4151	19
</home/chrzissis/cclyzer-souffle/tests/coreutils-8.24/chown.bc>:!4162	21
</home/chrzissis/cclyzer-souffle/tests/coreutils-8.24/chown.bc>:!4163	21
</home/chrzissis/cclyzer-souffle/tests/coreutils-8.24/chown.bc>:!4173	21
</home/chrzissis/cclyzer-souffle/tests/coreutils-8.24/chown.bc>:!4174	21
</home/chrzissis/cclyzer-souffle/tests/coreutils-8.24/chown.bc>:!4184	21
</home/chrzissis/cclyzer-souffle/tests/coreutils-8.24/chown.bc>:!4185	21
</home/chrzissis/cclyzer-souffle/tests/coreutils-8.24/chown.bc>:!4195	21
</home/chrzissis/cclyzer-souffle/tests/coreutils-8.24/chown.bc>:!4196	21
</home/chrzissis/cclyzer-souffle/tests/coreutils-8.24/chown.bc>:!4226	15
</home/chrzissis/cclyzer-souffle/tests/coreutils-8.24/chown.bc>:!4240	15
</home/chrzissis/cclyzer-souffle/tests/coreutils-8.24/chown.bc>:!4250	15
</home/chrzissis/cclyzer-souffle/tests/coreutils-8.24/chown.bc>:!4253	13
</home/chrzissis/cclyzer-souffle/tests/coreutils-8.24/chown.bc>:!4258	15
</home/chrzissis/cclyzer-souffle/tests/coreutils-8.24/chown.bc>:!4272	15
</home/chrzissis/cclyzer-souffle/tests/coreutils-8.24/chown.bc>:!4279	15
</home/chrzissis/cclyzer-souffle/tests/coreutils-8.24/chown.bc>:!4288	15
</home/chrzissis/cclyzer-souffle/tests/coreutils-8.24/chown.bc>:!4292	19
</home/chrzissis/cclyzer-souffle/tests/coreutils-8.24/chown.bc>:!4293	13
</home/chrzissis/cclyzer-souffle/tests/coreutils-8.24/chown.bc>:!4299	15
</home/chrzissis/cclyzer-souffle/tests/coreutils-8.24/chown.bc>:!4300	15
</home/chrzissis/cclyzer-souffle/tests/coreutils-8.24/chown.bc>:!4310	15
</home/chrzissis/cclyzer-souffle/tests/coreutils-8.24/chown.bc>:!4311	15
</home/chrzissis/cclyzer-souffle/tests/coreutils-8.24/chown.bc>:!4321	15
</home/chrzissis/cclyzer-souffle/tests/coreutils-8.24/chown.bc>:!4322	15
</home/chrzissis/cclyzer-souffle/tests/coreutils-8.24/chown.bc>:!4333	11
</home/chrzissis/cclyzer-souffle/tests/coreutils-8.24/chown.bc>:!4338	17
</home/chrzissis/cclyzer-souffle/tests/coreutils-8.24/chown.bc>:!4341	15
</home/chrzissis/cclyzer-souffle/tests/coreutils-8.24/chown.bc>:!4347	15
</home/chrzissis/cclyzer-souffle/tests/coreutils-8.24/chown.bc>:!4363	21
</home/chrzissis/cclyzer-souffle/tests/coreutils-8.24/chown.bc>:!4372	19
</home/chrzissis/cclyzer-souffle/tests/coreutils-8.24/chown.bc>:!4387	25
</home/chrzissis/cclyzer-souffle/tests/coreutils-8.24/chown.bc>:!4392	30
</home/chrzissis/cclyzer-souffle/tests/coreutils-8.24/chown.bc>:!4396	23
</home/chrzissis/cclyzer-souffle/tests/coreutils-8.24/chown.bc>:!4399	30
</home/chrzissis/cclyzer-souffle/tests/coreutils-8.24/chown.bc>:!4403	23
</home/chrzissis/cclyzer-souffle/tests/coreutils-8.24/chown.bc>:!4423	29
</home/chrzissis/cclyzer-souffle/tests/coreutils-8.24/chown.bc>:!4424	23
</home/chrzissis/cclyzer-souffle/tests/coreutils-8.24/chown.bc>:!4431	27
</home/chrzissis/cclyzer-souffle/tests/coreutils-8.24/chown.bc>:!4434	29
</home/chrzissis/cclyzer-souffle/tests/coreutils-8.24/chown.bc>:!4439	29
</home/chrzissis/cclyzer-souffle/tests/coreutils-8.24/chown.bc>:!4451	33
</home/chrzissis/cclyzer-souffle/tests/coreutils-8.24/chown.bc>:!4458	29
</home/chrzissis/cclyzer-souffle/tests/coreutils-8.24/chown.bc>:!4469	17
</home/chrzissis/cclyzer-souffle/tests/coreutils-8.24/chown.bc>:!4479	15
</home/chrzissis/cclyzer-souffle/tests/coreutils-8.24/chown.bc>:!4486	25
</home/chrzissis/cclyzer-souffle/tests/coreutils-8.24/chown.bc>:!4487	19
</home/chrzissis/cclyzer-souffle/tests/coreutils-8.24/chown.bc>:!4488	17
</home/chrzissis/cclyzer-souffle/tests/coreutils-8.24/chown.bc>:!4489	17
</home/chrzissis/cclyzer-souffle/tests/coreutils-8.24/chown.bc>:!4495	29
</home/chrzissis/cclyzer-souffle/tests/coreutils-8.24/chown.bc>:!4496	23
</home/chrzissis/cclyzer-souffle/tests/coreutils-8.24/chown.bc>:!4502	25
</home/chrzissis/cclyzer-souffle/tests/coreutils-8.24/chown.bc>:!4503	25
</home/chrzissis/cclyzer-souffle/tests/coreutils-8.24/chown.bc>:!4513	25
</home/chrzissis/cclyzer-souffle/tests/coreutils-8.24/chown.bc>:!4514	25
</home/chrzissis/cclyzer-souffle/tests/coreutils-8.24/chown.bc>:!4524	25
</home/chrzissis/cclyzer-souffle/tests/coreutils-8.24/chown.bc>:!4525	25
</home/chrzissis/cclyzer-souffle/tests/coreutils-8.24/chown.bc>:!4539	30
</home/chrzissis/cclyzer-souffle/tests/coreutils-8.24/chown.bc>:!4542	23
</home/chrzissis/cclyzer-souffle/tests/coreutils-8.24/chown.bc>:!4545	25
</home/chrzissis/cclyzer-souffle/tests/coreutils-8.24/chown.bc>:!4546	25
</home/chrzissis/cclyzer-souffle/tests/coreutils-8.24/chown.bc>:!4556	25
</home/chrzissis/cclyzer-souffle/tests/coreutils-8.24/chown.bc>:!4565	21
</home/chrzissis/cclyzer-souffle/tests/coreutils-8.24/chown.bc>:!4566	21
</home/chrzissis/cclyzer-souffle/tests/coreutils-8.24/chown.bc>:!4580	11
</home/chrzissis/cclyzer-souffle/tests/coreutils-8.24/chown.bc>:!4601	11
</home/chrzissis/cclyzer-souffle/tests/coreutils-8.24/chown.bc>:!4607	7
</home/chrzissis/cclyzer-souffle/tests/coreutils-8.24/chown.bc>:!4608	7
</home/chrzissis/cclyzer-souffle/tests/coreutils-8.24/chown.bc>:!4620	7
</home/chrzissis/cclyzer-souffle/tests/coreutils-8.24/chown.bc>:!4621	7
</home/chrzissis/cclyzer-souffle/tests/coreutils-8.24/chown.bc>:!4632	7
</home/chrzissis/cclyzer-souffle/tests/coreutils-8.24/chown.bc>:!4643	7
</home/chrzissis/cclyzer-souffle/tests/coreutils-8.24/chown.bc>:!4652	5
</home/chrzissis/cclyzer-souffle/tests/coreutils-8.24/chown.bc>:!4653	5
</home/chrzissis/cclyzer-souffle/tests/coreutils-8.24/chown.bc>:!4659	7
</home/chrzissis/cclyzer-souffle/tests/coreutils-8.24/chown.bc>:!4660	7
</home/chrzissis/cclyzer-souffle/tests/coreutils-8.24/chown.bc>:!4673	7
</home/chrzissis/cclyzer-souffle/tests/coreutils-8.24/chown.bc>:!4712	7
</home/chrzissis/cclyzer-souffle/tests/coreutils-8.24/chown.bc>:!4717	7
</home/chrzissis/cclyzer-souffle/tests/coreutils-8.24/chown.bc>:!4722	5
</home/chrzissis/cclyzer-souffle/tests/coreutils-8.24/chown.bc>:!4731	11
</home/chrzissis/cclyzer-souffle/tests/coreutils-8.24/chown.bc>:!4748	11
</home/chrzissis/cclyzer-souffle/tests/coreutils-8.24/chown.bc>:!4765	3
</home/chrzissis/cclyzer-souffle/tests/coreutils-8.24/chown.bc>:!4797	9
</home/chrzissis/cclyzer-souffle/tests/coreutils-8.24/chown.bc>:!4802	7
</home/chrzissis/cclyzer-souffle/tests/coreutils-8.24/chown.bc>:!4810	13
</home/chrzissis/cclyzer-souffle/tests/coreutils-8.24/chown.bc>:!4847	7
</home/chrzissis/cclyzer-souffle/tests/coreutils-8.24/chown.bc>:!4866	7
</home/chrzissis/cclyzer-souffle/tests/coreutils-8.24/chown.bc>:!4875	7
</home/chrzissis/cclyzer-souffle/tests/coreutils-8.24/chown.bc>:!4881	7
</home/chrzissis/cclyzer-souffle/tests/coreutils-8.24/chown.bc>:!4916	7
</home/chrzissis/cclyzer-souffle/tests/coreutils-8.24/chown.bc>:!4961	7
</home/chrzissis/cclyzer-souffle/tests/coreutils-8.24/chown.bc>:!4970	5
</home/chrzissis/cclyzer-souffle/tests/coreutils-8.24/chown.bc>:!4975	11
</home/chrzissis/cclyzer-souffle/tests/coreutils-8.24/chown.bc>:!5049	7
</home/chrzissis/cclyzer-souffle/tests/coreutils-8.24/chown.bc>:!5055	7
</home/chrzissis/cclyzer-souffle/tests/coreutils-8.24/chown.bc>:!5062	7
</home/chrzissis/cclyzer-souffle/tests/coreutils-8.24/chown.bc>:!5066	11
</home/chrzissis/cclyzer-souffle/tests/coreutils-8.24/chown.bc>:!5067	5
</home/chrzissis/cclyzer-souffle/tests/coreutils-8.24/chown.bc>:!5076	5
</home/chrzissis/cclyzer-souffle/tests/coreutils-8.24/chown.bc>:!5082	11
</home/chrzissis/cclyzer-souffle/tests/coreutils-8.24/chown.bc>:!5086	9
</home/chrzissis/cclyzer-souffle/tests/coreutils-8.24/chown.bc>:!5110	7
</home/chrzissis/cclyzer-souffle/tests/coreutils-8.24/chown.bc>:!5114	5
</home/chrzissis/cclyzer-souffle/tests/coreutils-8.24/chown.bc>:!5126	11
</home/chrzissis/cclyzer-souffle/tests/coreutils-8.24/chown.bc>:!5130	9
</home/chrzissis/cclyzer-souffle/tests/coreutils-8.24/chown.bc>:!5141	15
</home/chrzissis/cclyzer-souffle/tests/coreutils-8.24/chown.bc>:!5144	13
</home/chrzissis/cclyzer-souffle/tests/coreutils-8.24/chown.bc>:!5148	13
</home/chrzissis/cclyzer-souffle/tests/coreutils-8.24/chown.bc>:!5151	19
</home/chrzissis/cclyzer-souffle/tests/coreutils-8.24/chown.bc>:!5171	9
</home/chrzissis/cclyzer-souffle/tests/coreutils-8.24/chown.bc>:!5175	15
</home/chrzissis/cclyzer-souffle/tests/coreutils-8.24/chown.bc>:!5183	13
</home/chrzissis/cclyzer-souffle/tests/coreutils-8.24/chown.bc>:!5208	7
</home/chrzissis/cclyzer-souffle/tests/coreutils-8.24/chown.bc>:!5216	5
</home/chrzissis/cclyzer-souffle/tests/coreutils-8.24/chown.bc>:!5228	11
</home/chrzissis/cclyzer-souffle/tests/coreutils-8.24/chown.bc>:!5232	9
</home/chrzissis/cclyzer-souffle/tests/coreutils-8.24/chown.bc>:!5235	15
</home/chrzissis/cclyzer-souffle/tests/coreutils-8.24/chown.bc>:!5263	7
</home/chrzissis/cclyzer-souffle/tests/coreutils-8.24/chown.bc>:!5267	5
</home/chrzissis/cclyzer-souffle/tests/coreutils-8.24/chown.bc>:!5271	11
</home/chrzissis/cclyzer-souffle/tests/coreutils-8.24/chown.bc>:!5278	11
</home/chrzissis/cclyzer-souffle/tests/coreutils-8.24/chown.bc>:!5281	9
</home/chrzissis/cclyzer-souffle/tests/coreutils-8.24/chown.bc>:!5287	11
</home/chrzissis/cclyzer-souffle/tests/coreutils-8.24/chown.bc>:!5290	9
</home/chrzissis/cclyzer-souffle/tests/coreutils-8.24/chown.bc>:!5317	7
</home/chrzissis/cclyzer-souffle/tests/coreutils-8.24/chown.bc>:!5335	5
</home/chrzissis/cclyzer-souffle/tests/coreutils-8.24/chown.bc>:!5444	3
</home/chrzissis/cclyzer-souffle/tests/coreutils-8.24/chown.bc>:!5449	3
</home/chrzissis/cclyzer-souffle/tests/coreutils-8.24/chown.bc>:!5483	3
</home/chrzissis/cclyzer-souffle/tests/coreutils-8.24/chown.bc>:!5486	3
</home/chrzissis/cclyzer-souffle/tests/coreutils-8.24/chown.bc>:!5551	7
</home/chrzissis/cclyzer-souffle/tests/coreutils-8.24/chown.bc>:!5566	7
</home/chrzissis/cclyzer-souffle/tests/coreutils-8.24/chown.bc>:!5582	7
</home/chrzissis/cclyzer-souffle/tests/coreutils-8.24/chown.bc>:!5596	7
</home/chrzissis/cclyzer-souffle/tests/coreutils-8.24/chown.bc>:!5602	5
</home/chrzissis/cclyzer-souffle/tests/coreutils-8.24/chown.bc>:!5610	7
</home/chrzissis/cclyzer-souffle/tests/coreutils-8.24/chown.bc>:!5630	7
</home/chrzissis/cclyzer-souffle/tests/coreutils-8.24/chown.bc>:!5633	11
</home/chrzissis/cclyzer-souffle/tests/coreutils-8.24/chown.bc>:!5634	5
</home/chrzissis/cclyzer-souffle/tests/coreutils-8.24/chown.bc>:!5637	9
</home/chrzissis/cclyzer-souffle/tests/coreutils-8.24/chown.bc>:!5646	11
</home/chrzissis/cclyzer-souffle/tests/coreutils-8.24/chown.bc>:!5647	5
</home/chrzissis/cclyzer-souffle/tests/coreutils-8.24/chown.bc>:!5692	7
</home/chrzissis/cclyzer-souffle/tests/coreutils-8.24/chown.bc>:!5737	7
</home/chrzissis/cclyzer-souffle/tests/coreutils-8.24/chown.bc>:!5741	5
</home/chrzissis/cclyzer-souffle/tests/coreutils-8.24/chown.bc>:!5803	5
</home/chrzissis/cclyzer-souffle/tests/coreutils-8.24/chown.bc>:!5804	7
</home/chrzissis/cclyzer-souffle/tests/coreutils-8.24/chown.bc>:!5819	11
</home/chrzissis/cclyzer-souffle/tests/coreutils-8.24/chown.bc>:!5829	7
</home/chrzissis/cclyzer-souffle/tests/coreutils-8.24/chown.bc>:!5835	11
</home/chrzissis/cclyzer-souffle/tests/coreutils-8.24/chown.bc>:!5836	5
</home/chrzissis/cclyzer-souffle/tests/coreutils-8.24/chown.bc>:!5855	12
</home/chrzissis/cclyzer-souffle/tests/coreutils-8.24/chown.bc>:!5859	11
</home/chrzissis/cclyzer-souffle/tests/coreutils-8.24/chown.bc>:!5860	5
</home/chrzissis/cclyzer-souffle/tests/coreutils-8.24/chown.bc>:!5867	7
</home/chrzissis/cclyzer-souffle/tests/coreutils-8.24/chown.bc>:!5870	5
</home/chrzissis/cclyzer-souffle/tests/coreutils-8.24/chown.bc>:!5876	7
</home/chrzissis/cclyzer-souffle/tests/coreutils-8.24/chown.bc>:!5882	5
</home/chrzissis/cclyzer-souffle/tests/coreutils-8.24/chown.bc>:!5889	11
</home/chrzissis/cclyzer-souffle/tests/coreutils-8.24/chown.bc>:!5896	9
</home/chrzissis/cclyzer-souffle/tests/coreutils-8.24/chown.bc>:!5903	11
</home/chrzissis/cclyzer-souffle/tests/coreutils-8.24/chown.bc>:!5907	9
</home/chrzissis/cclyzer-souffle/tests/coreutils-8.24/chown.bc>:!5910	19
</home/chrzissis/cclyzer-souffle/tests/coreutils-8.24/chown.bc>:!5911	13
</home/chrzissis/cclyzer-souffle/tests/coreutils-8.24/chown.bc>:!5926	9
</home/chrzissis/cclyzer-souffle/tests/coreutils-8.24/chown.bc>:!5981	11
</home/chrzissis/cclyzer-souffle/tests/coreutils-8.24/chown.bc>:!5999	7
</home/chrzissis/cclyzer-souffle/tests/coreutils-8.24/chown.bc>:!6006	5
</home/chrzissis/cclyzer-souffle/tests/coreutils-8.24/chown.bc>:!6039	7
</home/chrzissis/cclyzer-souffle/tests/coreutils-8.24/chown.bc>:!6047	5
</home/chrzissis/cclyzer-souffle/tests/coreutils-8.24/chown.bc>:!6051	5
</home/chrzissis/cclyzer-souffle/tests/coreutils-8.24/chown.bc>:!6057	11
</home/chrzissis/cclyzer-souffle/tests/coreutils-8.24/chown.bc>:!6064	9
</home/chrzissis/cclyzer-souffle/tests/coreutils-8.24/chown.bc>:!6095	13
</home/chrzissis/cclyzer-souffle/tests/coreutils-8.24/chown.bc>:!6099	40
</home/chrzissis/cclyzer-souffle/tests/coreutils-8.24/chown.bc>:!6102	13
</home/chrzissis/cclyzer-souffle/tests/coreutils-8.24/chown.bc>:!6110	63
</home/chrzissis/cclyzer-souffle/tests/coreutils-8.24/chown.bc>:!6113	14
</home/chrzissis/cclyzer-souffle/tests/coreutils-8.24/chown.bc>:!6117	58
</home/chrzissis/cclyzer-souffle/tests/coreutils-8.24/chown.bc>:!6120	13
</home/chrzissis/cclyzer-souffle/tests/coreutils-8.24/chown.bc>:!6136	13
</home/chrzissis/cclyzer-souffle/tests/coreutils-8.24/chown.bc>:!6139	33
</home/chrzissis/cclyzer-souffle/tests/coreutils-8.24/chown.bc>:!6146	14
</home/chrzissis/cclyzer-souffle/tests/coreutils-8.24/chown.bc>:!6151	11
</home/chrzissis/cclyzer-souffle/tests/coreutils-8.24/chown.bc>:!6157	17
</home/chrzissis/cclyzer-souffle/tests/coreutils-8.24/chown.bc>:!6161	15
</home/chrzissis/cclyzer-souffle/tests/coreutils-8.24/chown.bc>:!6163	15
</home/chrzissis/cclyzer-souffle/tests/coreutils-8.24/chown.bc>:!6167	9
</home/chrzissis/cclyzer-souffle/tests/coreutils-8.24/chown.bc>:!6172	15
</home/chrzissis/cclyzer-souffle/tests/coreutils-8.24/chown.bc>:!6184	13
</home/chrzissis/cclyzer-souffle/tests/coreutils-8.24/chown.bc>:!6189	21
</home/chrzissis/cclyzer-souffle/tests/coreutils-8.24/chown.bc>:!6190	28
</home/chrzissis/cclyzer-souffle/tests/coreutils-8.24/chown.bc>:!6208	9
</home/chrzissis/cclyzer-souffle/tests/coreutils-8.24/chown.bc>:!6214	9
</home/chrzissis/cclyzer-souffle/tests/coreutils-8.24/chown.bc>:!6219	72
</home/chrzissis/cclyzer-souffle/tests/coreutils-8.24/chown.bc>:!6225	22
</home/chrzissis/cclyzer-souffle/tests/coreutils-8.24/chown.bc>:!6229	19
</home/chrzissis/cclyzer-souffle/tests/coreutils-8.24/chown.bc>:!6234	25
</home/chrzissis/cclyzer-souffle/tests/coreutils-8.24/chown.bc>:!6260	21
</home/chrzissis/cclyzer-souffle/tests/coreutils-8.24/chown.bc>:!6282	21
</home/chrzissis/cclyzer-souffle/tests/coreutils-8.24/chown.bc>:!6289	49
</home/chrzissis/cclyzer-souffle/tests/coreutils-8.24/chown.bc>:!6296	24
</home/chrzissis/cclyzer-souffle/tests/coreutils-8.24/chown.bc>:!6303	21
</home/chrzissis/cclyzer-souffle/tests/coreutils-8.24/chown.bc>:!6306	29
</home/chrzissis/cclyzer-souffle/tests/coreutils-8.24/chown.bc>:!6314	24
</home/chrzissis/cclyzer-souffle/tests/coreutils-8.24/chown.bc>:!6318	29
</home/chrzissis/cclyzer-souffle/tests/coreutils-8.24/chown.bc>:!6326	30
</home/chrzissis/cclyzer-souffle/tests/coreutils-8.24/chown.bc>:!6337	13
</home/chrzissis/cclyzer-souffle/tests/coreutils-8.24/chown.bc>:!6350	13
</home/chrzissis/cclyzer-souffle/tests/coreutils-8.24/chown.bc>:!6368	13
</home/chrzissis/cclyzer-souffle/tests/coreutils-8.24/chown.bc>:!6373	13
</home/chrzissis/cclyzer-souffle/tests/coreutils-8.24/chown.bc>:!6411	13
</home/chrzissis/cclyzer-souffle/tests/coreutils-8.24/chown.bc>:!6415	17
</home/chrzissis/cclyzer-souffle/tests/coreutils-8.24/chown.bc>:!6416	26
</home/chrzissis/cclyzer-souffle/tests/coreutils-8.24/chown.bc>:!6423	17
</home/chrzissis/cclyzer-souffle/tests/coreutils-8.24/chown.bc>:!6428	71
</home/chrzissis/cclyzer-souffle/tests/coreutils-8.24/chown.bc>:!6449	13
</home/chrzissis/cclyzer-souffle/tests/coreutils-8.24/chown.bc>:!6462	13
</home/chrzissis/cclyzer-souffle/tests/coreutils-8.24/chown.bc>:!6465	17
</home/chrzissis/cclyzer-souffle/tests/coreutils-8.24/chown.bc>:!6466	11
</home/chrzissis/cclyzer-souffle/tests/coreutils-8.24/chown.bc>:!6471	19
</home/chrzissis/cclyzer-souffle/tests/coreutils-8.24/chown.bc>:!6482	18
</home/chrzissis/cclyzer-souffle/tests/coreutils-8.24/chown.bc>:!6485	17
</home/chrzissis/cclyzer-souffle/tests/coreutils-8.24/chown.bc>:!6486	11
</home/chrzissis/cclyzer-souffle/tests/coreutils-8.24/chown.bc>:!6494	17
</home/chrzissis/cclyzer-souffle/tests/coreutils-8.24/chown.bc>:!6499	19
</home/chrzissis/cclyzer-souffle/tests/coreutils-8.24/chown.bc>:!6512	13
</home/chrzissis/cclyzer-souffle/tests/coreutils-8.24/chown.bc>:!6523	13
</home/chrzissis/cclyzer-souffle/tests/coreutils-8.24/chown.bc>:!6526	26
</home/chrzissis/cclyzer-souffle/tests/coreutils-8.24/chown.bc>:!6541	13
</home/chrzissis/cclyzer-souffle/tests/coreutils-8.24/chown.bc>:!6559	13
</home/chrzissis/cclyzer-souffle/tests/coreutils-8.24/chown.bc>:!6563	33
</home/chrzissis/cclyzer-souffle/tests/coreutils-8.24/chown.bc>:!6572	13
</home/chrzissis/cclyzer-souffle/tests/coreutils-8.24/chown.bc>:!6586	67
</home/chrzissis/cclyzer-souffle/tests/coreutils-8.24/chown.bc>:!6593	21
</home/chrzissis/cclyzer-souffle/tests/coreutils-8.24/chown.bc>:!6601	29
</home/chrzissis/cclyzer-souffle/tests/coreutils-8.24/chown.bc>:!6602	66
</home/chrzissis/cclyzer-souffle/tests/coreutils-8.24/chown.bc>:!6610	69
</home/chrzissis/cclyzer-souffle/tests/coreutils-8.24/chown.bc>:!6624	13
</home/chrzissis/cclyzer-souffle/tests/coreutils-8.24/chown.bc>:!6629	21
</home/chrzissis/cclyzer-souffle/tests/coreutils-8.24/chown.bc>:!6630	35
</home/chrzissis/cclyzer-souffle/tests/coreutils-8.24/chown.bc>:!6645	29
</home/chrzissis/cclyzer-souffle/tests/coreutils-8.24/chown.bc>:!6646	79
</home/chrzissis/cclyzer-souffle/tests/coreutils-8.24/chown.bc>:!6655	29
</home/chrzissis/cclyzer-souffle/tests/coreutils-8.24/chown.bc>:!6659	44
</home/chrzissis/cclyzer-souffle/tests/coreutils-8.24/chown.bc>:!6672	25
</home/chrzissis/cclyzer-souffle/tests/coreutils-8.24/chown.bc>:!6676	21
</home/chrzissis/cclyzer-souffle/tests/coreutils-8.24/chown.bc>:!6684	67
</home/chrzissis/cclyzer-souffle/tests/coreutils-8.24/chown.bc>:!6693	21
</home/chrzissis/cclyzer-souffle/tests/coreutils-8.24/chown.bc>:!6698	29
</home/chrzissis/cclyzer-souffle/tests/coreutils-8.24/chown.bc>:!6699	44
</home/chrzissis/cclyzer-souffle/tests/coreutils-8.24/chown.bc>:!6706	76
</home/chrzissis/cclyzer-souffle/tests/coreutils-8.24/chown.bc>:!6714	33
</home/chrzissis/cclyzer-souffle/tests/coreutils-8.24/chown.bc>:!6721	33
</home/chrzissis/cclyzer-souffle/tests/coreutils-8.24/chown.bc>:!6737	28
</home/chrzissis/cclyzer-souffle/tests/coreutils-8.24/chown.bc>:!6745	29
</home/chrzissis/cclyzer-souffle/tests/coreutils-8.24/chown.bc>:!6746	76
</home/chrzissis/cclyzer-souffle/tests/coreutils-8.24/chown.bc>:!6750	29
</home/chrzissis/cclyzer-souffle/tests/coreutils-8.24/chown.bc>:!6765	25
</home/chrzissis/cclyzer-souffle/tests/coreutils-8.24/chown.bc>:!6780	13
</home/chrzissis/cclyzer-souffle/tests/coreutils-8.24/chown.bc>:!6791	11
</home/chrzissis/cclyzer-souffle/tests/coreutils-8.24/chown.bc>:!6804	17
</home/chrzissis/cclyzer-souffle/tests/coreutils-8.24/chown.bc>:!6810	21
</home/chrzissis/cclyzer-souffle/tests/coreutils-8.24/chown.bc>:!6811	15
</home/chrzissis/cclyzer-souffle/tests/coreutils-8.24/chown.bc>:!6819	13
</home/chrzissis/cclyzer-souffle/tests/coreutils-8.24/chown.bc>:!6825	40
</home/chrzissis/cclyzer-souffle/tests/coreutils-8.24/chown.bc>:!6832	21
</home/chrzissis/cclyzer-souffle/tests/coreutils-8.24/chown.bc>:!6837	29
</home/chrzissis/cclyzer-souffle/tests/coreutils-8.24/chown.bc>:!6838	52
</home/chrzissis/cclyzer-souffle/tests/coreutils-8.24/chown.bc>:!6842	54
</home/chrzissis/cclyzer-souffle/tests/coreutils-8.24/chown.bc>:!6853	21
</home/chrzissis/cclyzer-souffle/tests/coreutils-8.24/chown.bc>:!6859	21
</home/chrzissis/cclyzer-souffle/tests/coreutils-8.24/chown.bc>:!6864	49
</home/chrzissis/cclyzer-souffle/tests/coreutils-8.24/chown.bc>:!6871	29
</home/chrzissis/cclyzer-souffle/tests/coreutils-8.24/chown.bc>:!6879	37
</home/chrzissis/cclyzer-souffle/tests/coreutils-8.24/chown.bc>:!6880	74
</home/chrzissis/cclyzer-souffle/tests/coreutils-8.24/chown.bc>:!6888	77
</home/chrzissis/cclyzer-souffle/tests/coreutils-8.24/chown.bc>:!6931	21
</home/chrzissis/cclyzer-souffle/tests/coreutils-8.24/chown.bc>:!6936	25
</home/chrzissis/cclyzer-souffle/tests/coreutils-8.24/chown.bc>:!6937	19
</home/chrzissis/cclyzer-souffle/tests/coreutils-8.24/chown.bc>:!6943	23
</home/chrzissis/cclyzer-souffle/tests/coreutils-8.24/chown.bc>:!6948	29
</home/chrzissis/cclyzer-souffle/tests/coreutils-8.24/chown.bc>:!6965	27
</home/chrzissis/cclyzer-souffle/tests/coreutils-8.24/chown.bc>:!6967	27
</home/chrzissis/cclyzer-souffle/tests/coreutils-8.24/chown.bc>:!6974	33
</home/chrzissis/cclyzer-souffle/tests/coreutils-8.24/chown.bc>:!6992	23
</home/chrzissis/cclyzer-souffle/tests/coreutils-8.24/chown.bc>:!6993	23
</home/chrzissis/cclyzer-souffle/tests/coreutils-8.24/chown.bc>:!7001	21
</home/chrzissis/cclyzer-souffle/tests/coreutils-8.24/chown.bc>:!7006	25
</home/chrzissis/cclyzer-souffle/tests/coreutils-8.24/chown.bc>:!7007	19
</home/chrzissis/cclyzer-souffle/tests/coreutils-8.24/chown.bc>:!7018	25
</home/chrzissis/cclyzer-souffle/tests/coreutils-8.24/chown.bc>:!7023	23
</home/chrzissis/cclyzer-souffle/tests/coreutils-8.24/chown.bc>:!7040	13
</home/chrzissis/cclyzer-souffle/tests/coreutils-8.24/chown.bc>:!7045	50
</home/chrzissis/cclyzer-souffle/tests/coreutils-8.24/chown.bc>:!7055	9
</home/chrzissis/cclyzer-souffle/tests/coreutils-8.24/chown.bc>:!7056	9
</home/chrzissis/cclyzer-souffle/tests/coreutils-8.24/chown.bc>:!7068	13
</home/chrzissis/cclyzer-souffle/tests/coreutils-8.24/chown.bc>:!7073	21
</home/chrzissis/cclyzer-souffle/tests/coreutils-8.24/chown.bc>:!7074	44
</home/chrzissis/cclyzer-souffle/tests/coreutils-8.24/chown.bc>:!7078	46
</home/chrzissis/cclyzer-souffle/tests/coreutils-8.24/chown.bc>:!7086	20
</home/chrzissis/cclyzer-souffle/tests/coreutils-8.24/chown.bc>:!7091	21
</home/chrzissis/cclyzer-souffle/tests/coreutils-8.24/chown.bc>:!7092	50
</home/chrzissis/cclyzer-souffle/tests/coreutils-8.24/chown.bc>:!7101	47
</home/chrzissis/cclyzer-souffle/tests/coreutils-8.24/chown.bc>:!7112	20
</home/chrzissis/cclyzer-souffle/tests/coreutils-8.24/chown.bc>:!7122	69
</home/chrzissis/cclyzer-souffle/tests/coreutils-8.24/chown.bc>:!7129	13
</home/chrzissis/cclyzer-souffle/tests/coreutils-8.24/chown.bc>:!7134	36
</home/chrzissis/cclyzer-souffle/tests/coreutils-8.24/chown.bc>:!7140	21
</home/chrzissis/cclyzer-souffle/tests/coreutils-8.24/chown.bc>:!7147	25
</home/chrzissis/cclyzer-souffle/tests/coreutils-8.24/chown.bc>:!7167	13
</home/chrzissis/cclyzer-souffle/tests/coreutils-8.24/chown.bc>:!7185	56
</home/chrzissis/cclyzer-souffle/tests/coreutils-8.24/chown.bc>:!7202	13
</home/chrzissis/cclyzer-souffle/tests/coreutils-8.24/chown.bc>:!7210	50
</home/chrzissis/cclyzer-souffle/tests/coreutils-8.24/chown.bc>:!7217	13
</home/chrzissis/cclyzer-souffle/tests/coreutils-8.24/chown.bc>:!7221	13
</home/chrzissis/cclyzer-souffle/tests/coreutils-8.24/chown.bc>:!7229	13
</home/chrzissis/cclyzer-souffle/tests/coreutils-8.24/chown.bc>:!7235	13
</home/chrzissis/cclyzer-souffle/tests/coreutils-8.24/chown.bc>:!7243	13
</home/chrzissis/cclyzer-souffle/tests/coreutils-8.24/chown.bc>:!7247	36
</home/chrzissis/cclyzer-souffle/tests/coreutils-8.24/chown.bc>:!7252	13
</home/chrzissis/cclyzer-souffle/tests/coreutils-8.24/chown.bc>:!7272	13
</home/chrzissis/cclyzer-souffle/tests/coreutils-8.24/chown.bc>:!7288	13
</home/chrzissis/cclyzer-souffle/tests/coreutils-8.24/chown.bc>:!7291	11
</home/chrzissis/cclyzer-souffle/tests/coreutils-8.24/chown.bc>:!7296	17
</home/chrzissis/cclyzer-souffle/tests/coreutils-8.24/chown.bc>:!7297	11
</home/chrzissis/cclyzer-souffle/tests/coreutils-8.24/chown.bc>:!7301	15
</home/chrzissis/cclyzer-souffle/tests/coreutils-8.24/chown.bc>:!7321	9
</home/chrzissis/cclyzer-souffle/tests/coreutils-8.24/chown.bc>:!7326	9
</home/chrzissis/cclyzer-souffle/tests/coreutils-8.24/chown.bc>:!7330	21
</home/chrzissis/cclyzer-souffle/tests/coreutils-8.24/chown.bc>:!7361	13
</home/chrzissis/cclyzer-souffle/tests/coreutils-8.24/chown.bc>:!7367	40
</home/chrzissis/cclyzer-souffle/tests/coreutils-8.24/chown.bc>:!7386	13
</home/chrzissis/cclyzer-souffle/tests/coreutils-8.24/chown.bc>:!7390	24
</home/chrzissis/cclyzer-souffle/tests/coreutils-8.24/chown.bc>:!7423	13
</home/chrzissis/cclyzer-souffle/tests/coreutils-8.24/chown.bc>:!7479	3
</home/chrzissis/cclyzer-souffle/tests/coreutils-8.24/chown.bc>:!7480	3
</home/chrzissis/cclyzer-souffle/tests/coreutils-8.24/chown.bc>:!7506	13
</home/chrzissis/cclyzer-souffle/tests/coreutils-8.24/chown.bc>:!7516	13
</home/chrzissis/cclyzer-souffle/tests/coreutils-8.24/chown.bc>:!7522	21
</home/chrzissis/cclyzer-souffle/tests/coreutils-8.24/chown.bc>:!7523	43
</home/chrzissis/cclyzer-souffle/tests/coreutils-8.24/chown.bc>:!7529	48
</home/chrzissis/cclyzer-souffle/tests/coreutils-8.24/chown.bc>:!7532	29
</home/chrzissis/cclyzer-souffle/tests/coreutils-8.24/chown.bc>:!7543	65
</home/chrzissis/cclyzer-souffle/tests/coreutils-8.24/chown.bc>:!7552	20
</home/chrzissis/cclyzer-souffle/tests/coreutils-8.24/chown.bc>:!7560	50
</home/chrzissis/cclyzer-souffle/tests/coreutils-8.24/chown.bc>:!7568	13
</home/chrzissis/cclyzer-souffle/tests/coreutils-8.24/chown.bc>:!7571	36
</home/chrzissis/cclyzer-souffle/tests/coreutils-8.24/chown.bc>:!7580	21
</home/chrzissis/cclyzer-souffle/tests/coreutils-8.24/chown.bc>:!7589	41
</home/chrzissis/cclyzer-souffle/tests/coreutils-8.24/chown.bc>:!7596	13
</home/chrzissis/cclyzer-souffle/tests/coreutils-8.24/chown.bc>:!7600	13
</home/chrzissis/cclyzer-souffle/tests/coreutils-8.24/chown.bc>:!7631	13
</home/chrzissis/cclyzer-souffle/tests/coreutils-8.24/chown.bc>:!7637	38
</home/chrzissis/cclyzer-souffle/tests/coreutils-8.24/chown.bc>:!7645	21
</home/chrzissis/cclyzer-souffle/tests/coreutils-8.24/chown.bc>:!7660	70
</home/chrzissis/cclyzer-souffle/tests/coreutils-8.24/chown.bc>:!7677	9
</home/chrzissis/cclyzer-souffle/tests/coreutils-8.24/chown.bc>:!7686	9
</home/chrzissis/cclyzer-souffle/tests/coreutils-8.24/chown.bc>:!7703	9
</home/chrzissis/cclyzer-souffle/tests/coreutils-8.24/chown.bc>:!7712	9
</home/chrzissis/cclyzer-souffle/tests/coreutils-8.24/chown.bc>:!7729	7
</home/chrzissis/cclyzer-souffle/tests/coreutils-8.24/chown.bc>:!7734	5
</home/chrzissis/cclyzer-souffle/tests/coreutils-8.24/chown.bc>:!7740	11
</home/chrzissis/cclyzer-souffle/tests/coreutils-8.24/chown.bc>:!7747	5
</home/chrzissis/cclyzer-souffle/tests/coreutils-8.24/chown.bc>:!7753	11
</home/chrzissis/cclyzer-souffle/tests/coreutils-8.24/chown.bc>:!7789	7
</home/chrzissis/cclyzer-souffle/tests/coreutils-8.24/chown.bc>:!7806	28
</home/chrzissis/cclyzer-souffle/tests/coreutils-8.24/chown.bc>:!7810	21
</home/chrzissis/cclyzer-souffle/tests/coreutils-8.24/chown.bc>:!7828	5
</home/chrzissis/cclyzer-souffle/tests/coreutils-8.24/chown.bc>:!7833	11
</home/chrzissis/cclyzer-souffle/tests/coreutils-8.24/chown.bc>:!7842	7
</home/chrzissis/cclyzer-souffle/tests/coreutils-8.24/chown.bc>:!7847	11
</home/chrzissis/cclyzer-souffle/tests/coreutils-8.24/chown.bc>:!7848	5
</home/chrzissis/cclyzer-souffle/tests/coreutils-8.24/chown.bc>:!7873	7
</home/chrzissis/cclyzer-souffle/tests/coreutils-8.24/chown.bc>:!7878	5
</home/chrzissis/cclyzer-souffle/tests/coreutils-8.24/chown.bc>:!7902	11
</home/chrzissis/cclyzer-souffle/tests/coreutils-8.24/chown.bc>:!7909	5
</home/chrzissis/cclyzer-souffle/tests/coreutils-8.24/chown.bc>:!7914	11
</home/chrzissis/cclyzer-souffle/tests/coreutils-8.24/chown.bc>:!7925	9
</home/chrzissis/cclyzer-souffle/tests/coreutils-8.24/chown.bc>:!7926	9
</home/chrzissis/cclyzer-souffle/tests/coreutils-8.24/chown.bc>:!7932	9
</home/chrzissis/cclyzer-souffle/tests/coreutils-8.24/chown.bc>:!7937	9
</home/chrzissis/cclyzer-souffle/tests/coreutils-8.24/chown.bc>:!7966	13
</home/chrzissis/cclyzer-souffle/tests/coreutils-8.24/chown.bc>:!7969	17
</home/chrzissis/cclyzer-souffle/tests/coreutils-8.24/chown.bc>:!7970	11
</home/chrzissis/cclyzer-souffle/tests/coreutils-8.24/chown.bc>:!7980	13
</home/chrzissis/cclyzer-souffle/tests/coreutils-8.24/chown.bc>:!7990	18
</home/chrzissis/cclyzer-souffle/tests/coreutils-8.24/chown.bc>:!7991	11
</home/chrzissis/cclyzer-souffle/tests/coreutils-8.24/chown.bc>:!7996	15
</home/chrzissis/cclyzer-souffle/tests/coreutils-8.24/chown.bc>:!8004	21
</home/chrzissis/cclyzer-souffle/tests/coreutils-8.24/chown.bc>:!8008	19
</home/chrzissis/cclyzer-souffle/tests/coreutils-8.24/chown.bc>:!8017	13
</home/chrzissis/cclyzer-souffle/tests/coreutils-8.24/chown.bc>:!8029	13
</home/chrzissis/cclyzer-souffle/tests/coreutils-8.24/chown.bc>:!8038	11
</home/chrzissis/cclyzer-souffle/tests/coreutils-8.24/chown.bc>:!8041	17
</home/chrzissis/cclyzer-souffle/tests/coreutils-8.24/chown.bc>:!8045	15
</home/chrzissis/cclyzer-souffle/tests/coreutils-8.24/chown.bc>:!8048	17
</home/chrzissis/cclyzer-souffle/tests/coreutils-8.24/chown.bc>:!8063	15
</home/chrzissis/cclyzer-souffle/tests/coreutils-8.24/chown.bc>:!8068	13
</home/chrzissis/cclyzer-souffle/tests/coreutils-8.24/chown.bc>:!8071	11
</home/chrzissis/cclyzer-souffle/tests/coreutils-8.24/chown.bc>:!8082	13
</home/chrzissis/cclyzer-souffle/tests/coreutils-8.24/chown.bc>:!8086	11
</home/chrzissis/cclyzer-souffle/tests/coreutils-8.24/chown.bc>:!8145	13
</home/chrzissis/cclyzer-souffle/tests/coreutils-8.24/chown.bc>:!8148	11
</home/chrzissis/cclyzer-souffle/tests/coreutils-8.24/chown.bc>:!8156	17
</home/chrzissis/cclyzer-souffle/tests/coreutils-8.24/chown.bc>:!8160	15
</home/chrzissis/cclyzer-souffle/tests/coreutils-8.24/chown.bc>:!8163	17
</home/chrzissis/cclyzer-souffle/tests/coreutils-8.24/chown.bc>:!8165	21
</home/chrzissis/cclyzer-souffle/tests/coreutils-8.24/chown.bc>:!8169	19
</home/chrzissis/cclyzer-souffle/tests/coreutils-8.24/chown.bc>:!8180	17
</home/chrzissis/cclyzer-souffle/tests/coreutils-8.24/chown.bc>:!8181	11
</home/chrzissis/cclyzer-souffle/tests/coreutils-8.24/chown.bc>:!8206	21
</home/chrzissis/cclyzer-souffle/tests/coreutils-8.24/chown.bc>:!8207	15
</home/chrzissis/cclyzer-souffle/tests/coreutils-8.24/chown.bc>:!8211	19
</home/chrzissis/cclyzer-souffle/tests/coreutils-8.24/chown.bc>:!8221	17
</home/chrzissis/cclyzer-souffle/tests/coreutils-8.24/chown.bc>:!8232	22
</home/chrzissis/cclyzer-souffle/tests/coreutils-8.24/chown.bc>:!8237	15
</home/chrzissis/cclyzer-souffle/tests/coreutils-8.24/chown.bc>:!8240	17
</home/chrzissis/cclyzer-souffle/tests/coreutils-8.24/chown.bc>:!8245	21
</home/chrzissis/cclyzer-souffle/tests/coreutils-8.24/chown.bc>:!8250	19
</home/chrzissis/cclyzer-souffle/tests/coreutils-8.24/chown.bc>:!8257	13
</home/chrzissis/cclyzer-souffle/tests/coreutils-8.24/chown.bc>:!8261	29
</home/chrzissis/cclyzer-souffle/tests/coreutils-8.24/chown.bc>:!8265	20
</home/chrzissis/cclyzer-souffle/tests/coreutils-8.24/chown.bc>:!8271	62
</home/chrzissis/cclyzer-souffle/tests/coreutils-8.24/chown.bc>:!8281	16
</home/chrzissis/cclyzer-souffle/tests/coreutils-8.24/chown.bc>:!8284	13
</home/chrzissis/cclyzer-souffle/tests/coreutils-8.24/chown.bc>:!8287	11
</home/chrzissis/cclyzer-souffle/tests/coreutils-8.24/chown.bc>:!8290	18
</home/chrzissis/cclyzer-souffle/tests/coreutils-8.24/chown.bc>:!8297	21
</home/chrzissis/cclyzer-souffle/tests/coreutils-8.24/chown.bc>:!8298	43
</home/chrzissis/cclyzer-souffle/tests/coreutils-8.24/chown.bc>:!8301	19
</home/chrzissis/cclyzer-souffle/tests/coreutils-8.24/chown.bc>:!8305	25
</home/chrzissis/cclyzer-souffle/tests/coreutils-8.24/chown.bc>:!8312	21
</home/chrzissis/cclyzer-souffle/tests/coreutils-8.24/chown.bc>:!8322	29
</home/chrzissis/cclyzer-souffle/tests/coreutils-8.24/chown.bc>:!8323	78
</home/chrzissis/cclyzer-souffle/tests/coreutils-8.24/chown.bc>:!8340	25
</home/chrzissis/cclyzer-souffle/tests/coreutils-8.24/chown.bc>:!8342	29
</home/chrzissis/cclyzer-souffle/tests/coreutils-8.24/chown.bc>:!8366	13
</home/chrzissis/cclyzer-souffle/tests/coreutils-8.24/chown.bc>:!8369	33
</home/chrzissis/cclyzer-souffle/tests/coreutils-8.24/chown.bc>:!8378	16
</home/chrzissis/cclyzer-souffle/tests/coreutils-8.24/chown.bc>:!8398	31
</home/chrzissis/cclyzer-souffle/tests/coreutils-8.24/chown.bc>:!8417	21
</home/chrzissis/cclyzer-souffle/tests/coreutils-8.24/chown.bc>:!8422	21
</home/chrzissis/cclyzer-souffle/tests/coreutils-8.24/chown.bc>:!8443	21
</home/chrzissis/cclyzer-souffle/tests/coreutils-8.24/chown.bc>:!8447	21
</home/chrzissis/cclyzer-souffle/tests/coreutils-8.24/chown.bc>:!8452	42
</home/chrzissis/cclyzer-souffle/tests/coreutils-8.24/chown.bc>:!8456	29
</home/chrzissis/cclyzer-souffle/tests/coreutils-8.24/chown.bc>:!8466	68
</home/chrzissis/cclyzer-souffle/tests/coreutils-8.24/chown.bc>:!8475	33
</home/chrzissis/cclyzer-souffle/tests/coreutils-8.24/chown.bc>:!8483	29
</home/chrzissis/cclyzer-souffle/tests/coreutils-8.24/chown.bc>:!8489	54
</home/chrzissis/cclyzer-souffle/tests/coreutils-8.24/chown.bc>:!8491	37
</home/chrzissis/cclyzer-souffle/tests/coreutils-8.24/chown.bc>:!8511	21
</home/chrzissis/cclyzer-souffle/tests/coreutils-8.24/chown.bc>:!8516	36
</home/chrzissis/cclyzer-souffle/tests/coreutils-8.24/chown.bc>:!8523	25
</home/chrzissis/cclyzer-souffle/tests/coreutils-8.24/chown.bc>:!8549	21
</home/chrzissis/cclyzer-souffle/tests/coreutils-8.24/chown.bc>:!8552	41
</home/chrzissis/cclyzer-souffle/tests/coreutils-8.24/chown.bc>:!8571	21
</home/chrzissis/cclyzer-souffle/tests/coreutils-8.24/chown.bc>:!8579	70
</home/chrzissis/cclyzer-souffle/tests/coreutils-8.24/chown.bc>:!8607	24
</home/chrzissis/cclyzer-souffle/tests/coreutils-8.24/chown.bc>:!8629	21
</home/chrzissis/cclyzer-souffle/tests/coreutils-8.24/chown.bc>:!8642	21
</home/chrzissis/cclyzer-souffle/tests/coreutils-8.24/chown.bc>:!8650	22
</home/chrzissis/cclyzer-souffle/tests/coreutils-8.24/chown.bc>:!8658	21
</home/chrzissis/cclyzer-souffle/tests/coreutils-8.24/chown.bc>:!8663	44
</home/chrzissis/cclyzer-souffle/tests/coreutils-8.24/chown.bc>:!8665	13
</home/chrzissis/cclyzer-souffle/tests/coreutils-8.24/chown.bc>:!8671	17
</home/chrzissis/cclyzer-souffle/tests/coreutils-8.24/chown.bc>:!8677	13
</home/chrzissis/cclyzer-souffle/tests/coreutils-8.24/chown.bc>:!8683	13
</home/chrzissis/cclyzer-souffle/tests/coreutils-8.24/chown.bc>:!8686	21
</home/chrzissis/cclyzer-souffle/tests/coreutils-8.24/chown.bc>:!8687	33
</home/chrzissis/cclyzer-souffle/tests/coreutils-8.24/chown.bc>:!8701	13
</home/chrzissis/cclyzer-souffle/tests/coreutils-8.24/chown.bc>:!8724	68
</home/chrzissis/cclyzer-souffle/tests/coreutils-8.24/chown.bc>:!8732	13
</home/chrzissis/cclyzer-souffle/tests/coreutils-8.24/chown.bc>:!8735	21
</home/chrzissis/cclyzer-souffle/tests/coreutils-8.24/chown.bc>:!8736	22
</home/chrzissis/cclyzer-souffle/tests/coreutils-8.24/chown.bc>:!8746	13
</home/chrzissis/cclyzer-souffle/tests/coreutils-8.24/chown.bc>:!8761	66
</home/chrzissis/cclyzer-souffle/tests/coreutils-8.24/chown.bc>:!8774	13
</home/chrzissis/cclyzer-souffle/tests/coreutils-8.24/chown.bc>:!8847	13
</home/chrzissis/cclyzer-souffle/tests/coreutils-8.24/chown.bc>:!8862	79
</home/chrzissis/cclyzer-souffle/tests/coreutils-8.24/chown.bc>:!8911	7
</home/chrzissis/cclyzer-souffle/tests/coreutils-8.24/chown.bc>:!8915	7
</home/chrzissis/cclyzer-souffle/tests/coreutils-8.24/chown.bc>:!8919	5
</home/chrzissis/cclyzer-souffle/tests/coreutils-8.24/chown.bc>:!8925	11
</home/chrzissis/cclyzer-souffle/tests/coreutils-8.24/chown.bc>:!8940	7
</home/chrzissis/cclyzer-souffle/tests/coreutils-8.24/chown.bc>:!8948	7
</home/chrzissis/cclyzer-souffle/tests/coreutils-8.24/chown.bc>:!8971	7
</home/chrzissis/cclyzer-souffle/tests/coreutils-8.24/chown.bc>:!8975	5
</home/chrzissis/cclyzer-souffle/tests/coreutils-8.24/chown.bc>:!8981	3
</home/chrzissis/cclyzer-souffle/tests/coreutils-8.24/chown.bc>:!8982	3
</home/chrzissis/cclyzer-souffle/tests/coreutils-8.24/chown.bc>:!8996	7
</home/chrzissis/cclyzer-souffle/tests/coreutils-8.24/chown.bc>:!9001	5
</home/chrzissis/cclyzer-souffle/tests/coreutils-8.24/chown.bc>:!9012	11
</home/chrzissis/cclyzer-souffle/tests/coreutils-8.24/chown.bc>:!9036	11
</home/chrzissis/cclyzer-souffle/tests/coreutils-8.24/chown.bc>:!9041	9
</home/chrzissis/cclyzer-souffle/tests/coreutils-8.24/chown.bc>:!9044	15
</home/chrzissis/cclyzer-souffle/tests/coreutils-8.24/chown.bc>:!9058	11
</home/chrzissis/cclyzer-souffle/tests/coreutils-8.24/chown.bc>:!9059	5
</home/chrzissis/cclyzer-souffle/tests/coreutils-8.24/chown.bc>:!9067	9
</home/chrzissis/cclyzer-souffle/tests/coreutils-8.24/chown.bc>:!9090	3
</home/chrzissis/cclyzer-souffle/tests/coreutils-8.24/chown.bc>:!9091	3
</home/chrzissis/cclyzer-souffle/tests/coreutils-8.24/chown.bc>:!9101	7
</home/chrzissis/cclyzer-souffle/tests/coreutils-8.24/chown.bc>:!9104	5
</home/chrzissis/cclyzer-souffle/tests/coreutils-8.24/chown.bc>:!9111	11
</home/chrzissis/cclyzer-souffle/tests/coreutils-8.24/chown.bc>:!9118	13
</home/chrzissis/cclyzer-souffle/tests/coreutils-8.24/chown.bc>:!9121	11
</home/chrzissis/cclyzer-souffle/tests/coreutils-8.24/chown.bc>:!9122	5
</home/chrzissis/cclyzer-souffle/tests/coreutils-8.24/chown.bc>:!9231	7
</home/chrzissis/cclyzer-souffle/tests/coreutils-8.24/chown.bc>:!9239	5
</home/chrzissis/cclyzer-souffle/tests/coreutils-8.24/chown.bc>:!9260	7
</home/chrzissis/cclyzer-souffle/tests/coreutils-8.24/chown.bc>:!9270	7
</home/chrzissis/cclyzer-souffle/tests/coreutils-8.24/chown.bc>:!9277	5
</home/chrzissis/cclyzer-souffle/tests/coreutils-8.24/chown.bc>:!9298	5
</home/chrzissis/cclyzer-souffle/tests/coreutils-8.24/chown.bc>:!9330	9
</home/chrzissis/cclyzer-souffle/tests/coreutils-8.24/chown.bc>:!9337	9
</home/chrzissis/cclyzer-souffle/tests/coreutils-8.24/chown.bc>:!9342	17
</home/chrzissis/cclyzer-souffle/tests/coreutils-8.24/chown.bc>:!9343	17
</home/chrzissis/cclyzer-souffle/tests/coreutils-8.24/chown.bc>:!9347	17
</home/chrzissis/cclyzer-souffle/tests/coreutils-8.24/chown.bc>:!9358	9
</home/chrzissis/cclyzer-souffle/tests/coreutils-8.24/chown.bc>:!9364	9
</home/chrzissis/cclyzer-souffle/tests/coreutils-8.24/chown.bc>:!9369	56
</home/chrzissis/cclyzer-souffle/tests/coreutils-8.24/chown.bc>:!9372	17
</home/chrzissis/cclyzer-souffle/tests/coreutils-8.24/chown.bc>:!9373	17
</home/chrzissis/cclyzer-souffle/tests/coreutils-8.24/chown.bc>:!9377	17
</home/chrzissis/cclyzer-souffle/tests/coreutils-8.24/chown.bc>:!9399	7
</home/chrzissis/cclyzer-souffle/tests/coreutils-8.24/chown.bc>:!9407	5
</home/chrzissis/cclyzer-souffle/tests/coreutils-8.24/chown.bc>:!9460	7
</home/chrzissis/cclyzer-souffle/tests/coreutils-8.24/chown.bc>:!9464	5
</home/chrzissis/cclyzer-souffle/tests/coreutils-8.24/chown.bc>:!9469	7
</home/chrzissis/cclyzer-souffle/tests/coreutils-8.24/chown.bc>:!9474	3
</home/chrzissis/cclyzer-souffle/tests/coreutils-8.24/chown.bc>:!9496	7
</home/chrzissis/cclyzer-souffle/tests/coreutils-8.24/chown.bc>:!9503	5
</home/chrzissis/cclyzer-souffle/tests/coreutils-8.24/chown.bc>:!9512	11
</home/chrzissis/cclyzer-souffle/tests/coreutils-8.24/chown.bc>:!9523	7
</home/chrzissis/cclyzer-souffle/tests/coreutils-8.24/chown.bc>:!9537	7
</home/chrzissis/cclyzer-souffle/tests/coreutils-8.24/chown.bc>:!9541	5
</home/chrzissis/cclyzer-souffle/tests/coreutils-8.24/chown.bc>:!9554	11
</home/chrzissis/cclyzer-souffle/tests/coreutils-8.24/chown.bc>:!9591	7
</home/chrzissis/cclyzer-souffle/tests/coreutils-8.24/chown.bc>:!9604	11
</home/chrzissis/cclyzer-souffle/tests/coreutils-8.24/chown.bc>:!9605	5
</home/chrzissis/cclyzer-souffle/tests/coreutils-8.24/chown.bc>:!9631	7
</home/chrzissis/cclyzer-souffle/tests/coreutils-8.24/chown.bc>:!9641	7
</home/chrzissis/cclyzer-souffle/tests/coreutils-8.24/chown.bc>:!9647	11
</home/chrzissis/cclyzer-souffle/tests/coreutils-8.24/chown.bc>:!9648	5
</home/chrzissis/cclyzer-souffle/tests/coreutils-8.24/chown.bc>:!9683	7
</home/chrzissis/cclyzer-souffle/tests/coreutils-8.24/chown.bc>:!9687	5
</home/chrzissis/cclyzer-souffle/tests/coreutils-8.24/chown.bc>:!9739	3
</home/chrzissis/cclyzer-souffle/tests/coreutils-8.24/chown.bc>:!9746	3
</home/chrzissis/cclyzer-souffle/tests/coreutils-8.24/chown.bc>:!9752	11
</home/chrzissis/cclyzer-souffle/tests/coreutils-8.24/chown.bc>:!9753	5
</home/chrzissis/cclyzer-souffle/tests/coreutils-8.24/chown.bc>:!9757	9
</home/chrzissis/cclyzer-souffle/tests/coreutils-8.24/chown.bc>:!9771	15
</home/chrzissis/cclyzer-souffle/tests/coreutils-8.24/chown.bc>:!9793	3
</home/chrzissis/cclyzer-souffle/tests/coreutils-8.24/chown.bc>:!9800	3
</home/chrzissis/cclyzer-souffle/tests/coreutils-8.24/chown.bc>:!9806	11
</home/chrzissis/cclyzer-souffle/tests/coreutils-8.24/chown.bc>:!9807	5
</home/chrzissis/cclyzer-souffle/tests/coreutils-8.24/chown.bc>:!9811	9
</home/chrzissis/cclyzer-souffle/tests/coreutils-8.24/chown.bc>:!9829	7
</home/chrzissis/cclyzer-souffle/tests/coreutils-8.24/chown.bc>:!9892	7
</home/chrzissis/cclyzer-souffle/tests/coreutils-8.24/chown.bc>:!9898	3
</home/chrzissis/cclyzer-souffle/tests/coreutils-8.24/chown.bc>:!9904	3
</home/chrzissis/cclyzer-souffle/tests/coreutils-8.24/chown.bc>:!9907	9
</home/chrzissis/cclyzer-souffle/tests/coreutils-8.24/chown.bc>:!9936	7
</home/chrzissis/cclyzer-souffle/tests/coreutils-8.24/chown.bc>:!9942	3
</home/chrzissis/cclyzer-souffle/tests/coreutils-8.24/chown.bc>:!9947	9
</home/chrzissis/cclyzer-souffle/tests/coreutils-8.24/chown.bc>:!9948	3
</home/chrzissis/cclyzer-souffle/tests/coreutils-8.24/chown.bc>:!9955	14
</home/chrzissis/cclyzer-souffle/tests/coreutils-8.24/chown.bc>:!9980	11
</home/chrzissis/cclyzer-souffle/tests/coreutils-8.24/chown.bc>:!9981	5
</home/chrzissis/cclyzer-souffle/tests/coreutils-8.24/chown.bc>:!10009	9
</home/chrzissis/cclyzer-souffle/tests/coreutils-8.24/chown.bc>:!10030	3
</home/chrzissis/cclyzer-souffle/tests/coreutils-8.24/chown.bc>:!10037	3
</home/chrzissis/cclyzer-souffle/tests/coreutils-8.24/chown.bc>:!10043	11
</home/chrzissis/cclyzer-souffle/tests/coreutils-8.24/chown.bc>:!10044	5
</home/chrzissis/cclyzer-souffle/tests/coreutils-8.24/chown.bc>:!10048	11
</home/chrzissis/cclyzer-souffle/tests/coreutils-8.24/chown.bc>:!10049	9
</home/chrzissis/cclyzer-souffle/tests/coreutils-8.24/chown.bc>:!10055	11
</home/chrzissis/cclyzer-souffle/tests/coreutils-8.24/chown.bc>:!10058	19
</home/chrzissis/cclyzer-souffle/tests/coreutils-8.24/chown.bc>:!10059	13
</home/chrzissis/cclyzer-souffle/tests/coreutils-8.24/chown.bc>:!10095	3
</home/chrzissis/cclyzer-souffle/tests/coreutils-8.24/chown.bc>:!10102	3
</home/chrzissis/cclyzer-souffle/tests/coreutils-8.24/chown.bc>:!10108	11
</home/chrzissis/cclyzer-souffle/tests/coreutils-8.24/chown.bc>:!10109	5
</home/chrzissis/cclyzer-souffle/tests/coreutils-8.24/chown.bc>:!10113	11
</home/chrzissis/cclyzer-souffle/tests/coreutils-8.24/chown.bc>:!10114	9
</home/chrzissis/cclyzer-souffle/tests/coreutils-8.24/chown.bc>:!10120	11
</home/chrzissis/cclyzer-souffle/tests/coreutils-8.24/chown.bc>:!10123	19
</home/chrzissis/cclyzer-souffle/tests/coreutils-8.24/chown.bc>:!10124	13
</home/chrzissis/cclyzer-souffle/tests/coreutils-8.24/chown.bc>:!10156	3
</home/chrzissis/cclyzer-souffle/tests/coreutils-8.24/chown.bc>:!10157	3
</home/chrzissis/cclyzer-souffle/tests/coreutils-8.24/chown.bc>:!10191	7
</home/chrzissis/cclyzer-souffle/tests/coreutils-8.24/chown.bc>:!10197	7
</home/chrzissis/cclyzer-souffle/tests/coreutils-8.24/chown.bc>:!10205	7
</home/chrzissis/cclyzer-souffle/tests/coreutils-8.24/chown.bc>:!10210	7
</home/chrzissis/cclyzer-souffle/tests/coreutils-8.24/chown.bc>:!10219	7
</home/chrzissis/cclyzer-souffle/tests/coreutils-8.24/chown.bc>:!10223	5
</home/chrzissis/cclyzer-souffle/tests/coreutils-8.24/chown.bc>:!10231	7
</home/chrzissis/cclyzer-souffle/tests/coreutils-8.24/chown.bc>:!10242	7
</home/chrzissis/cclyzer-souffle/tests/coreutils-8.24/chown.bc>:!10287	3
</home/chrzissis/cclyzer-souffle/tests/coreutils-8.24/chown.bc>:!10294	3
</home/chrzissis/cclyzer-souffle/tests/coreutils-8.24/chown.bc>:!10300	11
</home/chrzissis/cclyzer-souffle/tests/coreutils-8.24/chown.bc>:!10301	5
</home/chrzissis/cclyzer-souffle/tests/coreutils-8.24/chown.bc>:!10305	9
</home/chrzissis/cclyzer-souffle/tests/coreutils-8.24/chown.bc>:!10310	11
</home/chrzissis/cclyzer-souffle/tests/coreutils-8.24/chown.bc>:!10317	11
</home/chrzissis/cclyzer-souffle/tests/coreutils-8.24/chown.bc>:!10320	19
</home/chrzissis/cclyzer-souffle/tests/coreutils-8.24/chown.bc>:!10321	13
</home/chrzissis/cclyzer-souffle/tests/coreutils-8.24/chown.bc>:!10348	15
</home/chrzissis/cclyzer-souffle/tests/coreutils-8.24/chown.bc>:!10381	7
</home/chrzissis/cclyzer-souffle/tests/coreutils-8.24/chown.bc>:!10390	7
</home/chrzissis/cclyzer-souffle/tests/coreutils-8.24/chown.bc>:!10391	5
</home/chrzissis/cclyzer-souffle/tests/coreutils-8.24/chown.bc>:!10398	7
</home/chrzissis/cclyzer-souffle/tests/coreutils-8.24/chown.bc>:!10404	15
</home/chrzissis/cclyzer-souffle/tests/coreutils-8.24/chown.bc>:!10405	9
</home/chrzissis/cclyzer-souffle/tests/coreutils-8.24/chown.bc>:!10409	15
</home/chrzissis/cclyzer-souffle/tests/coreutils-8.24/chown.bc>:!10410	13
</home/chrzissis/cclyzer-souffle/tests/coreutils-8.24/chown.bc>:!10416	15
</home/chrzissis/cclyzer-souffle/tests/coreutils-8.24/chown.bc>:!10432	3
</home/chrzissis/cclyzer-souffle/tests/coreutils-8.24/chown.bc>:!10439	3
</home/chrzissis/cclyzer-souffle/tests/coreutils-8.24/chown.bc>:!10445	7
</home/chrzissis/cclyzer-souffle/tests/coreutils-8.24/chown.bc>:!10446	5
</home/chrzissis/cclyzer-souffle/tests/coreutils-8.24/chown.bc>:!10453	7
</home/chrzissis/cclyzer-souffle/tests/coreutils-8.24/chown.bc>:!10456	9
</home/chrzissis/cclyzer-souffle/tests/coreutils-8.24/chown.bc>:!10469	3
</home/chrzissis/cclyzer-souffle/tests/coreutils-8.24/chown.bc>:!10476	3
</home/chrzissis/cclyzer-souffle/tests/coreutils-8.24/chown.bc>:!10479	5
</home/chrzissis/cclyzer-souffle/tests/coreutils-8.24/chown.bc>:!10509	7
</home/chrzissis/cclyzer-souffle/tests/coreutils-8.24/chown.bc>:!10513	7
</home/chrzissis/cclyzer-souffle/tests/coreutils-8.24/chown.bc>:!10526	7
</home/chrzissis/cclyzer-souffle/tests/coreutils-8.24/chown.bc>:!10574	7
</home/chrzissis/cclyzer-souffle/tests/coreutils-8.24/chown.bc>:!10579	5
</home/chrzissis/cclyzer-souffle/tests/coreutils-8.24/chown.bc>:!10614	7
</home/chrzissis/cclyzer-souffle/tests/coreutils-8.24/chown.bc>:!10640	7
</home/chrzissis/cclyzer-souffle/tests/coreutils-8.24/chown.bc>:!10644	7
</home/chrzissis/cclyzer-souffle/tests/coreutils-8.24/chown.bc>:!10651	11
</home/chrzissis/cclyzer-souffle/tests/coreutils-8.24/chown.bc>:!10652	5
</home/chrzissis/cclyzer-souffle/tests/coreutils-8.24/chown.bc>:!10660	7
</home/chrzissis/cclyzer-souffle/tests/coreutils-8.24/chown.bc>:!10671	5
</home/chrzissis/cclyzer-souffle/tests/coreutils-8.24/chown.bc>:!10674	11
</home/chrzissis/cclyzer-souffle/tests/coreutils-8.24/chown.bc>:!10685	9
</home/chrzissis/cclyzer-souffle/tests/coreutils-8.24/chown.bc>:!10707	15
</home/chrzissis/cclyzer-souffle/tests/coreutils-8.24/chown.bc>:!10712	15
</home/chrzissis/cclyzer-souffle/tests/coreutils-8.24/chown.bc>:!10718	15
</home/chrzissis/cclyzer-souffle/tests/coreutils-8.24/chown.bc>:!10727	7
</home/chrzissis/cclyzer-souffle/tests/coreutils-8.24/chown.bc>:!10731	5
</home/chrzissis/cclyzer-souffle/tests/coreutils-8.24/chown.bc>:!10736	11
</home/chrzissis/cclyzer-souffle/tests/coreutils-8.24/chown.bc>:!10804	7
</home/chrzissis/cclyzer-souffle/tests/coreutils-8.24/chown.bc>:!10811	7
</home/chrzissis/cclyzer-souffle/tests/coreutils-8.24/chown.bc>:!10815	5
</home/chrzissis/cclyzer-souffle/tests/coreutils-8.24/chown.bc>:!10819	11
</home/chrzissis/cclyzer-souffle/tests/coreutils-8.24/chown.bc>:!10830	9
</home/chrzissis/cclyzer-souffle/tests/coreutils-8.24/chown.bc>:!10833	15
</home/chrzissis/cclyzer-souffle/tests/coreutils-8.24/chown.bc>:!10844	13
</home/chrzissis/cclyzer-souffle/tests/coreutils-8.24/chown.bc>:!10869	19
</home/chrzissis/cclyzer-souffle/tests/coreutils-8.24/chown.bc>:!10874	17
</home/chrzissis/cclyzer-souffle/tests/coreutils-8.24/chown.bc>:!10885	21
</home/chrzissis/cclyzer-souffle/tests/coreutils-8.24/chown.bc>:!10914	7
</home/chrzissis/cclyzer-souffle/tests/coreutils-8.24/chown.bc>:!10955	7
</home/chrzissis/cclyzer-souffle/tests/coreutils-8.24/chown.bc>:!10961	7
</home/chrzissis/cclyzer-souffle/tests/coreutils-8.24/chown.bc>:!11014	7
</home/chrzissis/cclyzer-souffle/tests/coreutils-8.24/chown.bc>:!11018	5
</home/chrzissis/cclyzer-souffle/tests/coreutils-8.24/chown.bc>:!11025	11
</home/chrzissis/cclyzer-souffle/tests/coreutils-8.24/chown.bc>:!11036	7
</home/chrzissis/cclyzer-souffle/tests/coreutils-8.24/chown.bc>:!11055	3
</home/chrzissis/cclyzer-souffle/tests/coreutils-8.24/chown.bc>:!11062	3
</home/chrzissis/cclyzer-souffle/tests/coreutils-8.24/chown.bc>:!11068	9
</home/chrzissis/cclyzer-souffle/tests/coreutils-8.24/chown.bc>:!11072	7
</home/chrzissis/cclyzer-souffle/tests/coreutils-8.24/chown.bc>:!11077	9
</home/chrzissis/cclyzer-souffle/tests/coreutils-8.24/chown.bc>:!11084	9
</home/chrzissis/cclyzer-souffle/tests/coreutils-8.24/chown.bc>:!11087	11
</home/chrzissis/cclyzer-souffle/tests/coreutils-8.24/chown.bc>:!11098	17
</home/chrzissis/cclyzer-souffle/tests/coreutils-8.24/chown.bc>:!11102	15
</home/chrzissis/cclyzer-souffle/tests/coreutils-8.24/chown.bc>:!11113	15
</home/chrzissis/cclyzer-souffle/tests/coreutils-8.24/chown.bc>:!11134	13
</home/chrzissis/cclyzer-souffle/tests/coreutils-8.24/chown.bc>:!11142	13
</home/chrzissis/cclyzer-souffle/tests/coreutils-8.24/chown.bc>:!11146	11
</home/chrzissis/cclyzer-souffle/tests/coreutils-8.24/chown.bc>:!11151	17
</home/chrzissis/cclyzer-souffle/tests/coreutils-8.24/chown.bc>:!11170	11
</home/chrzissis/cclyzer-souffle/tests/coreutils-8.24/chown.bc>:!11209	7
</home/chrzissis/cclyzer-souffle/tests/coreutils-8.24/chown.bc>:!11215	7
</home/chrzissis/cclyzer-souffle/tests/coreutils-8.24/chown.bc>:!11229	5
</home/chrzissis/cclyzer-souffle/tests/coreutils-8.24/chown.bc>:!11234	11
</home/chrzissis/cclyzer-souffle/tests/coreutils-8.24/chown.bc>:!11237	15
</home/chrzissis/cclyzer-souffle/tests/coreutils-8.24/chown.bc>:!11238	9
</home/chrzissis/cclyzer-souffle/tests/coreutils-8.24/chown.bc>:!11242	13
</home/chrzissis/cclyzer-souffle/tests/coreutils-8.24/chown.bc>:!11254	13
</home/chrzissis/cclyzer-souffle/tests/coreutils-8.24/chown.bc>:!11261	3
</home/chrzissis/cclyzer-souffle/tests/coreutils-8.24/chown.bc>:!11267	3
</home/chrzissis/cclyzer-souffle/tests/coreutils-8.24/chown.bc>:!11271	11
</home/chrzissis/cclyzer-souffle/tests/coreutils-8.24/chown.bc>:!11272	5
</home/chrzissis/cclyzer-souffle/tests/coreutils-8.24/chown.bc>:!11288	9
</home/chrzissis/cclyzer-souffle/tests/coreutils-8.24/chown.bc>:!11294	15
</home/chrzissis/cclyzer-souffle/tests/coreutils-8.24/chown.bc>:!11297	13
</home/chrzissis/cclyzer-souffle/tests/coreutils-8.24/chown.bc>:!11324	7
</home/chrzissis/cclyzer-souffle/tests/coreutils-8.24/chown.bc>:!11328	5
</home/chrzissis/cclyzer-souffle/tests/coreutils-8.24/chown.bc>:!11338	5
</home/chrzissis/cclyzer-souffle/tests/coreutils-8.24/chown.bc>:!11345	7
</home/chrzissis/cclyzer-souffle/tests/coreutils-8.24/chown.bc>:!11389	5
</home/chrzissis/cclyzer-souffle/tests/coreutils-8.24/chown.bc>:!11432	3
</home/chrzissis/cclyzer-souffle/tests/coreutils-8.24/chown.bc>:!11437	3
</home/chrzissis/cclyzer-souffle/tests/coreutils-8.24/chown.bc>:!11485	7
</home/chrzissis/cclyzer-souffle/tests/coreutils-8.24/chown.bc>:!11510	7
</home/chrzissis/cclyzer-souffle/tests/coreutils-8.24/chown.bc>:!11527	7
</home/chrzissis/cclyzer-souffle/tests/coreutils-8.24/chown.bc>:!11553	7
</home/chrzissis/cclyzer-souffle/tests/coreutils-8.24/chown.bc>:!11559	3
</home/chrzissis/cclyzer-souffle/tests/coreutils-8.24/chown.bc>:!11563	3
</home/chrzissis/cclyzer-souffle/tests/coreutils-8.24/chown.bc>:!11568	9
</home/chrzissis/cclyzer-souffle/tests/coreutils-8.24/chown.bc>:!11582	7
</home/chrzissis/cclyzer-souffle/tests/coreutils-8.24/chown.bc>:!11601	7
</home/chrzissis/cclyzer-souffle/tests/coreutils-8.24/chown.bc>:!11613	7
</home/chrzissis/cclyzer-souffle/tests/coreutils-8.24/chown.bc>:!11617	5
</home/chrzissis/cclyzer-souffle/tests/coreutils-8.24/chown.bc>:!11626	11
</home/chrzissis/cclyzer-souffle/tests/coreutils-8.24/chown.bc>:!11636	7
</home/chrzissis/cclyzer-souffle/tests/coreutils-8.24/chown.bc>:!11663	13
</home/chrzissis/cclyzer-souffle/tests/coreutils-8.24/chown.bc>:!11667	11
</home/chrzissis/cclyzer-souffle/tests/coreutils-8.24/chown.bc>:!11672	17
</home/chrzissis/cclyzer-souffle/tests/coreutils-8.24/chown.bc>:!11688	11
</home/chrzissis/cclyzer-souffle/tests/coreutils-8.24/chown.bc>:!11694	9
</home/chrzissis/cclyzer-souffle/tests/coreutils-8.24/chown.bc>:!11700	15
</home/chrzissis/cclyzer-souffle/tests/coreutils-8.24/chown.bc>:!11706	13
</home/chrzissis/cclyzer-souffle/tests/coreutils-8.24/chown.bc>:!11752	19
</home/chrzissis/cclyzer-souffle/tests/coreutils-8.24/chown.bc>:!11756	17
</home/chrzissis/cclyzer-souffle/tests/coreutils-8.24/chown.bc>:!11761	17
</home/chrzissis/cclyzer-souffle/tests/coreutils-8.24/chown.bc>:!11767	21
</home/chrzissis/cclyzer-souffle/tests/coreutils-8.24/chown.bc>:!11768	19
</home/chrzissis/cclyzer-souffle/tests/coreutils-8.24/chown.bc>:!11769	19
</home/chrzissis/cclyzer-souffle/tests/coreutils-8.24/chown.bc>:!11788	27
</home/chrzissis/cclyzer-souffle/tests/coreutils-8.24/chown.bc>:!11793	27
</home/chrzissis/cclyzer-souffle/tests/coreutils-8.24/chown.bc>:!11806	27
</home/chrzissis/cclyzer-souffle/tests/coreutils-8.24/chown.bc>:!11810	25
</home/chrzissis/cclyzer-souffle/tests/coreutils-8.24/chown.bc>:!11825	31
</home/chrzissis/cclyzer-souffle/tests/coreutils-8.24/chown.bc>:!11834	27
</home/chrzissis/cclyzer-souffle/tests/coreutils-8.24/chown.bc>:!11850	27
</home/chrzissis/cclyzer-souffle/tests/coreutils-8.24/chown.bc>:!11854	25
</home/chrzissis/cclyzer-souffle/tests/coreutils-8.24/chown.bc>:!11866	25
</home/chrzissis/cclyzer-souffle/tests/coreutils-8.24/chown.bc>:!11878	27
</home/chrzissis/cclyzer-souffle/tests/coreutils-8.24/chown.bc>:!11882	25
</home/chrzissis/cclyzer-souffle/tests/coreutils-8.24/chown.bc>:!11909	23
</home/chrzissis/cclyzer-souffle/tests/coreutils-8.24/chown.bc>:!11915	21
</home/chrzissis/cclyzer-souffle/tests/coreutils-8.24/chown.bc>:!11937	7
</home/chrzissis/cclyzer-souffle/tests/coreutils-8.24/chown.bc>:!11941	5
</home/chrzissis/cclyzer-souffle/tests/coreutils-8.24/chown.bc>:!11980	7
</home/chrzissis/cclyzer-souffle/tests/coreutils-8.24/chown.bc>:!11988	5
</home/chrzissis/cclyzer-souffle/tests/coreutils-8.24/chown.bc>:!12017	7
</home/chrzissis/cclyzer-souffle/tests/coreutils-8.24/chown.bc>:!12024	7
</home/chrzissis/cclyzer-souffle/tests/coreutils-8.24/chown.bc>:!12042	7
</home/chrzissis/cclyzer-souffle/tests/coreutils-8.24/chown.bc>:!12046	5
</home/chrzissis/cclyzer-souffle/tests/coreutils-8.24/chown.bc>:!12076	7
</home/chrzissis/cclyzer-souffle/tests/coreutils-8.24/chown.bc>:!12077	5
</home/chrzissis/cclyzer-souffle/tests/coreutils-8.24/chown.bc>:!12088	13
</home/chrzissis/cclyzer-souffle/tests/coreutils-8.24/chown.bc>:!12092	11
</home/chrzissis/cclyzer-souffle/tests/coreutils-8.24/chown.bc>:!12098	17
</home/chrzissis/cclyzer-souffle/tests/coreutils-8.24/chown.bc>:!12106	15
</home/chrzissis/cclyzer-souffle/tests/coreutils-8.24/chown.bc>:!12109	15
</home/chrzissis/cclyzer-souffle/tests/coreutils-8.24/chown.bc>:!12114	21
</home/chrzissis/cclyzer-souffle/tests/coreutils-8.24/chown.bc>:!12125	13
</home/chrzissis/cclyzer-souffle/tests/coreutils-8.24/chown.bc>:!12133	11
</home/chrzissis/cclyzer-souffle/tests/coreutils-8.24/chown.bc>:!12138	17
</home/chrzissis/cclyzer-souffle/tests/coreutils-8.24/chown.bc>:!12149	15
</home/chrzissis/cclyzer-souffle/tests/coreutils-8.24/chown.bc>:!12162	7
</home/chrzissis/cclyzer-souffle/tests/coreutils-8.24/chown.bc>:!12184	7
</home/chrzissis/cclyzer-souffle/tests/coreutils-8.24/chown.bc>:!12202	7
</home/chrzissis/cclyzer-souffle/tests/coreutils-8.24/chown.bc>:!12216	7
</home/chrzissis/cclyzer-souffle/tests/coreutils-8.24/chown.bc>:!12234	5
</home/chrzissis/cclyzer-souffle/tests/coreutils-8.24/chown.bc>:!12242	11
</home/chrzissis/cclyzer-souffle/tests/coreutils-8.24/chown.bc>:!12246	9
