</home/chrzissis/cclyzer-souffle/tests/coreutils-8.24/chown.bc>:!1968	</home/chrzissis/cclyzer-souffle/tests/coreutils-8.24/chown.bc>:!1
</home/chrzissis/cclyzer-souffle/tests/coreutils-8.24/chown.bc>:!1969	</home/chrzissis/cclyzer-souffle/tests/coreutils-8.24/chown.bc>:!1
</home/chrzissis/cclyzer-souffle/tests/coreutils-8.24/chown.bc>:!2139	</home/chrzissis/cclyzer-souffle/tests/coreutils-8.24/chown.bc>:!1
</home/chrzissis/cclyzer-souffle/tests/coreutils-8.24/chown.bc>:!2151	</home/chrzissis/cclyzer-souffle/tests/coreutils-8.24/chown.bc>:!1
</home/chrzissis/cclyzer-souffle/tests/coreutils-8.24/chown.bc>:!2195	</home/chrzissis/cclyzer-souffle/tests/coreutils-8.24/chown.bc>:!24
</home/chrzissis/cclyzer-souffle/tests/coreutils-8.24/chown.bc>:!2196	</home/chrzissis/cclyzer-souffle/tests/coreutils-8.24/chown.bc>:!24
</home/chrzissis/cclyzer-souffle/tests/coreutils-8.24/chown.bc>:!2201	</home/chrzissis/cclyzer-souffle/tests/coreutils-8.24/chown.bc>:!24
</home/chrzissis/cclyzer-souffle/tests/coreutils-8.24/chown.bc>:!2204	</home/chrzissis/cclyzer-souffle/tests/coreutils-8.24/chown.bc>:!24
</home/chrzissis/cclyzer-souffle/tests/coreutils-8.24/chown.bc>:!2223	</home/chrzissis/cclyzer-souffle/tests/coreutils-8.24/chown.bc>:!24
</home/chrzissis/cclyzer-souffle/tests/coreutils-8.24/chown.bc>:!2292	</home/chrzissis/cclyzer-souffle/tests/coreutils-8.24/chown.bc>:!73
</home/chrzissis/cclyzer-souffle/tests/coreutils-8.24/chown.bc>:!2298	</home/chrzissis/cclyzer-souffle/tests/coreutils-8.24/chown.bc>:!73
</home/chrzissis/cclyzer-souffle/tests/coreutils-8.24/chown.bc>:!2299	</home/chrzissis/cclyzer-souffle/tests/coreutils-8.24/chown.bc>:!73
</home/chrzissis/cclyzer-souffle/tests/coreutils-8.24/chown.bc>:!2322	</home/chrzissis/cclyzer-souffle/tests/coreutils-8.24/chown.bc>:!73
</home/chrzissis/cclyzer-souffle/tests/coreutils-8.24/chown.bc>:!2328	</home/chrzissis/cclyzer-souffle/tests/coreutils-8.24/chown.bc>:!73
</home/chrzissis/cclyzer-souffle/tests/coreutils-8.24/chown.bc>:!2329	</home/chrzissis/cclyzer-souffle/tests/coreutils-8.24/chown.bc>:!73
</home/chrzissis/cclyzer-souffle/tests/coreutils-8.24/chown.bc>:!2353	</home/chrzissis/cclyzer-souffle/tests/coreutils-8.24/chown.bc>:!73
</home/chrzissis/cclyzer-souffle/tests/coreutils-8.24/chown.bc>:!2357	</home/chrzissis/cclyzer-souffle/tests/coreutils-8.24/chown.bc>:!73
</home/chrzissis/cclyzer-souffle/tests/coreutils-8.24/chown.bc>:!2464	</home/chrzissis/cclyzer-souffle/tests/coreutils-8.24/chown.bc>:!73
</home/chrzissis/cclyzer-souffle/tests/coreutils-8.24/chown.bc>:!2466	</home/chrzissis/cclyzer-souffle/tests/coreutils-8.24/chown.bc>:!73
</home/chrzissis/cclyzer-souffle/tests/coreutils-8.24/chown.bc>:!2471	</home/chrzissis/cclyzer-souffle/tests/coreutils-8.24/chown.bc>:!73
</home/chrzissis/cclyzer-souffle/tests/coreutils-8.24/chown.bc>:!2476	</home/chrzissis/cclyzer-souffle/tests/coreutils-8.24/chown.bc>:!73
</home/chrzissis/cclyzer-souffle/tests/coreutils-8.24/chown.bc>:!2478	</home/chrzissis/cclyzer-souffle/tests/coreutils-8.24/chown.bc>:!73
</home/chrzissis/cclyzer-souffle/tests/coreutils-8.24/chown.bc>:!2480	</home/chrzissis/cclyzer-souffle/tests/coreutils-8.24/chown.bc>:!73
</home/chrzissis/cclyzer-souffle/tests/coreutils-8.24/chown.bc>:!2502	</home/chrzissis/cclyzer-souffle/tests/coreutils-8.24/chown.bc>:!73
</home/chrzissis/cclyzer-souffle/tests/coreutils-8.24/chown.bc>:!2557	</home/chrzissis/cclyzer-souffle/tests/coreutils-8.24/chown.bc>:!73
</home/chrzissis/cclyzer-souffle/tests/coreutils-8.24/chown.bc>:!2574	</home/chrzissis/cclyzer-souffle/tests/coreutils-8.24/chown.bc>:!73
</home/chrzissis/cclyzer-souffle/tests/coreutils-8.24/chown.bc>:!2603	</home/chrzissis/cclyzer-souffle/tests/coreutils-8.24/chown.bc>:!73
</home/chrzissis/cclyzer-souffle/tests/coreutils-8.24/chown.bc>:!2630	</home/chrzissis/cclyzer-souffle/tests/coreutils-8.24/chown.bc>:!73
</home/chrzissis/cclyzer-souffle/tests/coreutils-8.24/chown.bc>:!2650	</home/chrzissis/cclyzer-souffle/tests/coreutils-8.24/chown.bc>:!73
</home/chrzissis/cclyzer-souffle/tests/coreutils-8.24/chown.bc>:!2652	</home/chrzissis/cclyzer-souffle/tests/coreutils-8.24/chown.bc>:!73
</home/chrzissis/cclyzer-souffle/tests/coreutils-8.24/chown.bc>:!2654	</home/chrzissis/cclyzer-souffle/tests/coreutils-8.24/chown.bc>:!73
</home/chrzissis/cclyzer-souffle/tests/coreutils-8.24/chown.bc>:!2656	</home/chrzissis/cclyzer-souffle/tests/coreutils-8.24/chown.bc>:!73
</home/chrzissis/cclyzer-souffle/tests/coreutils-8.24/chown.bc>:!2665	</home/chrzissis/cclyzer-souffle/tests/coreutils-8.24/chown.bc>:!73
</home/chrzissis/cclyzer-souffle/tests/coreutils-8.24/chown.bc>:!2670	</home/chrzissis/cclyzer-souffle/tests/coreutils-8.24/chown.bc>:!73
</home/chrzissis/cclyzer-souffle/tests/coreutils-8.24/chown.bc>:!2672	</home/chrzissis/cclyzer-souffle/tests/coreutils-8.24/chown.bc>:!73
</home/chrzissis/cclyzer-souffle/tests/coreutils-8.24/chown.bc>:!2674	</home/chrzissis/cclyzer-souffle/tests/coreutils-8.24/chown.bc>:!73
</home/chrzissis/cclyzer-souffle/tests/coreutils-8.24/chown.bc>:!2697	</home/chrzissis/cclyzer-souffle/tests/coreutils-8.24/chown.bc>:!73
</home/chrzissis/cclyzer-souffle/tests/coreutils-8.24/chown.bc>:!2740	</home/chrzissis/cclyzer-souffle/tests/coreutils-8.24/chown.bc>:!73
</home/chrzissis/cclyzer-souffle/tests/coreutils-8.24/chown.bc>:!2743	</home/chrzissis/cclyzer-souffle/tests/coreutils-8.24/chown.bc>:!73
</home/chrzissis/cclyzer-souffle/tests/coreutils-8.24/chown.bc>:!2766	</home/chrzissis/cclyzer-souffle/tests/coreutils-8.24/chown.bc>:!73
</home/chrzissis/cclyzer-souffle/tests/coreutils-8.24/chown.bc>:!2769	</home/chrzissis/cclyzer-souffle/tests/coreutils-8.24/chown.bc>:!73
</home/chrzissis/cclyzer-souffle/tests/coreutils-8.24/chown.bc>:!2791	</home/chrzissis/cclyzer-souffle/tests/coreutils-8.24/chown.bc>:!73
</home/chrzissis/cclyzer-souffle/tests/coreutils-8.24/chown.bc>:!2801	</home/chrzissis/cclyzer-souffle/tests/coreutils-8.24/chown.bc>:!73
</home/chrzissis/cclyzer-souffle/tests/coreutils-8.24/chown.bc>:!2814	</home/chrzissis/cclyzer-souffle/tests/coreutils-8.24/chown.bc>:!73
</home/chrzissis/cclyzer-souffle/tests/coreutils-8.24/chown.bc>:!2816	</home/chrzissis/cclyzer-souffle/tests/coreutils-8.24/chown.bc>:!73
</home/chrzissis/cclyzer-souffle/tests/coreutils-8.24/chown.bc>:!2817	</home/chrzissis/cclyzer-souffle/tests/coreutils-8.24/chown.bc>:!73
</home/chrzissis/cclyzer-souffle/tests/coreutils-8.24/chown.bc>:!2878	</home/chrzissis/cclyzer-souffle/tests/coreutils-8.24/chown.bc>:!73
</home/chrzissis/cclyzer-souffle/tests/coreutils-8.24/chown.bc>:!2904	</home/chrzissis/cclyzer-souffle/tests/coreutils-8.24/chown.bc>:!73
</home/chrzissis/cclyzer-souffle/tests/coreutils-8.24/chown.bc>:!2908	</home/chrzissis/cclyzer-souffle/tests/coreutils-8.24/chown.bc>:!73
</home/chrzissis/cclyzer-souffle/tests/coreutils-8.24/chown.bc>:!2931	</home/chrzissis/cclyzer-souffle/tests/coreutils-8.24/chown.bc>:!73
</home/chrzissis/cclyzer-souffle/tests/coreutils-8.24/chown.bc>:!2940	</home/chrzissis/cclyzer-souffle/tests/coreutils-8.24/chown.bc>:!73
</home/chrzissis/cclyzer-souffle/tests/coreutils-8.24/chown.bc>:!2948	</home/chrzissis/cclyzer-souffle/tests/coreutils-8.24/chown.bc>:!73
</home/chrzissis/cclyzer-souffle/tests/coreutils-8.24/chown.bc>:!3015	</home/chrzissis/cclyzer-souffle/tests/coreutils-8.24/chown.bc>:!73
</home/chrzissis/cclyzer-souffle/tests/coreutils-8.24/chown.bc>:!3017	</home/chrzissis/cclyzer-souffle/tests/coreutils-8.24/chown.bc>:!73
</home/chrzissis/cclyzer-souffle/tests/coreutils-8.24/chown.bc>:!3019	</home/chrzissis/cclyzer-souffle/tests/coreutils-8.24/chown.bc>:!73
</home/chrzissis/cclyzer-souffle/tests/coreutils-8.24/chown.bc>:!3020	</home/chrzissis/cclyzer-souffle/tests/coreutils-8.24/chown.bc>:!73
</home/chrzissis/cclyzer-souffle/tests/coreutils-8.24/chown.bc>:!3022	</home/chrzissis/cclyzer-souffle/tests/coreutils-8.24/chown.bc>:!73
</home/chrzissis/cclyzer-souffle/tests/coreutils-8.24/chown.bc>:!3025	</home/chrzissis/cclyzer-souffle/tests/coreutils-8.24/chown.bc>:!73
</home/chrzissis/cclyzer-souffle/tests/coreutils-8.24/chown.bc>:!3027	</home/chrzissis/cclyzer-souffle/tests/coreutils-8.24/chown.bc>:!73
</home/chrzissis/cclyzer-souffle/tests/coreutils-8.24/chown.bc>:!3028	</home/chrzissis/cclyzer-souffle/tests/coreutils-8.24/chown.bc>:!73
</home/chrzissis/cclyzer-souffle/tests/coreutils-8.24/chown.bc>:!3035	</home/chrzissis/cclyzer-souffle/tests/coreutils-8.24/chown.bc>:!73
</home/chrzissis/cclyzer-souffle/tests/coreutils-8.24/chown.bc>:!3040	</home/chrzissis/cclyzer-souffle/tests/coreutils-8.24/chown.bc>:!73
</home/chrzissis/cclyzer-souffle/tests/coreutils-8.24/chown.bc>:!3041	</home/chrzissis/cclyzer-souffle/tests/coreutils-8.24/chown.bc>:!73
</home/chrzissis/cclyzer-souffle/tests/coreutils-8.24/chown.bc>:!3049	</home/chrzissis/cclyzer-souffle/tests/coreutils-8.24/chown.bc>:!73
</home/chrzissis/cclyzer-souffle/tests/coreutils-8.24/chown.bc>:!3054	</home/chrzissis/cclyzer-souffle/tests/coreutils-8.24/chown.bc>:!73
</home/chrzissis/cclyzer-souffle/tests/coreutils-8.24/chown.bc>:!3055	</home/chrzissis/cclyzer-souffle/tests/coreutils-8.24/chown.bc>:!73
</home/chrzissis/cclyzer-souffle/tests/coreutils-8.24/chown.bc>:!3060	</home/chrzissis/cclyzer-souffle/tests/coreutils-8.24/chown.bc>:!73
</home/chrzissis/cclyzer-souffle/tests/coreutils-8.24/chown.bc>:!3065	</home/chrzissis/cclyzer-souffle/tests/coreutils-8.24/chown.bc>:!73
</home/chrzissis/cclyzer-souffle/tests/coreutils-8.24/chown.bc>:!3066	</home/chrzissis/cclyzer-souffle/tests/coreutils-8.24/chown.bc>:!73
</home/chrzissis/cclyzer-souffle/tests/coreutils-8.24/chown.bc>:!3154	</home/chrzissis/cclyzer-souffle/tests/coreutils-8.24/chown.bc>:!265
</home/chrzissis/cclyzer-souffle/tests/coreutils-8.24/chown.bc>:!3157	</home/chrzissis/cclyzer-souffle/tests/coreutils-8.24/chown.bc>:!265
</home/chrzissis/cclyzer-souffle/tests/coreutils-8.24/chown.bc>:!3230	</home/chrzissis/cclyzer-souffle/tests/coreutils-8.24/chown.bc>:!295
</home/chrzissis/cclyzer-souffle/tests/coreutils-8.24/chown.bc>:!3245	</home/chrzissis/cclyzer-souffle/tests/coreutils-8.24/chown.bc>:!295
</home/chrzissis/cclyzer-souffle/tests/coreutils-8.24/chown.bc>:!3276	</home/chrzissis/cclyzer-souffle/tests/coreutils-8.24/chown.bc>:!299
</home/chrzissis/cclyzer-souffle/tests/coreutils-8.24/chown.bc>:!3279	</home/chrzissis/cclyzer-souffle/tests/coreutils-8.24/chown.bc>:!299
</home/chrzissis/cclyzer-souffle/tests/coreutils-8.24/chown.bc>:!3281	</home/chrzissis/cclyzer-souffle/tests/coreutils-8.24/chown.bc>:!299
</home/chrzissis/cclyzer-souffle/tests/coreutils-8.24/chown.bc>:!3282	</home/chrzissis/cclyzer-souffle/tests/coreutils-8.24/chown.bc>:!299
</home/chrzissis/cclyzer-souffle/tests/coreutils-8.24/chown.bc>:!3290	</home/chrzissis/cclyzer-souffle/tests/coreutils-8.24/chown.bc>:!299
</home/chrzissis/cclyzer-souffle/tests/coreutils-8.24/chown.bc>:!3325	</home/chrzissis/cclyzer-souffle/tests/coreutils-8.24/chown.bc>:!306
</home/chrzissis/cclyzer-souffle/tests/coreutils-8.24/chown.bc>:!3327	</home/chrzissis/cclyzer-souffle/tests/coreutils-8.24/chown.bc>:!306
</home/chrzissis/cclyzer-souffle/tests/coreutils-8.24/chown.bc>:!3329	</home/chrzissis/cclyzer-souffle/tests/coreutils-8.24/chown.bc>:!306
</home/chrzissis/cclyzer-souffle/tests/coreutils-8.24/chown.bc>:!3330	</home/chrzissis/cclyzer-souffle/tests/coreutils-8.24/chown.bc>:!306
</home/chrzissis/cclyzer-souffle/tests/coreutils-8.24/chown.bc>:!3341	</home/chrzissis/cclyzer-souffle/tests/coreutils-8.24/chown.bc>:!306
</home/chrzissis/cclyzer-souffle/tests/coreutils-8.24/chown.bc>:!3343	</home/chrzissis/cclyzer-souffle/tests/coreutils-8.24/chown.bc>:!306
</home/chrzissis/cclyzer-souffle/tests/coreutils-8.24/chown.bc>:!3345	</home/chrzissis/cclyzer-souffle/tests/coreutils-8.24/chown.bc>:!306
</home/chrzissis/cclyzer-souffle/tests/coreutils-8.24/chown.bc>:!3346	</home/chrzissis/cclyzer-souffle/tests/coreutils-8.24/chown.bc>:!306
</home/chrzissis/cclyzer-souffle/tests/coreutils-8.24/chown.bc>:!3355	</home/chrzissis/cclyzer-souffle/tests/coreutils-8.24/chown.bc>:!306
</home/chrzissis/cclyzer-souffle/tests/coreutils-8.24/chown.bc>:!3357	</home/chrzissis/cclyzer-souffle/tests/coreutils-8.24/chown.bc>:!306
</home/chrzissis/cclyzer-souffle/tests/coreutils-8.24/chown.bc>:!3359	</home/chrzissis/cclyzer-souffle/tests/coreutils-8.24/chown.bc>:!306
</home/chrzissis/cclyzer-souffle/tests/coreutils-8.24/chown.bc>:!3360	</home/chrzissis/cclyzer-souffle/tests/coreutils-8.24/chown.bc>:!306
</home/chrzissis/cclyzer-souffle/tests/coreutils-8.24/chown.bc>:!3377	</home/chrzissis/cclyzer-souffle/tests/coreutils-8.24/chown.bc>:!306
</home/chrzissis/cclyzer-souffle/tests/coreutils-8.24/chown.bc>:!3379	</home/chrzissis/cclyzer-souffle/tests/coreutils-8.24/chown.bc>:!306
</home/chrzissis/cclyzer-souffle/tests/coreutils-8.24/chown.bc>:!3381	</home/chrzissis/cclyzer-souffle/tests/coreutils-8.24/chown.bc>:!306
</home/chrzissis/cclyzer-souffle/tests/coreutils-8.24/chown.bc>:!3382	</home/chrzissis/cclyzer-souffle/tests/coreutils-8.24/chown.bc>:!306
</home/chrzissis/cclyzer-souffle/tests/coreutils-8.24/chown.bc>:!3446	</home/chrzissis/cclyzer-souffle/tests/coreutils-8.24/chown.bc>:!306
</home/chrzissis/cclyzer-souffle/tests/coreutils-8.24/chown.bc>:!3472	</home/chrzissis/cclyzer-souffle/tests/coreutils-8.24/chown.bc>:!306
</home/chrzissis/cclyzer-souffle/tests/coreutils-8.24/chown.bc>:!3474	</home/chrzissis/cclyzer-souffle/tests/coreutils-8.24/chown.bc>:!306
</home/chrzissis/cclyzer-souffle/tests/coreutils-8.24/chown.bc>:!3476	</home/chrzissis/cclyzer-souffle/tests/coreutils-8.24/chown.bc>:!306
</home/chrzissis/cclyzer-souffle/tests/coreutils-8.24/chown.bc>:!3477	</home/chrzissis/cclyzer-souffle/tests/coreutils-8.24/chown.bc>:!306
</home/chrzissis/cclyzer-souffle/tests/coreutils-8.24/chown.bc>:!3526	</home/chrzissis/cclyzer-souffle/tests/coreutils-8.24/chown.bc>:!306
</home/chrzissis/cclyzer-souffle/tests/coreutils-8.24/chown.bc>:!3528	</home/chrzissis/cclyzer-souffle/tests/coreutils-8.24/chown.bc>:!306
</home/chrzissis/cclyzer-souffle/tests/coreutils-8.24/chown.bc>:!3530	</home/chrzissis/cclyzer-souffle/tests/coreutils-8.24/chown.bc>:!306
</home/chrzissis/cclyzer-souffle/tests/coreutils-8.24/chown.bc>:!3531	</home/chrzissis/cclyzer-souffle/tests/coreutils-8.24/chown.bc>:!306
</home/chrzissis/cclyzer-souffle/tests/coreutils-8.24/chown.bc>:!3596	</home/chrzissis/cclyzer-souffle/tests/coreutils-8.24/chown.bc>:!306
</home/chrzissis/cclyzer-souffle/tests/coreutils-8.24/chown.bc>:!3597	</home/chrzissis/cclyzer-souffle/tests/coreutils-8.24/chown.bc>:!306
</home/chrzissis/cclyzer-souffle/tests/coreutils-8.24/chown.bc>:!3889	</home/chrzissis/cclyzer-souffle/tests/coreutils-8.24/chown.bc>:!306
</home/chrzissis/cclyzer-souffle/tests/coreutils-8.24/chown.bc>:!3894	</home/chrzissis/cclyzer-souffle/tests/coreutils-8.24/chown.bc>:!306
</home/chrzissis/cclyzer-souffle/tests/coreutils-8.24/chown.bc>:!3896	</home/chrzissis/cclyzer-souffle/tests/coreutils-8.24/chown.bc>:!306
</home/chrzissis/cclyzer-souffle/tests/coreutils-8.24/chown.bc>:!3897	</home/chrzissis/cclyzer-souffle/tests/coreutils-8.24/chown.bc>:!306
</home/chrzissis/cclyzer-souffle/tests/coreutils-8.24/chown.bc>:!3899	</home/chrzissis/cclyzer-souffle/tests/coreutils-8.24/chown.bc>:!306
</home/chrzissis/cclyzer-souffle/tests/coreutils-8.24/chown.bc>:!3928	</home/chrzissis/cclyzer-souffle/tests/coreutils-8.24/chown.bc>:!306
</home/chrzissis/cclyzer-souffle/tests/coreutils-8.24/chown.bc>:!3929	</home/chrzissis/cclyzer-souffle/tests/coreutils-8.24/chown.bc>:!306
</home/chrzissis/cclyzer-souffle/tests/coreutils-8.24/chown.bc>:!3935	</home/chrzissis/cclyzer-souffle/tests/coreutils-8.24/chown.bc>:!306
</home/chrzissis/cclyzer-souffle/tests/coreutils-8.24/chown.bc>:!3940	</home/chrzissis/cclyzer-souffle/tests/coreutils-8.24/chown.bc>:!306
</home/chrzissis/cclyzer-souffle/tests/coreutils-8.24/chown.bc>:!3942	</home/chrzissis/cclyzer-souffle/tests/coreutils-8.24/chown.bc>:!306
</home/chrzissis/cclyzer-souffle/tests/coreutils-8.24/chown.bc>:!3943	</home/chrzissis/cclyzer-souffle/tests/coreutils-8.24/chown.bc>:!306
</home/chrzissis/cclyzer-souffle/tests/coreutils-8.24/chown.bc>:!3945	</home/chrzissis/cclyzer-souffle/tests/coreutils-8.24/chown.bc>:!306
</home/chrzissis/cclyzer-souffle/tests/coreutils-8.24/chown.bc>:!3964	</home/chrzissis/cclyzer-souffle/tests/coreutils-8.24/chown.bc>:!306
</home/chrzissis/cclyzer-souffle/tests/coreutils-8.24/chown.bc>:!3969	</home/chrzissis/cclyzer-souffle/tests/coreutils-8.24/chown.bc>:!306
</home/chrzissis/cclyzer-souffle/tests/coreutils-8.24/chown.bc>:!3971	</home/chrzissis/cclyzer-souffle/tests/coreutils-8.24/chown.bc>:!306
</home/chrzissis/cclyzer-souffle/tests/coreutils-8.24/chown.bc>:!3972	</home/chrzissis/cclyzer-souffle/tests/coreutils-8.24/chown.bc>:!306
</home/chrzissis/cclyzer-souffle/tests/coreutils-8.24/chown.bc>:!3974	</home/chrzissis/cclyzer-souffle/tests/coreutils-8.24/chown.bc>:!306
</home/chrzissis/cclyzer-souffle/tests/coreutils-8.24/chown.bc>:!3985	</home/chrzissis/cclyzer-souffle/tests/coreutils-8.24/chown.bc>:!306
</home/chrzissis/cclyzer-souffle/tests/coreutils-8.24/chown.bc>:!3986	</home/chrzissis/cclyzer-souffle/tests/coreutils-8.24/chown.bc>:!306
</home/chrzissis/cclyzer-souffle/tests/coreutils-8.24/chown.bc>:!3991	</home/chrzissis/cclyzer-souffle/tests/coreutils-8.24/chown.bc>:!306
</home/chrzissis/cclyzer-souffle/tests/coreutils-8.24/chown.bc>:!3995	</home/chrzissis/cclyzer-souffle/tests/coreutils-8.24/chown.bc>:!306
</home/chrzissis/cclyzer-souffle/tests/coreutils-8.24/chown.bc>:!3999	</home/chrzissis/cclyzer-souffle/tests/coreutils-8.24/chown.bc>:!306
</home/chrzissis/cclyzer-souffle/tests/coreutils-8.24/chown.bc>:!4000	</home/chrzissis/cclyzer-souffle/tests/coreutils-8.24/chown.bc>:!306
</home/chrzissis/cclyzer-souffle/tests/coreutils-8.24/chown.bc>:!4013	</home/chrzissis/cclyzer-souffle/tests/coreutils-8.24/chown.bc>:!306
</home/chrzissis/cclyzer-souffle/tests/coreutils-8.24/chown.bc>:!4028	</home/chrzissis/cclyzer-souffle/tests/coreutils-8.24/chown.bc>:!306
</home/chrzissis/cclyzer-souffle/tests/coreutils-8.24/chown.bc>:!4029	</home/chrzissis/cclyzer-souffle/tests/coreutils-8.24/chown.bc>:!306
</home/chrzissis/cclyzer-souffle/tests/coreutils-8.24/chown.bc>:!4062	</home/chrzissis/cclyzer-souffle/tests/coreutils-8.24/chown.bc>:!306
</home/chrzissis/cclyzer-souffle/tests/coreutils-8.24/chown.bc>:!4067	</home/chrzissis/cclyzer-souffle/tests/coreutils-8.24/chown.bc>:!306
</home/chrzissis/cclyzer-souffle/tests/coreutils-8.24/chown.bc>:!4069	</home/chrzissis/cclyzer-souffle/tests/coreutils-8.24/chown.bc>:!306
</home/chrzissis/cclyzer-souffle/tests/coreutils-8.24/chown.bc>:!4070	</home/chrzissis/cclyzer-souffle/tests/coreutils-8.24/chown.bc>:!306
</home/chrzissis/cclyzer-souffle/tests/coreutils-8.24/chown.bc>:!4078	</home/chrzissis/cclyzer-souffle/tests/coreutils-8.24/chown.bc>:!306
</home/chrzissis/cclyzer-souffle/tests/coreutils-8.24/chown.bc>:!4084	</home/chrzissis/cclyzer-souffle/tests/coreutils-8.24/chown.bc>:!306
</home/chrzissis/cclyzer-souffle/tests/coreutils-8.24/chown.bc>:!4092	</home/chrzissis/cclyzer-souffle/tests/coreutils-8.24/chown.bc>:!306
</home/chrzissis/cclyzer-souffle/tests/coreutils-8.24/chown.bc>:!4097	</home/chrzissis/cclyzer-souffle/tests/coreutils-8.24/chown.bc>:!306
</home/chrzissis/cclyzer-souffle/tests/coreutils-8.24/chown.bc>:!4099	</home/chrzissis/cclyzer-souffle/tests/coreutils-8.24/chown.bc>:!306
</home/chrzissis/cclyzer-souffle/tests/coreutils-8.24/chown.bc>:!4100	</home/chrzissis/cclyzer-souffle/tests/coreutils-8.24/chown.bc>:!306
</home/chrzissis/cclyzer-souffle/tests/coreutils-8.24/chown.bc>:!4103	</home/chrzissis/cclyzer-souffle/tests/coreutils-8.24/chown.bc>:!306
</home/chrzissis/cclyzer-souffle/tests/coreutils-8.24/chown.bc>:!4108	</home/chrzissis/cclyzer-souffle/tests/coreutils-8.24/chown.bc>:!306
</home/chrzissis/cclyzer-souffle/tests/coreutils-8.24/chown.bc>:!4110	</home/chrzissis/cclyzer-souffle/tests/coreutils-8.24/chown.bc>:!306
</home/chrzissis/cclyzer-souffle/tests/coreutils-8.24/chown.bc>:!4111	</home/chrzissis/cclyzer-souffle/tests/coreutils-8.24/chown.bc>:!306
</home/chrzissis/cclyzer-souffle/tests/coreutils-8.24/chown.bc>:!4134	</home/chrzissis/cclyzer-souffle/tests/coreutils-8.24/chown.bc>:!306
</home/chrzissis/cclyzer-souffle/tests/coreutils-8.24/chown.bc>:!4140	</home/chrzissis/cclyzer-souffle/tests/coreutils-8.24/chown.bc>:!306
</home/chrzissis/cclyzer-souffle/tests/coreutils-8.24/chown.bc>:!4161	</home/chrzissis/cclyzer-souffle/tests/coreutils-8.24/chown.bc>:!306
</home/chrzissis/cclyzer-souffle/tests/coreutils-8.24/chown.bc>:!4166	</home/chrzissis/cclyzer-souffle/tests/coreutils-8.24/chown.bc>:!306
</home/chrzissis/cclyzer-souffle/tests/coreutils-8.24/chown.bc>:!4168	</home/chrzissis/cclyzer-souffle/tests/coreutils-8.24/chown.bc>:!306
</home/chrzissis/cclyzer-souffle/tests/coreutils-8.24/chown.bc>:!4169	</home/chrzissis/cclyzer-souffle/tests/coreutils-8.24/chown.bc>:!306
</home/chrzissis/cclyzer-souffle/tests/coreutils-8.24/chown.bc>:!4172	</home/chrzissis/cclyzer-souffle/tests/coreutils-8.24/chown.bc>:!306
</home/chrzissis/cclyzer-souffle/tests/coreutils-8.24/chown.bc>:!4177	</home/chrzissis/cclyzer-souffle/tests/coreutils-8.24/chown.bc>:!306
</home/chrzissis/cclyzer-souffle/tests/coreutils-8.24/chown.bc>:!4179	</home/chrzissis/cclyzer-souffle/tests/coreutils-8.24/chown.bc>:!306
</home/chrzissis/cclyzer-souffle/tests/coreutils-8.24/chown.bc>:!4180	</home/chrzissis/cclyzer-souffle/tests/coreutils-8.24/chown.bc>:!306
</home/chrzissis/cclyzer-souffle/tests/coreutils-8.24/chown.bc>:!4183	</home/chrzissis/cclyzer-souffle/tests/coreutils-8.24/chown.bc>:!306
</home/chrzissis/cclyzer-souffle/tests/coreutils-8.24/chown.bc>:!4188	</home/chrzissis/cclyzer-souffle/tests/coreutils-8.24/chown.bc>:!306
</home/chrzissis/cclyzer-souffle/tests/coreutils-8.24/chown.bc>:!4190	</home/chrzissis/cclyzer-souffle/tests/coreutils-8.24/chown.bc>:!306
</home/chrzissis/cclyzer-souffle/tests/coreutils-8.24/chown.bc>:!4191	</home/chrzissis/cclyzer-souffle/tests/coreutils-8.24/chown.bc>:!306
</home/chrzissis/cclyzer-souffle/tests/coreutils-8.24/chown.bc>:!4194	</home/chrzissis/cclyzer-souffle/tests/coreutils-8.24/chown.bc>:!306
</home/chrzissis/cclyzer-souffle/tests/coreutils-8.24/chown.bc>:!4199	</home/chrzissis/cclyzer-souffle/tests/coreutils-8.24/chown.bc>:!306
</home/chrzissis/cclyzer-souffle/tests/coreutils-8.24/chown.bc>:!4201	</home/chrzissis/cclyzer-souffle/tests/coreutils-8.24/chown.bc>:!306
</home/chrzissis/cclyzer-souffle/tests/coreutils-8.24/chown.bc>:!4202	</home/chrzissis/cclyzer-souffle/tests/coreutils-8.24/chown.bc>:!306
</home/chrzissis/cclyzer-souffle/tests/coreutils-8.24/chown.bc>:!4229	</home/chrzissis/cclyzer-souffle/tests/coreutils-8.24/chown.bc>:!306
</home/chrzissis/cclyzer-souffle/tests/coreutils-8.24/chown.bc>:!4232	</home/chrzissis/cclyzer-souffle/tests/coreutils-8.24/chown.bc>:!306
</home/chrzissis/cclyzer-souffle/tests/coreutils-8.24/chown.bc>:!4236	</home/chrzissis/cclyzer-souffle/tests/coreutils-8.24/chown.bc>:!306
</home/chrzissis/cclyzer-souffle/tests/coreutils-8.24/chown.bc>:!4237	</home/chrzissis/cclyzer-souffle/tests/coreutils-8.24/chown.bc>:!306
</home/chrzissis/cclyzer-souffle/tests/coreutils-8.24/chown.bc>:!4238	</home/chrzissis/cclyzer-souffle/tests/coreutils-8.24/chown.bc>:!306
</home/chrzissis/cclyzer-souffle/tests/coreutils-8.24/chown.bc>:!4244	</home/chrzissis/cclyzer-souffle/tests/coreutils-8.24/chown.bc>:!306
</home/chrzissis/cclyzer-souffle/tests/coreutils-8.24/chown.bc>:!4248	</home/chrzissis/cclyzer-souffle/tests/coreutils-8.24/chown.bc>:!306
</home/chrzissis/cclyzer-souffle/tests/coreutils-8.24/chown.bc>:!4262	</home/chrzissis/cclyzer-souffle/tests/coreutils-8.24/chown.bc>:!306
</home/chrzissis/cclyzer-souffle/tests/coreutils-8.24/chown.bc>:!4265	</home/chrzissis/cclyzer-souffle/tests/coreutils-8.24/chown.bc>:!306
</home/chrzissis/cclyzer-souffle/tests/coreutils-8.24/chown.bc>:!4269	</home/chrzissis/cclyzer-souffle/tests/coreutils-8.24/chown.bc>:!306
</home/chrzissis/cclyzer-souffle/tests/coreutils-8.24/chown.bc>:!4270	</home/chrzissis/cclyzer-souffle/tests/coreutils-8.24/chown.bc>:!306
</home/chrzissis/cclyzer-souffle/tests/coreutils-8.24/chown.bc>:!4277	</home/chrzissis/cclyzer-souffle/tests/coreutils-8.24/chown.bc>:!306
</home/chrzissis/cclyzer-souffle/tests/coreutils-8.24/chown.bc>:!4283	</home/chrzissis/cclyzer-souffle/tests/coreutils-8.24/chown.bc>:!306
</home/chrzissis/cclyzer-souffle/tests/coreutils-8.24/chown.bc>:!4298	</home/chrzissis/cclyzer-souffle/tests/coreutils-8.24/chown.bc>:!306
</home/chrzissis/cclyzer-souffle/tests/coreutils-8.24/chown.bc>:!4303	</home/chrzissis/cclyzer-souffle/tests/coreutils-8.24/chown.bc>:!306
</home/chrzissis/cclyzer-souffle/tests/coreutils-8.24/chown.bc>:!4305	</home/chrzissis/cclyzer-souffle/tests/coreutils-8.24/chown.bc>:!306
</home/chrzissis/cclyzer-souffle/tests/coreutils-8.24/chown.bc>:!4306	</home/chrzissis/cclyzer-souffle/tests/coreutils-8.24/chown.bc>:!306
</home/chrzissis/cclyzer-souffle/tests/coreutils-8.24/chown.bc>:!4309	</home/chrzissis/cclyzer-souffle/tests/coreutils-8.24/chown.bc>:!306
</home/chrzissis/cclyzer-souffle/tests/coreutils-8.24/chown.bc>:!4314	</home/chrzissis/cclyzer-souffle/tests/coreutils-8.24/chown.bc>:!306
</home/chrzissis/cclyzer-souffle/tests/coreutils-8.24/chown.bc>:!4316	</home/chrzissis/cclyzer-souffle/tests/coreutils-8.24/chown.bc>:!306
</home/chrzissis/cclyzer-souffle/tests/coreutils-8.24/chown.bc>:!4317	</home/chrzissis/cclyzer-souffle/tests/coreutils-8.24/chown.bc>:!306
</home/chrzissis/cclyzer-souffle/tests/coreutils-8.24/chown.bc>:!4320	</home/chrzissis/cclyzer-souffle/tests/coreutils-8.24/chown.bc>:!306
</home/chrzissis/cclyzer-souffle/tests/coreutils-8.24/chown.bc>:!4325	</home/chrzissis/cclyzer-souffle/tests/coreutils-8.24/chown.bc>:!306
</home/chrzissis/cclyzer-souffle/tests/coreutils-8.24/chown.bc>:!4327	</home/chrzissis/cclyzer-souffle/tests/coreutils-8.24/chown.bc>:!306
</home/chrzissis/cclyzer-souffle/tests/coreutils-8.24/chown.bc>:!4328	</home/chrzissis/cclyzer-souffle/tests/coreutils-8.24/chown.bc>:!306
</home/chrzissis/cclyzer-souffle/tests/coreutils-8.24/chown.bc>:!4406	</home/chrzissis/cclyzer-souffle/tests/coreutils-8.24/chown.bc>:!306
</home/chrzissis/cclyzer-souffle/tests/coreutils-8.24/chown.bc>:!4407	</home/chrzissis/cclyzer-souffle/tests/coreutils-8.24/chown.bc>:!306
</home/chrzissis/cclyzer-souffle/tests/coreutils-8.24/chown.bc>:!4414	</home/chrzissis/cclyzer-souffle/tests/coreutils-8.24/chown.bc>:!306
</home/chrzissis/cclyzer-souffle/tests/coreutils-8.24/chown.bc>:!4419	</home/chrzissis/cclyzer-souffle/tests/coreutils-8.24/chown.bc>:!306
</home/chrzissis/cclyzer-souffle/tests/coreutils-8.24/chown.bc>:!4427	</home/chrzissis/cclyzer-souffle/tests/coreutils-8.24/chown.bc>:!306
</home/chrzissis/cclyzer-souffle/tests/coreutils-8.24/chown.bc>:!4437	</home/chrzissis/cclyzer-souffle/tests/coreutils-8.24/chown.bc>:!306
</home/chrzissis/cclyzer-souffle/tests/coreutils-8.24/chown.bc>:!4438	</home/chrzissis/cclyzer-souffle/tests/coreutils-8.24/chown.bc>:!306
</home/chrzissis/cclyzer-souffle/tests/coreutils-8.24/chown.bc>:!4473	</home/chrzissis/cclyzer-souffle/tests/coreutils-8.24/chown.bc>:!306
</home/chrzissis/cclyzer-souffle/tests/coreutils-8.24/chown.bc>:!4476	</home/chrzissis/cclyzer-souffle/tests/coreutils-8.24/chown.bc>:!306
</home/chrzissis/cclyzer-souffle/tests/coreutils-8.24/chown.bc>:!4492	</home/chrzissis/cclyzer-souffle/tests/coreutils-8.24/chown.bc>:!306
</home/chrzissis/cclyzer-souffle/tests/coreutils-8.24/chown.bc>:!4501	</home/chrzissis/cclyzer-souffle/tests/coreutils-8.24/chown.bc>:!306
</home/chrzissis/cclyzer-souffle/tests/coreutils-8.24/chown.bc>:!4506	</home/chrzissis/cclyzer-souffle/tests/coreutils-8.24/chown.bc>:!306
</home/chrzissis/cclyzer-souffle/tests/coreutils-8.24/chown.bc>:!4508	</home/chrzissis/cclyzer-souffle/tests/coreutils-8.24/chown.bc>:!306
</home/chrzissis/cclyzer-souffle/tests/coreutils-8.24/chown.bc>:!4509	</home/chrzissis/cclyzer-souffle/tests/coreutils-8.24/chown.bc>:!306
</home/chrzissis/cclyzer-souffle/tests/coreutils-8.24/chown.bc>:!4512	</home/chrzissis/cclyzer-souffle/tests/coreutils-8.24/chown.bc>:!306
</home/chrzissis/cclyzer-souffle/tests/coreutils-8.24/chown.bc>:!4517	</home/chrzissis/cclyzer-souffle/tests/coreutils-8.24/chown.bc>:!306
</home/chrzissis/cclyzer-souffle/tests/coreutils-8.24/chown.bc>:!4519	</home/chrzissis/cclyzer-souffle/tests/coreutils-8.24/chown.bc>:!306
</home/chrzissis/cclyzer-souffle/tests/coreutils-8.24/chown.bc>:!4520	</home/chrzissis/cclyzer-souffle/tests/coreutils-8.24/chown.bc>:!306
</home/chrzissis/cclyzer-souffle/tests/coreutils-8.24/chown.bc>:!4523	</home/chrzissis/cclyzer-souffle/tests/coreutils-8.24/chown.bc>:!306
</home/chrzissis/cclyzer-souffle/tests/coreutils-8.24/chown.bc>:!4528	</home/chrzissis/cclyzer-souffle/tests/coreutils-8.24/chown.bc>:!306
</home/chrzissis/cclyzer-souffle/tests/coreutils-8.24/chown.bc>:!4530	</home/chrzissis/cclyzer-souffle/tests/coreutils-8.24/chown.bc>:!306
</home/chrzissis/cclyzer-souffle/tests/coreutils-8.24/chown.bc>:!4531	</home/chrzissis/cclyzer-souffle/tests/coreutils-8.24/chown.bc>:!306
</home/chrzissis/cclyzer-souffle/tests/coreutils-8.24/chown.bc>:!4544	</home/chrzissis/cclyzer-souffle/tests/coreutils-8.24/chown.bc>:!306
</home/chrzissis/cclyzer-souffle/tests/coreutils-8.24/chown.bc>:!4549	</home/chrzissis/cclyzer-souffle/tests/coreutils-8.24/chown.bc>:!306
</home/chrzissis/cclyzer-souffle/tests/coreutils-8.24/chown.bc>:!4551	</home/chrzissis/cclyzer-souffle/tests/coreutils-8.24/chown.bc>:!306
</home/chrzissis/cclyzer-souffle/tests/coreutils-8.24/chown.bc>:!4552	</home/chrzissis/cclyzer-souffle/tests/coreutils-8.24/chown.bc>:!306
</home/chrzissis/cclyzer-souffle/tests/coreutils-8.24/chown.bc>:!4564	</home/chrzissis/cclyzer-souffle/tests/coreutils-8.24/chown.bc>:!306
</home/chrzissis/cclyzer-souffle/tests/coreutils-8.24/chown.bc>:!4569	</home/chrzissis/cclyzer-souffle/tests/coreutils-8.24/chown.bc>:!306
</home/chrzissis/cclyzer-souffle/tests/coreutils-8.24/chown.bc>:!4571	</home/chrzissis/cclyzer-souffle/tests/coreutils-8.24/chown.bc>:!306
</home/chrzissis/cclyzer-souffle/tests/coreutils-8.24/chown.bc>:!4572	</home/chrzissis/cclyzer-souffle/tests/coreutils-8.24/chown.bc>:!306
</home/chrzissis/cclyzer-souffle/tests/coreutils-8.24/chown.bc>:!4583	</home/chrzissis/cclyzer-souffle/tests/coreutils-8.24/chown.bc>:!306
</home/chrzissis/cclyzer-souffle/tests/coreutils-8.24/chown.bc>:!4596	</home/chrzissis/cclyzer-souffle/tests/coreutils-8.24/chown.bc>:!306
</home/chrzissis/cclyzer-souffle/tests/coreutils-8.24/chown.bc>:!4606	</home/chrzissis/cclyzer-souffle/tests/coreutils-8.24/chown.bc>:!306
</home/chrzissis/cclyzer-souffle/tests/coreutils-8.24/chown.bc>:!4611	</home/chrzissis/cclyzer-souffle/tests/coreutils-8.24/chown.bc>:!306
</home/chrzissis/cclyzer-souffle/tests/coreutils-8.24/chown.bc>:!4613	</home/chrzissis/cclyzer-souffle/tests/coreutils-8.24/chown.bc>:!306
</home/chrzissis/cclyzer-souffle/tests/coreutils-8.24/chown.bc>:!4614	</home/chrzissis/cclyzer-souffle/tests/coreutils-8.24/chown.bc>:!306
</home/chrzissis/cclyzer-souffle/tests/coreutils-8.24/chown.bc>:!4616	</home/chrzissis/cclyzer-souffle/tests/coreutils-8.24/chown.bc>:!306
</home/chrzissis/cclyzer-souffle/tests/coreutils-8.24/chown.bc>:!4619	</home/chrzissis/cclyzer-souffle/tests/coreutils-8.24/chown.bc>:!306
</home/chrzissis/cclyzer-souffle/tests/coreutils-8.24/chown.bc>:!4624	</home/chrzissis/cclyzer-souffle/tests/coreutils-8.24/chown.bc>:!306
</home/chrzissis/cclyzer-souffle/tests/coreutils-8.24/chown.bc>:!4626	</home/chrzissis/cclyzer-souffle/tests/coreutils-8.24/chown.bc>:!306
</home/chrzissis/cclyzer-souffle/tests/coreutils-8.24/chown.bc>:!4627	</home/chrzissis/cclyzer-souffle/tests/coreutils-8.24/chown.bc>:!306
</home/chrzissis/cclyzer-souffle/tests/coreutils-8.24/chown.bc>:!4636	</home/chrzissis/cclyzer-souffle/tests/coreutils-8.24/chown.bc>:!306
</home/chrzissis/cclyzer-souffle/tests/coreutils-8.24/chown.bc>:!4646	</home/chrzissis/cclyzer-souffle/tests/coreutils-8.24/chown.bc>:!306
</home/chrzissis/cclyzer-souffle/tests/coreutils-8.24/chown.bc>:!4650	</home/chrzissis/cclyzer-souffle/tests/coreutils-8.24/chown.bc>:!306
</home/chrzissis/cclyzer-souffle/tests/coreutils-8.24/chown.bc>:!4651	</home/chrzissis/cclyzer-souffle/tests/coreutils-8.24/chown.bc>:!306
</home/chrzissis/cclyzer-souffle/tests/coreutils-8.24/chown.bc>:!4658	</home/chrzissis/cclyzer-souffle/tests/coreutils-8.24/chown.bc>:!306
</home/chrzissis/cclyzer-souffle/tests/coreutils-8.24/chown.bc>:!4663	</home/chrzissis/cclyzer-souffle/tests/coreutils-8.24/chown.bc>:!306
</home/chrzissis/cclyzer-souffle/tests/coreutils-8.24/chown.bc>:!4665	</home/chrzissis/cclyzer-souffle/tests/coreutils-8.24/chown.bc>:!306
</home/chrzissis/cclyzer-souffle/tests/coreutils-8.24/chown.bc>:!4666	</home/chrzissis/cclyzer-souffle/tests/coreutils-8.24/chown.bc>:!306
</home/chrzissis/cclyzer-souffle/tests/coreutils-8.24/chown.bc>:!4668	</home/chrzissis/cclyzer-souffle/tests/coreutils-8.24/chown.bc>:!306
</home/chrzissis/cclyzer-souffle/tests/coreutils-8.24/chown.bc>:!4736	</home/chrzissis/cclyzer-souffle/tests/coreutils-8.24/chown.bc>:!306
</home/chrzissis/cclyzer-souffle/tests/coreutils-8.24/chown.bc>:!4738	</home/chrzissis/cclyzer-souffle/tests/coreutils-8.24/chown.bc>:!306
</home/chrzissis/cclyzer-souffle/tests/coreutils-8.24/chown.bc>:!4740	</home/chrzissis/cclyzer-souffle/tests/coreutils-8.24/chown.bc>:!306
</home/chrzissis/cclyzer-souffle/tests/coreutils-8.24/chown.bc>:!4741	</home/chrzissis/cclyzer-souffle/tests/coreutils-8.24/chown.bc>:!306
</home/chrzissis/cclyzer-souffle/tests/coreutils-8.24/chown.bc>:!4944	</home/chrzissis/cclyzer-souffle/tests/coreutils-8.24/chown.bc>:!487
</home/chrzissis/cclyzer-souffle/tests/coreutils-8.24/chown.bc>:!4947	</home/chrzissis/cclyzer-souffle/tests/coreutils-8.24/chown.bc>:!487
</home/chrzissis/cclyzer-souffle/tests/coreutils-8.24/chown.bc>:!4949	</home/chrzissis/cclyzer-souffle/tests/coreutils-8.24/chown.bc>:!487
</home/chrzissis/cclyzer-souffle/tests/coreutils-8.24/chown.bc>:!4950	</home/chrzissis/cclyzer-souffle/tests/coreutils-8.24/chown.bc>:!487
</home/chrzissis/cclyzer-souffle/tests/coreutils-8.24/chown.bc>:!4964	</home/chrzissis/cclyzer-souffle/tests/coreutils-8.24/chown.bc>:!487
</home/chrzissis/cclyzer-souffle/tests/coreutils-8.24/chown.bc>:!4967	</home/chrzissis/cclyzer-souffle/tests/coreutils-8.24/chown.bc>:!487
</home/chrzissis/cclyzer-souffle/tests/coreutils-8.24/chown.bc>:!4978	</home/chrzissis/cclyzer-souffle/tests/coreutils-8.24/chown.bc>:!487
</home/chrzissis/cclyzer-souffle/tests/coreutils-8.24/chown.bc>:!5040	</home/chrzissis/cclyzer-souffle/tests/coreutils-8.24/chown.bc>:!487
</home/chrzissis/cclyzer-souffle/tests/coreutils-8.24/chown.bc>:!5043	</home/chrzissis/cclyzer-souffle/tests/coreutils-8.24/chown.bc>:!487
</home/chrzissis/cclyzer-souffle/tests/coreutils-8.24/chown.bc>:!5045	</home/chrzissis/cclyzer-souffle/tests/coreutils-8.24/chown.bc>:!487
</home/chrzissis/cclyzer-souffle/tests/coreutils-8.24/chown.bc>:!5046	</home/chrzissis/cclyzer-souffle/tests/coreutils-8.24/chown.bc>:!487
</home/chrzissis/cclyzer-souffle/tests/coreutils-8.24/chown.bc>:!5103	</home/chrzissis/cclyzer-souffle/tests/coreutils-8.24/chown.bc>:!487
</home/chrzissis/cclyzer-souffle/tests/coreutils-8.24/chown.bc>:!5107	</home/chrzissis/cclyzer-souffle/tests/coreutils-8.24/chown.bc>:!487
</home/chrzissis/cclyzer-souffle/tests/coreutils-8.24/chown.bc>:!5108	</home/chrzissis/cclyzer-souffle/tests/coreutils-8.24/chown.bc>:!487
</home/chrzissis/cclyzer-souffle/tests/coreutils-8.24/chown.bc>:!5118	</home/chrzissis/cclyzer-souffle/tests/coreutils-8.24/chown.bc>:!487
</home/chrzissis/cclyzer-souffle/tests/coreutils-8.24/chown.bc>:!5120	</home/chrzissis/cclyzer-souffle/tests/coreutils-8.24/chown.bc>:!487
</home/chrzissis/cclyzer-souffle/tests/coreutils-8.24/chown.bc>:!5123	</home/chrzissis/cclyzer-souffle/tests/coreutils-8.24/chown.bc>:!487
</home/chrzissis/cclyzer-souffle/tests/coreutils-8.24/chown.bc>:!5124	</home/chrzissis/cclyzer-souffle/tests/coreutils-8.24/chown.bc>:!487
</home/chrzissis/cclyzer-souffle/tests/coreutils-8.24/chown.bc>:!5136	</home/chrzissis/cclyzer-souffle/tests/coreutils-8.24/chown.bc>:!487
</home/chrzissis/cclyzer-souffle/tests/coreutils-8.24/chown.bc>:!5139	</home/chrzissis/cclyzer-souffle/tests/coreutils-8.24/chown.bc>:!487
</home/chrzissis/cclyzer-souffle/tests/coreutils-8.24/chown.bc>:!5156	</home/chrzissis/cclyzer-souffle/tests/coreutils-8.24/chown.bc>:!487
</home/chrzissis/cclyzer-souffle/tests/coreutils-8.24/chown.bc>:!5160	</home/chrzissis/cclyzer-souffle/tests/coreutils-8.24/chown.bc>:!487
</home/chrzissis/cclyzer-souffle/tests/coreutils-8.24/chown.bc>:!5179	</home/chrzissis/cclyzer-souffle/tests/coreutils-8.24/chown.bc>:!487
</home/chrzissis/cclyzer-souffle/tests/coreutils-8.24/chown.bc>:!5193	</home/chrzissis/cclyzer-souffle/tests/coreutils-8.24/chown.bc>:!487
</home/chrzissis/cclyzer-souffle/tests/coreutils-8.24/chown.bc>:!5196	</home/chrzissis/cclyzer-souffle/tests/coreutils-8.24/chown.bc>:!487
</home/chrzissis/cclyzer-souffle/tests/coreutils-8.24/chown.bc>:!5200	</home/chrzissis/cclyzer-souffle/tests/coreutils-8.24/chown.bc>:!487
</home/chrzissis/cclyzer-souffle/tests/coreutils-8.24/chown.bc>:!5201	</home/chrzissis/cclyzer-souffle/tests/coreutils-8.24/chown.bc>:!487
</home/chrzissis/cclyzer-souffle/tests/coreutils-8.24/chown.bc>:!5212	</home/chrzissis/cclyzer-souffle/tests/coreutils-8.24/chown.bc>:!487
</home/chrzissis/cclyzer-souffle/tests/coreutils-8.24/chown.bc>:!5220	</home/chrzissis/cclyzer-souffle/tests/coreutils-8.24/chown.bc>:!487
</home/chrzissis/cclyzer-souffle/tests/coreutils-8.24/chown.bc>:!5222	</home/chrzissis/cclyzer-souffle/tests/coreutils-8.24/chown.bc>:!487
</home/chrzissis/cclyzer-souffle/tests/coreutils-8.24/chown.bc>:!5225	</home/chrzissis/cclyzer-souffle/tests/coreutils-8.24/chown.bc>:!487
</home/chrzissis/cclyzer-souffle/tests/coreutils-8.24/chown.bc>:!5226	</home/chrzissis/cclyzer-souffle/tests/coreutils-8.24/chown.bc>:!487
</home/chrzissis/cclyzer-souffle/tests/coreutils-8.24/chown.bc>:!5240	</home/chrzissis/cclyzer-souffle/tests/coreutils-8.24/chown.bc>:!487
</home/chrzissis/cclyzer-souffle/tests/coreutils-8.24/chown.bc>:!5244	</home/chrzissis/cclyzer-souffle/tests/coreutils-8.24/chown.bc>:!487
</home/chrzissis/cclyzer-souffle/tests/coreutils-8.24/chown.bc>:!5447	</home/chrzissis/cclyzer-souffle/tests/coreutils-8.24/chown.bc>:!512
</home/chrzissis/cclyzer-souffle/tests/coreutils-8.24/chown.bc>:!5448	</home/chrzissis/cclyzer-souffle/tests/coreutils-8.24/chown.bc>:!512
</home/chrzissis/cclyzer-souffle/tests/coreutils-8.24/chown.bc>:!5453	</home/chrzissis/cclyzer-souffle/tests/coreutils-8.24/chown.bc>:!512
</home/chrzissis/cclyzer-souffle/tests/coreutils-8.24/chown.bc>:!5455	</home/chrzissis/cclyzer-souffle/tests/coreutils-8.24/chown.bc>:!512
</home/chrzissis/cclyzer-souffle/tests/coreutils-8.24/chown.bc>:!5490	</home/chrzissis/cclyzer-souffle/tests/coreutils-8.24/chown.bc>:!512
</home/chrzissis/cclyzer-souffle/tests/coreutils-8.24/chown.bc>:!5492	</home/chrzissis/cclyzer-souffle/tests/coreutils-8.24/chown.bc>:!512
</home/chrzissis/cclyzer-souffle/tests/coreutils-8.24/chown.bc>:!5494	</home/chrzissis/cclyzer-souffle/tests/coreutils-8.24/chown.bc>:!512
</home/chrzissis/cclyzer-souffle/tests/coreutils-8.24/chown.bc>:!5497	</home/chrzissis/cclyzer-souffle/tests/coreutils-8.24/chown.bc>:!512
</home/chrzissis/cclyzer-souffle/tests/coreutils-8.24/chown.bc>:!5498	</home/chrzissis/cclyzer-souffle/tests/coreutils-8.24/chown.bc>:!512
</home/chrzissis/cclyzer-souffle/tests/coreutils-8.24/chown.bc>:!5505	</home/chrzissis/cclyzer-souffle/tests/coreutils-8.24/chown.bc>:!512
</home/chrzissis/cclyzer-souffle/tests/coreutils-8.24/chown.bc>:!5569	</home/chrzissis/cclyzer-souffle/tests/coreutils-8.24/chown.bc>:!599
</home/chrzissis/cclyzer-souffle/tests/coreutils-8.24/chown.bc>:!5599	</home/chrzissis/cclyzer-souffle/tests/coreutils-8.24/chown.bc>:!599
</home/chrzissis/cclyzer-souffle/tests/coreutils-8.24/chown.bc>:!5613	</home/chrzissis/cclyzer-souffle/tests/coreutils-8.24/chown.bc>:!599
</home/chrzissis/cclyzer-souffle/tests/coreutils-8.24/chown.bc>:!5743	</home/chrzissis/cclyzer-souffle/tests/coreutils-8.24/chown.bc>:!641
</home/chrzissis/cclyzer-souffle/tests/coreutils-8.24/chown.bc>:!5745	</home/chrzissis/cclyzer-souffle/tests/coreutils-8.24/chown.bc>:!641
</home/chrzissis/cclyzer-souffle/tests/coreutils-8.24/chown.bc>:!5756	</home/chrzissis/cclyzer-souffle/tests/coreutils-8.24/chown.bc>:!641
</home/chrzissis/cclyzer-souffle/tests/coreutils-8.24/chown.bc>:!5761	</home/chrzissis/cclyzer-souffle/tests/coreutils-8.24/chown.bc>:!641
</home/chrzissis/cclyzer-souffle/tests/coreutils-8.24/chown.bc>:!5767	</home/chrzissis/cclyzer-souffle/tests/coreutils-8.24/chown.bc>:!641
</home/chrzissis/cclyzer-souffle/tests/coreutils-8.24/chown.bc>:!5789	</home/chrzissis/cclyzer-souffle/tests/coreutils-8.24/chown.bc>:!748
</home/chrzissis/cclyzer-souffle/tests/coreutils-8.24/chown.bc>:!5791	</home/chrzissis/cclyzer-souffle/tests/coreutils-8.24/chown.bc>:!748
</home/chrzissis/cclyzer-souffle/tests/coreutils-8.24/chown.bc>:!5793	</home/chrzissis/cclyzer-souffle/tests/coreutils-8.24/chown.bc>:!748
</home/chrzissis/cclyzer-souffle/tests/coreutils-8.24/chown.bc>:!5794	</home/chrzissis/cclyzer-souffle/tests/coreutils-8.24/chown.bc>:!748
</home/chrzissis/cclyzer-souffle/tests/coreutils-8.24/chown.bc>:!5799	</home/chrzissis/cclyzer-souffle/tests/coreutils-8.24/chown.bc>:!748
</home/chrzissis/cclyzer-souffle/tests/coreutils-8.24/chown.bc>:!5813	</home/chrzissis/cclyzer-souffle/tests/coreutils-8.24/chown.bc>:!748
</home/chrzissis/cclyzer-souffle/tests/coreutils-8.24/chown.bc>:!5814	</home/chrzissis/cclyzer-souffle/tests/coreutils-8.24/chown.bc>:!748
</home/chrzissis/cclyzer-souffle/tests/coreutils-8.24/chown.bc>:!5839	</home/chrzissis/cclyzer-souffle/tests/coreutils-8.24/chown.bc>:!748
</home/chrzissis/cclyzer-souffle/tests/coreutils-8.24/chown.bc>:!5844	</home/chrzissis/cclyzer-souffle/tests/coreutils-8.24/chown.bc>:!748
</home/chrzissis/cclyzer-souffle/tests/coreutils-8.24/chown.bc>:!6024	</home/chrzissis/cclyzer-souffle/tests/coreutils-8.24/chown.bc>:!748
</home/chrzissis/cclyzer-souffle/tests/coreutils-8.24/chown.bc>:!6025	</home/chrzissis/cclyzer-souffle/tests/coreutils-8.24/chown.bc>:!748
</home/chrzissis/cclyzer-souffle/tests/coreutils-8.24/chown.bc>:!6043	</home/chrzissis/cclyzer-souffle/tests/coreutils-8.24/chown.bc>:!760
</home/chrzissis/cclyzer-souffle/tests/coreutils-8.24/chown.bc>:!6106	</home/chrzissis/cclyzer-souffle/tests/coreutils-8.24/chown.bc>:!764
</home/chrzissis/cclyzer-souffle/tests/coreutils-8.24/chown.bc>:!6149	</home/chrzissis/cclyzer-souffle/tests/coreutils-8.24/chown.bc>:!764
</home/chrzissis/cclyzer-souffle/tests/coreutils-8.24/chown.bc>:!6175	</home/chrzissis/cclyzer-souffle/tests/coreutils-8.24/chown.bc>:!764
</home/chrzissis/cclyzer-souffle/tests/coreutils-8.24/chown.bc>:!6177	</home/chrzissis/cclyzer-souffle/tests/coreutils-8.24/chown.bc>:!764
</home/chrzissis/cclyzer-souffle/tests/coreutils-8.24/chown.bc>:!6179	</home/chrzissis/cclyzer-souffle/tests/coreutils-8.24/chown.bc>:!764
</home/chrzissis/cclyzer-souffle/tests/coreutils-8.24/chown.bc>:!6180	</home/chrzissis/cclyzer-souffle/tests/coreutils-8.24/chown.bc>:!764
</home/chrzissis/cclyzer-souffle/tests/coreutils-8.24/chown.bc>:!6204	</home/chrzissis/cclyzer-souffle/tests/coreutils-8.24/chown.bc>:!764
</home/chrzissis/cclyzer-souffle/tests/coreutils-8.24/chown.bc>:!6206	</home/chrzissis/cclyzer-souffle/tests/coreutils-8.24/chown.bc>:!764
</home/chrzissis/cclyzer-souffle/tests/coreutils-8.24/chown.bc>:!6212	</home/chrzissis/cclyzer-souffle/tests/coreutils-8.24/chown.bc>:!764
</home/chrzissis/cclyzer-souffle/tests/coreutils-8.24/chown.bc>:!6213	</home/chrzissis/cclyzer-souffle/tests/coreutils-8.24/chown.bc>:!764
</home/chrzissis/cclyzer-souffle/tests/coreutils-8.24/chown.bc>:!6238	</home/chrzissis/cclyzer-souffle/tests/coreutils-8.24/chown.bc>:!764
</home/chrzissis/cclyzer-souffle/tests/coreutils-8.24/chown.bc>:!6245	</home/chrzissis/cclyzer-souffle/tests/coreutils-8.24/chown.bc>:!764
</home/chrzissis/cclyzer-souffle/tests/coreutils-8.24/chown.bc>:!6249	</home/chrzissis/cclyzer-souffle/tests/coreutils-8.24/chown.bc>:!764
</home/chrzissis/cclyzer-souffle/tests/coreutils-8.24/chown.bc>:!6254	</home/chrzissis/cclyzer-souffle/tests/coreutils-8.24/chown.bc>:!764
</home/chrzissis/cclyzer-souffle/tests/coreutils-8.24/chown.bc>:!6257	</home/chrzissis/cclyzer-souffle/tests/coreutils-8.24/chown.bc>:!764
</home/chrzissis/cclyzer-souffle/tests/coreutils-8.24/chown.bc>:!6285	</home/chrzissis/cclyzer-souffle/tests/coreutils-8.24/chown.bc>:!764
</home/chrzissis/cclyzer-souffle/tests/coreutils-8.24/chown.bc>:!6340	</home/chrzissis/cclyzer-souffle/tests/coreutils-8.24/chown.bc>:!764
</home/chrzissis/cclyzer-souffle/tests/coreutils-8.24/chown.bc>:!6376	</home/chrzissis/cclyzer-souffle/tests/coreutils-8.24/chown.bc>:!764
</home/chrzissis/cclyzer-souffle/tests/coreutils-8.24/chown.bc>:!6421	</home/chrzissis/cclyzer-souffle/tests/coreutils-8.24/chown.bc>:!764
</home/chrzissis/cclyzer-souffle/tests/coreutils-8.24/chown.bc>:!6422	</home/chrzissis/cclyzer-souffle/tests/coreutils-8.24/chown.bc>:!764
</home/chrzissis/cclyzer-souffle/tests/coreutils-8.24/chown.bc>:!6434	</home/chrzissis/cclyzer-souffle/tests/coreutils-8.24/chown.bc>:!764
</home/chrzissis/cclyzer-souffle/tests/coreutils-8.24/chown.bc>:!6437	</home/chrzissis/cclyzer-souffle/tests/coreutils-8.24/chown.bc>:!764
</home/chrzissis/cclyzer-souffle/tests/coreutils-8.24/chown.bc>:!6440	</home/chrzissis/cclyzer-souffle/tests/coreutils-8.24/chown.bc>:!764
</home/chrzissis/cclyzer-souffle/tests/coreutils-8.24/chown.bc>:!6441	</home/chrzissis/cclyzer-souffle/tests/coreutils-8.24/chown.bc>:!764
</home/chrzissis/cclyzer-souffle/tests/coreutils-8.24/chown.bc>:!6479	</home/chrzissis/cclyzer-souffle/tests/coreutils-8.24/chown.bc>:!764
</home/chrzissis/cclyzer-souffle/tests/coreutils-8.24/chown.bc>:!6506	</home/chrzissis/cclyzer-souffle/tests/coreutils-8.24/chown.bc>:!764
</home/chrzissis/cclyzer-souffle/tests/coreutils-8.24/chown.bc>:!6546	</home/chrzissis/cclyzer-souffle/tests/coreutils-8.24/chown.bc>:!764
</home/chrzissis/cclyzer-souffle/tests/coreutils-8.24/chown.bc>:!6580	</home/chrzissis/cclyzer-souffle/tests/coreutils-8.24/chown.bc>:!764
</home/chrzissis/cclyzer-souffle/tests/coreutils-8.24/chown.bc>:!6598	</home/chrzissis/cclyzer-souffle/tests/coreutils-8.24/chown.bc>:!764
</home/chrzissis/cclyzer-souffle/tests/coreutils-8.24/chown.bc>:!6636	</home/chrzissis/cclyzer-souffle/tests/coreutils-8.24/chown.bc>:!764
</home/chrzissis/cclyzer-souffle/tests/coreutils-8.24/chown.bc>:!6671	</home/chrzissis/cclyzer-souffle/tests/coreutils-8.24/chown.bc>:!764
</home/chrzissis/cclyzer-souffle/tests/coreutils-8.24/chown.bc>:!6681	</home/chrzissis/cclyzer-souffle/tests/coreutils-8.24/chown.bc>:!764
</home/chrzissis/cclyzer-souffle/tests/coreutils-8.24/chown.bc>:!6719	</home/chrzissis/cclyzer-souffle/tests/coreutils-8.24/chown.bc>:!764
</home/chrzissis/cclyzer-souffle/tests/coreutils-8.24/chown.bc>:!6720	</home/chrzissis/cclyzer-souffle/tests/coreutils-8.24/chown.bc>:!764
</home/chrzissis/cclyzer-souffle/tests/coreutils-8.24/chown.bc>:!6754	</home/chrzissis/cclyzer-souffle/tests/coreutils-8.24/chown.bc>:!764
</home/chrzissis/cclyzer-souffle/tests/coreutils-8.24/chown.bc>:!6764	</home/chrzissis/cclyzer-souffle/tests/coreutils-8.24/chown.bc>:!764
</home/chrzissis/cclyzer-souffle/tests/coreutils-8.24/chown.bc>:!6776	</home/chrzissis/cclyzer-souffle/tests/coreutils-8.24/chown.bc>:!764
</home/chrzissis/cclyzer-souffle/tests/coreutils-8.24/chown.bc>:!6785	</home/chrzissis/cclyzer-souffle/tests/coreutils-8.24/chown.bc>:!764
</home/chrzissis/cclyzer-souffle/tests/coreutils-8.24/chown.bc>:!6876	</home/chrzissis/cclyzer-souffle/tests/coreutils-8.24/chown.bc>:!764
</home/chrzissis/cclyzer-souffle/tests/coreutils-8.24/chown.bc>:!6905	</home/chrzissis/cclyzer-souffle/tests/coreutils-8.24/chown.bc>:!764
</home/chrzissis/cclyzer-souffle/tests/coreutils-8.24/chown.bc>:!6910	</home/chrzissis/cclyzer-souffle/tests/coreutils-8.24/chown.bc>:!764
</home/chrzissis/cclyzer-souffle/tests/coreutils-8.24/chown.bc>:!6912	</home/chrzissis/cclyzer-souffle/tests/coreutils-8.24/chown.bc>:!764
</home/chrzissis/cclyzer-souffle/tests/coreutils-8.24/chown.bc>:!6914	</home/chrzissis/cclyzer-souffle/tests/coreutils-8.24/chown.bc>:!764
</home/chrzissis/cclyzer-souffle/tests/coreutils-8.24/chown.bc>:!6915	</home/chrzissis/cclyzer-souffle/tests/coreutils-8.24/chown.bc>:!764
</home/chrzissis/cclyzer-souffle/tests/coreutils-8.24/chown.bc>:!6953	</home/chrzissis/cclyzer-souffle/tests/coreutils-8.24/chown.bc>:!764
</home/chrzissis/cclyzer-souffle/tests/coreutils-8.24/chown.bc>:!6977	</home/chrzissis/cclyzer-souffle/tests/coreutils-8.24/chown.bc>:!764
</home/chrzissis/cclyzer-souffle/tests/coreutils-8.24/chown.bc>:!6991	</home/chrzissis/cclyzer-souffle/tests/coreutils-8.24/chown.bc>:!764
</home/chrzissis/cclyzer-souffle/tests/coreutils-8.24/chown.bc>:!6996	</home/chrzissis/cclyzer-souffle/tests/coreutils-8.24/chown.bc>:!764
</home/chrzissis/cclyzer-souffle/tests/coreutils-8.24/chown.bc>:!6998	</home/chrzissis/cclyzer-souffle/tests/coreutils-8.24/chown.bc>:!764
</home/chrzissis/cclyzer-souffle/tests/coreutils-8.24/chown.bc>:!7029	</home/chrzissis/cclyzer-souffle/tests/coreutils-8.24/chown.bc>:!764
</home/chrzissis/cclyzer-souffle/tests/coreutils-8.24/chown.bc>:!7054	</home/chrzissis/cclyzer-souffle/tests/coreutils-8.24/chown.bc>:!764
</home/chrzissis/cclyzer-souffle/tests/coreutils-8.24/chown.bc>:!7059	</home/chrzissis/cclyzer-souffle/tests/coreutils-8.24/chown.bc>:!764
</home/chrzissis/cclyzer-souffle/tests/coreutils-8.24/chown.bc>:!7061	</home/chrzissis/cclyzer-souffle/tests/coreutils-8.24/chown.bc>:!764
</home/chrzissis/cclyzer-souffle/tests/coreutils-8.24/chown.bc>:!7094	</home/chrzissis/cclyzer-souffle/tests/coreutils-8.24/chown.bc>:!764
</home/chrzissis/cclyzer-souffle/tests/coreutils-8.24/chown.bc>:!7097	</home/chrzissis/cclyzer-souffle/tests/coreutils-8.24/chown.bc>:!764
</home/chrzissis/cclyzer-souffle/tests/coreutils-8.24/chown.bc>:!7099	</home/chrzissis/cclyzer-souffle/tests/coreutils-8.24/chown.bc>:!764
</home/chrzissis/cclyzer-souffle/tests/coreutils-8.24/chown.bc>:!7146	</home/chrzissis/cclyzer-souffle/tests/coreutils-8.24/chown.bc>:!764
</home/chrzissis/cclyzer-souffle/tests/coreutils-8.24/chown.bc>:!7149	</home/chrzissis/cclyzer-souffle/tests/coreutils-8.24/chown.bc>:!764
</home/chrzissis/cclyzer-souffle/tests/coreutils-8.24/chown.bc>:!7153	</home/chrzissis/cclyzer-souffle/tests/coreutils-8.24/chown.bc>:!764
</home/chrzissis/cclyzer-souffle/tests/coreutils-8.24/chown.bc>:!7155	</home/chrzissis/cclyzer-souffle/tests/coreutils-8.24/chown.bc>:!764
</home/chrzissis/cclyzer-souffle/tests/coreutils-8.24/chown.bc>:!7157	</home/chrzissis/cclyzer-souffle/tests/coreutils-8.24/chown.bc>:!764
</home/chrzissis/cclyzer-souffle/tests/coreutils-8.24/chown.bc>:!7158	</home/chrzissis/cclyzer-souffle/tests/coreutils-8.24/chown.bc>:!764
</home/chrzissis/cclyzer-souffle/tests/coreutils-8.24/chown.bc>:!7171	</home/chrzissis/cclyzer-souffle/tests/coreutils-8.24/chown.bc>:!764
</home/chrzissis/cclyzer-souffle/tests/coreutils-8.24/chown.bc>:!7175	</home/chrzissis/cclyzer-souffle/tests/coreutils-8.24/chown.bc>:!764
</home/chrzissis/cclyzer-souffle/tests/coreutils-8.24/chown.bc>:!7206	</home/chrzissis/cclyzer-souffle/tests/coreutils-8.24/chown.bc>:!764
</home/chrzissis/cclyzer-souffle/tests/coreutils-8.24/chown.bc>:!7257	</home/chrzissis/cclyzer-souffle/tests/coreutils-8.24/chown.bc>:!764
</home/chrzissis/cclyzer-souffle/tests/coreutils-8.24/chown.bc>:!7324	</home/chrzissis/cclyzer-souffle/tests/coreutils-8.24/chown.bc>:!764
</home/chrzissis/cclyzer-souffle/tests/coreutils-8.24/chown.bc>:!7325	</home/chrzissis/cclyzer-souffle/tests/coreutils-8.24/chown.bc>:!764
</home/chrzissis/cclyzer-souffle/tests/coreutils-8.24/chown.bc>:!7341	</home/chrzissis/cclyzer-souffle/tests/coreutils-8.24/chown.bc>:!764
</home/chrzissis/cclyzer-souffle/tests/coreutils-8.24/chown.bc>:!7478	</home/chrzissis/cclyzer-souffle/tests/coreutils-8.24/chown.bc>:!764
</home/chrzissis/cclyzer-souffle/tests/coreutils-8.24/chown.bc>:!7483	</home/chrzissis/cclyzer-souffle/tests/coreutils-8.24/chown.bc>:!764
</home/chrzissis/cclyzer-souffle/tests/coreutils-8.24/chown.bc>:!7485	</home/chrzissis/cclyzer-souffle/tests/coreutils-8.24/chown.bc>:!764
</home/chrzissis/cclyzer-souffle/tests/coreutils-8.24/chown.bc>:!7511	</home/chrzissis/cclyzer-souffle/tests/coreutils-8.24/chown.bc>:!764
</home/chrzissis/cclyzer-souffle/tests/coreutils-8.24/chown.bc>:!7519	</home/chrzissis/cclyzer-souffle/tests/coreutils-8.24/chown.bc>:!764
</home/chrzissis/cclyzer-souffle/tests/coreutils-8.24/chown.bc>:!7536	</home/chrzissis/cclyzer-souffle/tests/coreutils-8.24/chown.bc>:!764
</home/chrzissis/cclyzer-souffle/tests/coreutils-8.24/chown.bc>:!7582	</home/chrzissis/cclyzer-souffle/tests/coreutils-8.24/chown.bc>:!764
</home/chrzissis/cclyzer-souffle/tests/coreutils-8.24/chown.bc>:!7584	</home/chrzissis/cclyzer-souffle/tests/coreutils-8.24/chown.bc>:!764
</home/chrzissis/cclyzer-souffle/tests/coreutils-8.24/chown.bc>:!7586	</home/chrzissis/cclyzer-souffle/tests/coreutils-8.24/chown.bc>:!764
</home/chrzissis/cclyzer-souffle/tests/coreutils-8.24/chown.bc>:!7629	</home/chrzissis/cclyzer-souffle/tests/coreutils-8.24/chown.bc>:!764
</home/chrzissis/cclyzer-souffle/tests/coreutils-8.24/chown.bc>:!7650	</home/chrzissis/cclyzer-souffle/tests/coreutils-8.24/chown.bc>:!764
</home/chrzissis/cclyzer-souffle/tests/coreutils-8.24/chown.bc>:!7684	</home/chrzissis/cclyzer-souffle/tests/coreutils-8.24/chown.bc>:!764
</home/chrzissis/cclyzer-souffle/tests/coreutils-8.24/chown.bc>:!7685	</home/chrzissis/cclyzer-souffle/tests/coreutils-8.24/chown.bc>:!764
</home/chrzissis/cclyzer-souffle/tests/coreutils-8.24/chown.bc>:!7710	</home/chrzissis/cclyzer-souffle/tests/coreutils-8.24/chown.bc>:!764
</home/chrzissis/cclyzer-souffle/tests/coreutils-8.24/chown.bc>:!7711	</home/chrzissis/cclyzer-souffle/tests/coreutils-8.24/chown.bc>:!764
</home/chrzissis/cclyzer-souffle/tests/coreutils-8.24/chown.bc>:!7786	</home/chrzissis/cclyzer-souffle/tests/coreutils-8.24/chown.bc>:!764
</home/chrzissis/cclyzer-souffle/tests/coreutils-8.24/chown.bc>:!7787	</home/chrzissis/cclyzer-souffle/tests/coreutils-8.24/chown.bc>:!764
</home/chrzissis/cclyzer-souffle/tests/coreutils-8.24/chown.bc>:!7802	</home/chrzissis/cclyzer-souffle/tests/coreutils-8.24/chown.bc>:!764
</home/chrzissis/cclyzer-souffle/tests/coreutils-8.24/chown.bc>:!7803	</home/chrzissis/cclyzer-souffle/tests/coreutils-8.24/chown.bc>:!764
</home/chrzissis/cclyzer-souffle/tests/coreutils-8.24/chown.bc>:!7823	</home/chrzissis/cclyzer-souffle/tests/coreutils-8.24/chown.bc>:!764
</home/chrzissis/cclyzer-souffle/tests/coreutils-8.24/chown.bc>:!7824	</home/chrzissis/cclyzer-souffle/tests/coreutils-8.24/chown.bc>:!764
</home/chrzissis/cclyzer-souffle/tests/coreutils-8.24/chown.bc>:!7918	</home/chrzissis/cclyzer-souffle/tests/coreutils-8.24/chown.bc>:!771
</home/chrzissis/cclyzer-souffle/tests/coreutils-8.24/chown.bc>:!7924	</home/chrzissis/cclyzer-souffle/tests/coreutils-8.24/chown.bc>:!771
</home/chrzissis/cclyzer-souffle/tests/coreutils-8.24/chown.bc>:!7929	</home/chrzissis/cclyzer-souffle/tests/coreutils-8.24/chown.bc>:!771
</home/chrzissis/cclyzer-souffle/tests/coreutils-8.24/chown.bc>:!7931	</home/chrzissis/cclyzer-souffle/tests/coreutils-8.24/chown.bc>:!771
</home/chrzissis/cclyzer-souffle/tests/coreutils-8.24/chown.bc>:!7934	</home/chrzissis/cclyzer-souffle/tests/coreutils-8.24/chown.bc>:!771
</home/chrzissis/cclyzer-souffle/tests/coreutils-8.24/chown.bc>:!7936	</home/chrzissis/cclyzer-souffle/tests/coreutils-8.24/chown.bc>:!771
</home/chrzissis/cclyzer-souffle/tests/coreutils-8.24/chown.bc>:!7939	</home/chrzissis/cclyzer-souffle/tests/coreutils-8.24/chown.bc>:!771
</home/chrzissis/cclyzer-souffle/tests/coreutils-8.24/chown.bc>:!7940	</home/chrzissis/cclyzer-souffle/tests/coreutils-8.24/chown.bc>:!771
</home/chrzissis/cclyzer-souffle/tests/coreutils-8.24/chown.bc>:!7941	</home/chrzissis/cclyzer-souffle/tests/coreutils-8.24/chown.bc>:!771
</home/chrzissis/cclyzer-souffle/tests/coreutils-8.24/chown.bc>:!7943	</home/chrzissis/cclyzer-souffle/tests/coreutils-8.24/chown.bc>:!771
</home/chrzissis/cclyzer-souffle/tests/coreutils-8.24/chown.bc>:!7960	</home/chrzissis/cclyzer-souffle/tests/coreutils-8.24/chown.bc>:!764
</home/chrzissis/cclyzer-souffle/tests/coreutils-8.24/chown.bc>:!7962	</home/chrzissis/cclyzer-souffle/tests/coreutils-8.24/chown.bc>:!764
</home/chrzissis/cclyzer-souffle/tests/coreutils-8.24/chown.bc>:!7973	</home/chrzissis/cclyzer-souffle/tests/coreutils-8.24/chown.bc>:!764
</home/chrzissis/cclyzer-souffle/tests/coreutils-8.24/chown.bc>:!7984	</home/chrzissis/cclyzer-souffle/tests/coreutils-8.24/chown.bc>:!764
</home/chrzissis/cclyzer-souffle/tests/coreutils-8.24/chown.bc>:!7987	</home/chrzissis/cclyzer-souffle/tests/coreutils-8.24/chown.bc>:!764
</home/chrzissis/cclyzer-souffle/tests/coreutils-8.24/chown.bc>:!8021	</home/chrzissis/cclyzer-souffle/tests/coreutils-8.24/chown.bc>:!764
</home/chrzissis/cclyzer-souffle/tests/coreutils-8.24/chown.bc>:!8032	</home/chrzissis/cclyzer-souffle/tests/coreutils-8.24/chown.bc>:!764
</home/chrzissis/cclyzer-souffle/tests/coreutils-8.24/chown.bc>:!8035	</home/chrzissis/cclyzer-souffle/tests/coreutils-8.24/chown.bc>:!764
</home/chrzissis/cclyzer-souffle/tests/coreutils-8.24/chown.bc>:!8055	</home/chrzissis/cclyzer-souffle/tests/coreutils-8.24/chown.bc>:!764
</home/chrzissis/cclyzer-souffle/tests/coreutils-8.24/chown.bc>:!8162	</home/chrzissis/cclyzer-souffle/tests/coreutils-8.24/chown.bc>:!764
</home/chrzissis/cclyzer-souffle/tests/coreutils-8.24/chown.bc>:!8183	</home/chrzissis/cclyzer-souffle/tests/coreutils-8.24/chown.bc>:!764
</home/chrzissis/cclyzer-souffle/tests/coreutils-8.24/chown.bc>:!8185	</home/chrzissis/cclyzer-souffle/tests/coreutils-8.24/chown.bc>:!764
</home/chrzissis/cclyzer-souffle/tests/coreutils-8.24/chown.bc>:!8187	</home/chrzissis/cclyzer-souffle/tests/coreutils-8.24/chown.bc>:!764
</home/chrzissis/cclyzer-souffle/tests/coreutils-8.24/chown.bc>:!8188	</home/chrzissis/cclyzer-souffle/tests/coreutils-8.24/chown.bc>:!764
</home/chrzissis/cclyzer-souffle/tests/coreutils-8.24/chown.bc>:!8190	</home/chrzissis/cclyzer-souffle/tests/coreutils-8.24/chown.bc>:!764
</home/chrzissis/cclyzer-souffle/tests/coreutils-8.24/chown.bc>:!8191	</home/chrzissis/cclyzer-souffle/tests/coreutils-8.24/chown.bc>:!764
</home/chrzissis/cclyzer-souffle/tests/coreutils-8.24/chown.bc>:!8193	</home/chrzissis/cclyzer-souffle/tests/coreutils-8.24/chown.bc>:!764
</home/chrzissis/cclyzer-souffle/tests/coreutils-8.24/chown.bc>:!8195	</home/chrzissis/cclyzer-souffle/tests/coreutils-8.24/chown.bc>:!764
</home/chrzissis/cclyzer-souffle/tests/coreutils-8.24/chown.bc>:!8197	</home/chrzissis/cclyzer-souffle/tests/coreutils-8.24/chown.bc>:!764
</home/chrzissis/cclyzer-souffle/tests/coreutils-8.24/chown.bc>:!8199	</home/chrzissis/cclyzer-souffle/tests/coreutils-8.24/chown.bc>:!764
</home/chrzissis/cclyzer-souffle/tests/coreutils-8.24/chown.bc>:!8239	</home/chrzissis/cclyzer-souffle/tests/coreutils-8.24/chown.bc>:!764
</home/chrzissis/cclyzer-souffle/tests/coreutils-8.24/chown.bc>:!8268	</home/chrzissis/cclyzer-souffle/tests/coreutils-8.24/chown.bc>:!764
</home/chrzissis/cclyzer-souffle/tests/coreutils-8.24/chown.bc>:!8293	</home/chrzissis/cclyzer-souffle/tests/coreutils-8.24/chown.bc>:!764
</home/chrzissis/cclyzer-souffle/tests/coreutils-8.24/chown.bc>:!8316	</home/chrzissis/cclyzer-souffle/tests/coreutils-8.24/chown.bc>:!764
</home/chrzissis/cclyzer-souffle/tests/coreutils-8.24/chown.bc>:!8326	</home/chrzissis/cclyzer-souffle/tests/coreutils-8.24/chown.bc>:!764
</home/chrzissis/cclyzer-souffle/tests/coreutils-8.24/chown.bc>:!8339	</home/chrzissis/cclyzer-souffle/tests/coreutils-8.24/chown.bc>:!764
</home/chrzissis/cclyzer-souffle/tests/coreutils-8.24/chown.bc>:!8345	</home/chrzissis/cclyzer-souffle/tests/coreutils-8.24/chown.bc>:!764
</home/chrzissis/cclyzer-souffle/tests/coreutils-8.24/chown.bc>:!8359	</home/chrzissis/cclyzer-souffle/tests/coreutils-8.24/chown.bc>:!764
</home/chrzissis/cclyzer-souffle/tests/coreutils-8.24/chown.bc>:!8361	</home/chrzissis/cclyzer-souffle/tests/coreutils-8.24/chown.bc>:!764
</home/chrzissis/cclyzer-souffle/tests/coreutils-8.24/chown.bc>:!8363	</home/chrzissis/cclyzer-souffle/tests/coreutils-8.24/chown.bc>:!764
</home/chrzissis/cclyzer-souffle/tests/coreutils-8.24/chown.bc>:!8364	</home/chrzissis/cclyzer-souffle/tests/coreutils-8.24/chown.bc>:!764
</home/chrzissis/cclyzer-souffle/tests/coreutils-8.24/chown.bc>:!8395	</home/chrzissis/cclyzer-souffle/tests/coreutils-8.24/chown.bc>:!764
</home/chrzissis/cclyzer-souffle/tests/coreutils-8.24/chown.bc>:!8425	</home/chrzissis/cclyzer-souffle/tests/coreutils-8.24/chown.bc>:!764
</home/chrzissis/cclyzer-souffle/tests/coreutils-8.24/chown.bc>:!8427	</home/chrzissis/cclyzer-souffle/tests/coreutils-8.24/chown.bc>:!764
</home/chrzissis/cclyzer-souffle/tests/coreutils-8.24/chown.bc>:!8429	</home/chrzissis/cclyzer-souffle/tests/coreutils-8.24/chown.bc>:!764
</home/chrzissis/cclyzer-souffle/tests/coreutils-8.24/chown.bc>:!8431	</home/chrzissis/cclyzer-souffle/tests/coreutils-8.24/chown.bc>:!764
</home/chrzissis/cclyzer-souffle/tests/coreutils-8.24/chown.bc>:!8464	</home/chrzissis/cclyzer-souffle/tests/coreutils-8.24/chown.bc>:!764
</home/chrzissis/cclyzer-souffle/tests/coreutils-8.24/chown.bc>:!8474	</home/chrzissis/cclyzer-souffle/tests/coreutils-8.24/chown.bc>:!764
</home/chrzissis/cclyzer-souffle/tests/coreutils-8.24/chown.bc>:!8522	</home/chrzissis/cclyzer-souffle/tests/coreutils-8.24/chown.bc>:!764
</home/chrzissis/cclyzer-souffle/tests/coreutils-8.24/chown.bc>:!8576	</home/chrzissis/cclyzer-souffle/tests/coreutils-8.24/chown.bc>:!764
</home/chrzissis/cclyzer-souffle/tests/coreutils-8.24/chown.bc>:!8584	</home/chrzissis/cclyzer-souffle/tests/coreutils-8.24/chown.bc>:!764
</home/chrzissis/cclyzer-souffle/tests/coreutils-8.24/chown.bc>:!8618	</home/chrzissis/cclyzer-souffle/tests/coreutils-8.24/chown.bc>:!764
</home/chrzissis/cclyzer-souffle/tests/coreutils-8.24/chown.bc>:!8633	</home/chrzissis/cclyzer-souffle/tests/coreutils-8.24/chown.bc>:!764
</home/chrzissis/cclyzer-souffle/tests/coreutils-8.24/chown.bc>:!8670	</home/chrzissis/cclyzer-souffle/tests/coreutils-8.24/chown.bc>:!764
</home/chrzissis/cclyzer-souffle/tests/coreutils-8.24/chown.bc>:!8673	</home/chrzissis/cclyzer-souffle/tests/coreutils-8.24/chown.bc>:!764
</home/chrzissis/cclyzer-souffle/tests/coreutils-8.24/chown.bc>:!8675	</home/chrzissis/cclyzer-souffle/tests/coreutils-8.24/chown.bc>:!764
</home/chrzissis/cclyzer-souffle/tests/coreutils-8.24/chown.bc>:!8693	</home/chrzissis/cclyzer-souffle/tests/coreutils-8.24/chown.bc>:!764
</home/chrzissis/cclyzer-souffle/tests/coreutils-8.24/chown.bc>:!8704	</home/chrzissis/cclyzer-souffle/tests/coreutils-8.24/chown.bc>:!764
</home/chrzissis/cclyzer-souffle/tests/coreutils-8.24/chown.bc>:!8707	</home/chrzissis/cclyzer-souffle/tests/coreutils-8.24/chown.bc>:!764
</home/chrzissis/cclyzer-souffle/tests/coreutils-8.24/chown.bc>:!8711	</home/chrzissis/cclyzer-souffle/tests/coreutils-8.24/chown.bc>:!764
</home/chrzissis/cclyzer-souffle/tests/coreutils-8.24/chown.bc>:!8750	</home/chrzissis/cclyzer-souffle/tests/coreutils-8.24/chown.bc>:!764
</home/chrzissis/cclyzer-souffle/tests/coreutils-8.24/chown.bc>:!8778	</home/chrzissis/cclyzer-souffle/tests/coreutils-8.24/chown.bc>:!764
</home/chrzissis/cclyzer-souffle/tests/coreutils-8.24/chown.bc>:!8796	</home/chrzissis/cclyzer-souffle/tests/coreutils-8.24/chown.bc>:!764
</home/chrzissis/cclyzer-souffle/tests/coreutils-8.24/chown.bc>:!8798	</home/chrzissis/cclyzer-souffle/tests/coreutils-8.24/chown.bc>:!764
</home/chrzissis/cclyzer-souffle/tests/coreutils-8.24/chown.bc>:!8800	</home/chrzissis/cclyzer-souffle/tests/coreutils-8.24/chown.bc>:!764
</home/chrzissis/cclyzer-souffle/tests/coreutils-8.24/chown.bc>:!8802	</home/chrzissis/cclyzer-souffle/tests/coreutils-8.24/chown.bc>:!764
</home/chrzissis/cclyzer-souffle/tests/coreutils-8.24/chown.bc>:!8804	</home/chrzissis/cclyzer-souffle/tests/coreutils-8.24/chown.bc>:!764
</home/chrzissis/cclyzer-souffle/tests/coreutils-8.24/chown.bc>:!8805	</home/chrzissis/cclyzer-souffle/tests/coreutils-8.24/chown.bc>:!764
</home/chrzissis/cclyzer-souffle/tests/coreutils-8.24/chown.bc>:!8807	</home/chrzissis/cclyzer-souffle/tests/coreutils-8.24/chown.bc>:!764
</home/chrzissis/cclyzer-souffle/tests/coreutils-8.24/chown.bc>:!8809	</home/chrzissis/cclyzer-souffle/tests/coreutils-8.24/chown.bc>:!764
</home/chrzissis/cclyzer-souffle/tests/coreutils-8.24/chown.bc>:!8811	</home/chrzissis/cclyzer-souffle/tests/coreutils-8.24/chown.bc>:!764
</home/chrzissis/cclyzer-souffle/tests/coreutils-8.24/chown.bc>:!8813	</home/chrzissis/cclyzer-souffle/tests/coreutils-8.24/chown.bc>:!764
</home/chrzissis/cclyzer-souffle/tests/coreutils-8.24/chown.bc>:!8814	</home/chrzissis/cclyzer-souffle/tests/coreutils-8.24/chown.bc>:!764
</home/chrzissis/cclyzer-souffle/tests/coreutils-8.24/chown.bc>:!8816	</home/chrzissis/cclyzer-souffle/tests/coreutils-8.24/chown.bc>:!764
</home/chrzissis/cclyzer-souffle/tests/coreutils-8.24/chown.bc>:!8817	</home/chrzissis/cclyzer-souffle/tests/coreutils-8.24/chown.bc>:!764
</home/chrzissis/cclyzer-souffle/tests/coreutils-8.24/chown.bc>:!8819	</home/chrzissis/cclyzer-souffle/tests/coreutils-8.24/chown.bc>:!764
</home/chrzissis/cclyzer-souffle/tests/coreutils-8.24/chown.bc>:!8853	</home/chrzissis/cclyzer-souffle/tests/coreutils-8.24/chown.bc>:!764
</home/chrzissis/cclyzer-souffle/tests/coreutils-8.24/chown.bc>:!8859	</home/chrzissis/cclyzer-souffle/tests/coreutils-8.24/chown.bc>:!764
</home/chrzissis/cclyzer-souffle/tests/coreutils-8.24/chown.bc>:!8980	</home/chrzissis/cclyzer-souffle/tests/coreutils-8.24/chown.bc>:!764
</home/chrzissis/cclyzer-souffle/tests/coreutils-8.24/chown.bc>:!8985	</home/chrzissis/cclyzer-souffle/tests/coreutils-8.24/chown.bc>:!764
</home/chrzissis/cclyzer-souffle/tests/coreutils-8.24/chown.bc>:!8987	</home/chrzissis/cclyzer-souffle/tests/coreutils-8.24/chown.bc>:!764
</home/chrzissis/cclyzer-souffle/tests/coreutils-8.24/chown.bc>:!9089	</home/chrzissis/cclyzer-souffle/tests/coreutils-8.24/chown.bc>:!764
</home/chrzissis/cclyzer-souffle/tests/coreutils-8.24/chown.bc>:!9093	</home/chrzissis/cclyzer-souffle/tests/coreutils-8.24/chown.bc>:!764
</home/chrzissis/cclyzer-souffle/tests/coreutils-8.24/chown.bc>:!9096	</home/chrzissis/cclyzer-souffle/tests/coreutils-8.24/chown.bc>:!764
</home/chrzissis/cclyzer-souffle/tests/coreutils-8.24/chown.bc>:!9098	</home/chrzissis/cclyzer-souffle/tests/coreutils-8.24/chown.bc>:!764
</home/chrzissis/cclyzer-souffle/tests/coreutils-8.24/chown.bc>:!9099	</home/chrzissis/cclyzer-souffle/tests/coreutils-8.24/chown.bc>:!764
</home/chrzissis/cclyzer-souffle/tests/coreutils-8.24/chown.bc>:!9164	</home/chrzissis/cclyzer-souffle/tests/coreutils-8.24/chown.bc>:!771
</home/chrzissis/cclyzer-souffle/tests/coreutils-8.24/chown.bc>:!9335	</home/chrzissis/cclyzer-souffle/tests/coreutils-8.24/chown.bc>:!764
</home/chrzissis/cclyzer-souffle/tests/coreutils-8.24/chown.bc>:!9336	</home/chrzissis/cclyzer-souffle/tests/coreutils-8.24/chown.bc>:!764
</home/chrzissis/cclyzer-souffle/tests/coreutils-8.24/chown.bc>:!9341	</home/chrzissis/cclyzer-souffle/tests/coreutils-8.24/chown.bc>:!764
</home/chrzissis/cclyzer-souffle/tests/coreutils-8.24/chown.bc>:!9346	</home/chrzissis/cclyzer-souffle/tests/coreutils-8.24/chown.bc>:!764
</home/chrzissis/cclyzer-souffle/tests/coreutils-8.24/chown.bc>:!9349	</home/chrzissis/cclyzer-souffle/tests/coreutils-8.24/chown.bc>:!764
</home/chrzissis/cclyzer-souffle/tests/coreutils-8.24/chown.bc>:!9350	</home/chrzissis/cclyzer-souffle/tests/coreutils-8.24/chown.bc>:!764
</home/chrzissis/cclyzer-souffle/tests/coreutils-8.24/chown.bc>:!9352	</home/chrzissis/cclyzer-souffle/tests/coreutils-8.24/chown.bc>:!764
</home/chrzissis/cclyzer-souffle/tests/coreutils-8.24/chown.bc>:!9362	</home/chrzissis/cclyzer-souffle/tests/coreutils-8.24/chown.bc>:!764
</home/chrzissis/cclyzer-souffle/tests/coreutils-8.24/chown.bc>:!9363	</home/chrzissis/cclyzer-souffle/tests/coreutils-8.24/chown.bc>:!764
</home/chrzissis/cclyzer-souffle/tests/coreutils-8.24/chown.bc>:!9371	</home/chrzissis/cclyzer-souffle/tests/coreutils-8.24/chown.bc>:!764
</home/chrzissis/cclyzer-souffle/tests/coreutils-8.24/chown.bc>:!9376	</home/chrzissis/cclyzer-souffle/tests/coreutils-8.24/chown.bc>:!764
</home/chrzissis/cclyzer-souffle/tests/coreutils-8.24/chown.bc>:!9379	</home/chrzissis/cclyzer-souffle/tests/coreutils-8.24/chown.bc>:!764
</home/chrzissis/cclyzer-souffle/tests/coreutils-8.24/chown.bc>:!9380	</home/chrzissis/cclyzer-souffle/tests/coreutils-8.24/chown.bc>:!764
</home/chrzissis/cclyzer-souffle/tests/coreutils-8.24/chown.bc>:!9384	</home/chrzissis/cclyzer-souffle/tests/coreutils-8.24/chown.bc>:!764
</home/chrzissis/cclyzer-souffle/tests/coreutils-8.24/chown.bc>:!9387	</home/chrzissis/cclyzer-souffle/tests/coreutils-8.24/chown.bc>:!764
</home/chrzissis/cclyzer-souffle/tests/coreutils-8.24/chown.bc>:!9390	</home/chrzissis/cclyzer-souffle/tests/coreutils-8.24/chown.bc>:!764
</home/chrzissis/cclyzer-souffle/tests/coreutils-8.24/chown.bc>:!9391	</home/chrzissis/cclyzer-souffle/tests/coreutils-8.24/chown.bc>:!764
</home/chrzissis/cclyzer-souffle/tests/coreutils-8.24/chown.bc>:!9422	</home/chrzissis/cclyzer-souffle/tests/coreutils-8.24/chown.bc>:!764
</home/chrzissis/cclyzer-souffle/tests/coreutils-8.24/chown.bc>:!9431	</home/chrzissis/cclyzer-souffle/tests/coreutils-8.24/chown.bc>:!764
</home/chrzissis/cclyzer-souffle/tests/coreutils-8.24/chown.bc>:!9432	</home/chrzissis/cclyzer-souffle/tests/coreutils-8.24/chown.bc>:!764
</home/chrzissis/cclyzer-souffle/tests/coreutils-8.24/chown.bc>:!9545	</home/chrzissis/cclyzer-souffle/tests/coreutils-8.24/chown.bc>:!1020
</home/chrzissis/cclyzer-souffle/tests/coreutils-8.24/chown.bc>:!9548	</home/chrzissis/cclyzer-souffle/tests/coreutils-8.24/chown.bc>:!1020
</home/chrzissis/cclyzer-souffle/tests/coreutils-8.24/chown.bc>:!9551	</home/chrzissis/cclyzer-souffle/tests/coreutils-8.24/chown.bc>:!1020
</home/chrzissis/cclyzer-souffle/tests/coreutils-8.24/chown.bc>:!9552	</home/chrzissis/cclyzer-souffle/tests/coreutils-8.24/chown.bc>:!1020
</home/chrzissis/cclyzer-souffle/tests/coreutils-8.24/chown.bc>:!9559	</home/chrzissis/cclyzer-souffle/tests/coreutils-8.24/chown.bc>:!1020
</home/chrzissis/cclyzer-souffle/tests/coreutils-8.24/chown.bc>:!9594	</home/chrzissis/cclyzer-souffle/tests/coreutils-8.24/chown.bc>:!1029
</home/chrzissis/cclyzer-souffle/tests/coreutils-8.24/chown.bc>:!9597	</home/chrzissis/cclyzer-souffle/tests/coreutils-8.24/chown.bc>:!1029
</home/chrzissis/cclyzer-souffle/tests/coreutils-8.24/chown.bc>:!9600	</home/chrzissis/cclyzer-souffle/tests/coreutils-8.24/chown.bc>:!1029
</home/chrzissis/cclyzer-souffle/tests/coreutils-8.24/chown.bc>:!9627	</home/chrzissis/cclyzer-souffle/tests/coreutils-8.24/chown.bc>:!1075
</home/chrzissis/cclyzer-souffle/tests/coreutils-8.24/chown.bc>:!9629	</home/chrzissis/cclyzer-souffle/tests/coreutils-8.24/chown.bc>:!1075
</home/chrzissis/cclyzer-souffle/tests/coreutils-8.24/chown.bc>:!9635	</home/chrzissis/cclyzer-souffle/tests/coreutils-8.24/chown.bc>:!1075
</home/chrzissis/cclyzer-souffle/tests/coreutils-8.24/chown.bc>:!9637	</home/chrzissis/cclyzer-souffle/tests/coreutils-8.24/chown.bc>:!1075
</home/chrzissis/cclyzer-souffle/tests/coreutils-8.24/chown.bc>:!9702	</home/chrzissis/cclyzer-souffle/tests/coreutils-8.24/chown.bc>:!1120
</home/chrzissis/cclyzer-souffle/tests/coreutils-8.24/chown.bc>:!9704	</home/chrzissis/cclyzer-souffle/tests/coreutils-8.24/chown.bc>:!1120
</home/chrzissis/cclyzer-souffle/tests/coreutils-8.24/chown.bc>:!9706	</home/chrzissis/cclyzer-souffle/tests/coreutils-8.24/chown.bc>:!1120
</home/chrzissis/cclyzer-souffle/tests/coreutils-8.24/chown.bc>:!9707	</home/chrzissis/cclyzer-souffle/tests/coreutils-8.24/chown.bc>:!1120
</home/chrzissis/cclyzer-souffle/tests/coreutils-8.24/chown.bc>:!9744	</home/chrzissis/cclyzer-souffle/tests/coreutils-8.24/chown.bc>:!1126
</home/chrzissis/cclyzer-souffle/tests/coreutils-8.24/chown.bc>:!9745	</home/chrzissis/cclyzer-souffle/tests/coreutils-8.24/chown.bc>:!1126
</home/chrzissis/cclyzer-souffle/tests/coreutils-8.24/chown.bc>:!9764	</home/chrzissis/cclyzer-souffle/tests/coreutils-8.24/chown.bc>:!1126
</home/chrzissis/cclyzer-souffle/tests/coreutils-8.24/chown.bc>:!9765	</home/chrzissis/cclyzer-souffle/tests/coreutils-8.24/chown.bc>:!1126
</home/chrzissis/cclyzer-souffle/tests/coreutils-8.24/chown.bc>:!9798	</home/chrzissis/cclyzer-souffle/tests/coreutils-8.24/chown.bc>:!1126
</home/chrzissis/cclyzer-souffle/tests/coreutils-8.24/chown.bc>:!9799	</home/chrzissis/cclyzer-souffle/tests/coreutils-8.24/chown.bc>:!1126
</home/chrzissis/cclyzer-souffle/tests/coreutils-8.24/chown.bc>:!9818	</home/chrzissis/cclyzer-souffle/tests/coreutils-8.24/chown.bc>:!1126
</home/chrzissis/cclyzer-souffle/tests/coreutils-8.24/chown.bc>:!9819	</home/chrzissis/cclyzer-souffle/tests/coreutils-8.24/chown.bc>:!1126
</home/chrzissis/cclyzer-souffle/tests/coreutils-8.24/chown.bc>:!9835	</home/chrzissis/cclyzer-souffle/tests/coreutils-8.24/chown.bc>:!1126
</home/chrzissis/cclyzer-souffle/tests/coreutils-8.24/chown.bc>:!9902	</home/chrzissis/cclyzer-souffle/tests/coreutils-8.24/chown.bc>:!1126
</home/chrzissis/cclyzer-souffle/tests/coreutils-8.24/chown.bc>:!9903	</home/chrzissis/cclyzer-souffle/tests/coreutils-8.24/chown.bc>:!1126
</home/chrzissis/cclyzer-souffle/tests/coreutils-8.24/chown.bc>:!9913	</home/chrzissis/cclyzer-souffle/tests/coreutils-8.24/chown.bc>:!1126
</home/chrzissis/cclyzer-souffle/tests/coreutils-8.24/chown.bc>:!9924	</home/chrzissis/cclyzer-souffle/tests/coreutils-8.24/chown.bc>:!1126
</home/chrzissis/cclyzer-souffle/tests/coreutils-8.24/chown.bc>:!9987	</home/chrzissis/cclyzer-souffle/tests/coreutils-8.24/chown.bc>:!1126
</home/chrzissis/cclyzer-souffle/tests/coreutils-8.24/chown.bc>:!10003	</home/chrzissis/cclyzer-souffle/tests/coreutils-8.24/chown.bc>:!1126
</home/chrzissis/cclyzer-souffle/tests/coreutils-8.24/chown.bc>:!10004	</home/chrzissis/cclyzer-souffle/tests/coreutils-8.24/chown.bc>:!1126
</home/chrzissis/cclyzer-souffle/tests/coreutils-8.24/chown.bc>:!10035	</home/chrzissis/cclyzer-souffle/tests/coreutils-8.24/chown.bc>:!1126
</home/chrzissis/cclyzer-souffle/tests/coreutils-8.24/chown.bc>:!10036	</home/chrzissis/cclyzer-souffle/tests/coreutils-8.24/chown.bc>:!1126
</home/chrzissis/cclyzer-souffle/tests/coreutils-8.24/chown.bc>:!10053	</home/chrzissis/cclyzer-souffle/tests/coreutils-8.24/chown.bc>:!1126
</home/chrzissis/cclyzer-souffle/tests/coreutils-8.24/chown.bc>:!10054	</home/chrzissis/cclyzer-souffle/tests/coreutils-8.24/chown.bc>:!1126
</home/chrzissis/cclyzer-souffle/tests/coreutils-8.24/chown.bc>:!10100	</home/chrzissis/cclyzer-souffle/tests/coreutils-8.24/chown.bc>:!1126
</home/chrzissis/cclyzer-souffle/tests/coreutils-8.24/chown.bc>:!10101	</home/chrzissis/cclyzer-souffle/tests/coreutils-8.24/chown.bc>:!1126
</home/chrzissis/cclyzer-souffle/tests/coreutils-8.24/chown.bc>:!10118	</home/chrzissis/cclyzer-souffle/tests/coreutils-8.24/chown.bc>:!1126
</home/chrzissis/cclyzer-souffle/tests/coreutils-8.24/chown.bc>:!10119	</home/chrzissis/cclyzer-souffle/tests/coreutils-8.24/chown.bc>:!1126
</home/chrzissis/cclyzer-souffle/tests/coreutils-8.24/chown.bc>:!10154	</home/chrzissis/cclyzer-souffle/tests/coreutils-8.24/chown.bc>:!1126
</home/chrzissis/cclyzer-souffle/tests/coreutils-8.24/chown.bc>:!10155	</home/chrzissis/cclyzer-souffle/tests/coreutils-8.24/chown.bc>:!1126
</home/chrzissis/cclyzer-souffle/tests/coreutils-8.24/chown.bc>:!10292	</home/chrzissis/cclyzer-souffle/tests/coreutils-8.24/chown.bc>:!1126
</home/chrzissis/cclyzer-souffle/tests/coreutils-8.24/chown.bc>:!10293	</home/chrzissis/cclyzer-souffle/tests/coreutils-8.24/chown.bc>:!1126
</home/chrzissis/cclyzer-souffle/tests/coreutils-8.24/chown.bc>:!10315	</home/chrzissis/cclyzer-souffle/tests/coreutils-8.24/chown.bc>:!1126
</home/chrzissis/cclyzer-souffle/tests/coreutils-8.24/chown.bc>:!10316	</home/chrzissis/cclyzer-souffle/tests/coreutils-8.24/chown.bc>:!1126
</home/chrzissis/cclyzer-souffle/tests/coreutils-8.24/chown.bc>:!10385	</home/chrzissis/cclyzer-souffle/tests/coreutils-8.24/chown.bc>:!1126
</home/chrzissis/cclyzer-souffle/tests/coreutils-8.24/chown.bc>:!10396	</home/chrzissis/cclyzer-souffle/tests/coreutils-8.24/chown.bc>:!1126
</home/chrzissis/cclyzer-souffle/tests/coreutils-8.24/chown.bc>:!10397	</home/chrzissis/cclyzer-souffle/tests/coreutils-8.24/chown.bc>:!1126
</home/chrzissis/cclyzer-souffle/tests/coreutils-8.24/chown.bc>:!10414	</home/chrzissis/cclyzer-souffle/tests/coreutils-8.24/chown.bc>:!1126
</home/chrzissis/cclyzer-souffle/tests/coreutils-8.24/chown.bc>:!10415	</home/chrzissis/cclyzer-souffle/tests/coreutils-8.24/chown.bc>:!1126
</home/chrzissis/cclyzer-souffle/tests/coreutils-8.24/chown.bc>:!10437	</home/chrzissis/cclyzer-souffle/tests/coreutils-8.24/chown.bc>:!1126
</home/chrzissis/cclyzer-souffle/tests/coreutils-8.24/chown.bc>:!10438	</home/chrzissis/cclyzer-souffle/tests/coreutils-8.24/chown.bc>:!1126
</home/chrzissis/cclyzer-souffle/tests/coreutils-8.24/chown.bc>:!10451	</home/chrzissis/cclyzer-souffle/tests/coreutils-8.24/chown.bc>:!1126
</home/chrzissis/cclyzer-souffle/tests/coreutils-8.24/chown.bc>:!10452	</home/chrzissis/cclyzer-souffle/tests/coreutils-8.24/chown.bc>:!1126
</home/chrzissis/cclyzer-souffle/tests/coreutils-8.24/chown.bc>:!10474	</home/chrzissis/cclyzer-souffle/tests/coreutils-8.24/chown.bc>:!1126
</home/chrzissis/cclyzer-souffle/tests/coreutils-8.24/chown.bc>:!10475	</home/chrzissis/cclyzer-souffle/tests/coreutils-8.24/chown.bc>:!1126
</home/chrzissis/cclyzer-souffle/tests/coreutils-8.24/chown.bc>:!10619	</home/chrzissis/cclyzer-souffle/tests/coreutils-8.24/chown.bc>:!1126
</home/chrzissis/cclyzer-souffle/tests/coreutils-8.24/chown.bc>:!10783	</home/chrzissis/cclyzer-souffle/tests/coreutils-8.24/chown.bc>:!1126
</home/chrzissis/cclyzer-souffle/tests/coreutils-8.24/chown.bc>:!10788	</home/chrzissis/cclyzer-souffle/tests/coreutils-8.24/chown.bc>:!1126
</home/chrzissis/cclyzer-souffle/tests/coreutils-8.24/chown.bc>:!10790	</home/chrzissis/cclyzer-souffle/tests/coreutils-8.24/chown.bc>:!1126
</home/chrzissis/cclyzer-souffle/tests/coreutils-8.24/chown.bc>:!10866	</home/chrzissis/cclyzer-souffle/tests/coreutils-8.24/chown.bc>:!1126
</home/chrzissis/cclyzer-souffle/tests/coreutils-8.24/chown.bc>:!10867	</home/chrzissis/cclyzer-souffle/tests/coreutils-8.24/chown.bc>:!1126
</home/chrzissis/cclyzer-souffle/tests/coreutils-8.24/chown.bc>:!10882	</home/chrzissis/cclyzer-souffle/tests/coreutils-8.24/chown.bc>:!1126
</home/chrzissis/cclyzer-souffle/tests/coreutils-8.24/chown.bc>:!10883	</home/chrzissis/cclyzer-souffle/tests/coreutils-8.24/chown.bc>:!1126
</home/chrzissis/cclyzer-souffle/tests/coreutils-8.24/chown.bc>:!10967	</home/chrzissis/cclyzer-souffle/tests/coreutils-8.24/chown.bc>:!1126
</home/chrzissis/cclyzer-souffle/tests/coreutils-8.24/chown.bc>:!11060	</home/chrzissis/cclyzer-souffle/tests/coreutils-8.24/chown.bc>:!1126
</home/chrzissis/cclyzer-souffle/tests/coreutils-8.24/chown.bc>:!11061	</home/chrzissis/cclyzer-souffle/tests/coreutils-8.24/chown.bc>:!1126
</home/chrzissis/cclyzer-souffle/tests/coreutils-8.24/chown.bc>:!11082	</home/chrzissis/cclyzer-souffle/tests/coreutils-8.24/chown.bc>:!1126
</home/chrzissis/cclyzer-souffle/tests/coreutils-8.24/chown.bc>:!11083	</home/chrzissis/cclyzer-souffle/tests/coreutils-8.24/chown.bc>:!1126
</home/chrzissis/cclyzer-souffle/tests/coreutils-8.24/chown.bc>:!11185	</home/chrzissis/cclyzer-souffle/tests/coreutils-8.24/chown.bc>:!1126
</home/chrzissis/cclyzer-souffle/tests/coreutils-8.24/chown.bc>:!11221	</home/chrzissis/cclyzer-souffle/tests/coreutils-8.24/chown.bc>:!1126
</home/chrzissis/cclyzer-souffle/tests/coreutils-8.24/chown.bc>:!11265	</home/chrzissis/cclyzer-souffle/tests/coreutils-8.24/chown.bc>:!1126
</home/chrzissis/cclyzer-souffle/tests/coreutils-8.24/chown.bc>:!11266	</home/chrzissis/cclyzer-souffle/tests/coreutils-8.24/chown.bc>:!1126
</home/chrzissis/cclyzer-souffle/tests/coreutils-8.24/chown.bc>:!11279	</home/chrzissis/cclyzer-souffle/tests/coreutils-8.24/chown.bc>:!1126
</home/chrzissis/cclyzer-souffle/tests/coreutils-8.24/chown.bc>:!11353	</home/chrzissis/cclyzer-souffle/tests/coreutils-8.24/chown.bc>:!1126
</home/chrzissis/cclyzer-souffle/tests/coreutils-8.24/chown.bc>:!11354	</home/chrzissis/cclyzer-souffle/tests/coreutils-8.24/chown.bc>:!1126
</home/chrzissis/cclyzer-souffle/tests/coreutils-8.24/chown.bc>:!11358	</home/chrzissis/cclyzer-souffle/tests/coreutils-8.24/chown.bc>:!1126
</home/chrzissis/cclyzer-souffle/tests/coreutils-8.24/chown.bc>:!11362	</home/chrzissis/cclyzer-souffle/tests/coreutils-8.24/chown.bc>:!1126
</home/chrzissis/cclyzer-souffle/tests/coreutils-8.24/chown.bc>:!11377	</home/chrzissis/cclyzer-souffle/tests/coreutils-8.24/chown.bc>:!1126
</home/chrzissis/cclyzer-souffle/tests/coreutils-8.24/chown.bc>:!11378	</home/chrzissis/cclyzer-souffle/tests/coreutils-8.24/chown.bc>:!1126
</home/chrzissis/cclyzer-souffle/tests/coreutils-8.24/chown.bc>:!11383	</home/chrzissis/cclyzer-souffle/tests/coreutils-8.24/chown.bc>:!1126
</home/chrzissis/cclyzer-souffle/tests/coreutils-8.24/chown.bc>:!11387	</home/chrzissis/cclyzer-souffle/tests/coreutils-8.24/chown.bc>:!1126
</home/chrzissis/cclyzer-souffle/tests/coreutils-8.24/chown.bc>:!11435	</home/chrzissis/cclyzer-souffle/tests/coreutils-8.24/chown.bc>:!1300
</home/chrzissis/cclyzer-souffle/tests/coreutils-8.24/chown.bc>:!11436	</home/chrzissis/cclyzer-souffle/tests/coreutils-8.24/chown.bc>:!1300
</home/chrzissis/cclyzer-souffle/tests/coreutils-8.24/chown.bc>:!11574	</home/chrzissis/cclyzer-souffle/tests/coreutils-8.24/chown.bc>:!1330
</home/chrzissis/cclyzer-souffle/tests/coreutils-8.24/chown.bc>:!11578	</home/chrzissis/cclyzer-souffle/tests/coreutils-8.24/chown.bc>:!1330
</home/chrzissis/cclyzer-souffle/tests/coreutils-8.24/chown.bc>:!11590	</home/chrzissis/cclyzer-souffle/tests/coreutils-8.24/chown.bc>:!1330
</home/chrzissis/cclyzer-souffle/tests/coreutils-8.24/chown.bc>:!11630	</home/chrzissis/cclyzer-souffle/tests/coreutils-8.24/chown.bc>:!1330
</home/chrzissis/cclyzer-souffle/tests/coreutils-8.24/chown.bc>:!11650	</home/chrzissis/cclyzer-souffle/tests/coreutils-8.24/chown.bc>:!1330
</home/chrzissis/cclyzer-souffle/tests/coreutils-8.24/chown.bc>:!11653	</home/chrzissis/cclyzer-souffle/tests/coreutils-8.24/chown.bc>:!1330
</home/chrzissis/cclyzer-souffle/tests/coreutils-8.24/chown.bc>:!11797	</home/chrzissis/cclyzer-souffle/tests/coreutils-8.24/chown.bc>:!1330
</home/chrzissis/cclyzer-souffle/tests/coreutils-8.24/chown.bc>:!11801	</home/chrzissis/cclyzer-souffle/tests/coreutils-8.24/chown.bc>:!1330
</home/chrzissis/cclyzer-souffle/tests/coreutils-8.24/chown.bc>:!11812	</home/chrzissis/cclyzer-souffle/tests/coreutils-8.24/chown.bc>:!1330
</home/chrzissis/cclyzer-souffle/tests/coreutils-8.24/chown.bc>:!11820	</home/chrzissis/cclyzer-souffle/tests/coreutils-8.24/chown.bc>:!1330
</home/chrzissis/cclyzer-souffle/tests/coreutils-8.24/chown.bc>:!11823	</home/chrzissis/cclyzer-souffle/tests/coreutils-8.24/chown.bc>:!1330
</home/chrzissis/cclyzer-souffle/tests/coreutils-8.24/chown.bc>:!11956	</home/chrzissis/cclyzer-souffle/tests/coreutils-8.24/chown.bc>:!1679
</home/chrzissis/cclyzer-souffle/tests/coreutils-8.24/chown.bc>:!11958	</home/chrzissis/cclyzer-souffle/tests/coreutils-8.24/chown.bc>:!1679
</home/chrzissis/cclyzer-souffle/tests/coreutils-8.24/chown.bc>:!11960	</home/chrzissis/cclyzer-souffle/tests/coreutils-8.24/chown.bc>:!1679
</home/chrzissis/cclyzer-souffle/tests/coreutils-8.24/chown.bc>:!11961	</home/chrzissis/cclyzer-souffle/tests/coreutils-8.24/chown.bc>:!1679
</home/chrzissis/cclyzer-souffle/tests/coreutils-8.24/chown.bc>:!11984	</home/chrzissis/cclyzer-souffle/tests/coreutils-8.24/chown.bc>:!1689
</home/chrzissis/cclyzer-souffle/tests/coreutils-8.24/chown.bc>:!12027	</home/chrzissis/cclyzer-souffle/tests/coreutils-8.24/chown.bc>:!1693
</home/chrzissis/cclyzer-souffle/tests/coreutils-8.24/chown.bc>:!12081	</home/chrzissis/cclyzer-souffle/tests/coreutils-8.24/chown.bc>:!1739
</home/chrzissis/cclyzer-souffle/tests/coreutils-8.24/chown.bc>:!12083	</home/chrzissis/cclyzer-souffle/tests/coreutils-8.24/chown.bc>:!1739
</home/chrzissis/cclyzer-souffle/tests/coreutils-8.24/chown.bc>:!12085	</home/chrzissis/cclyzer-souffle/tests/coreutils-8.24/chown.bc>:!1739
</home/chrzissis/cclyzer-souffle/tests/coreutils-8.24/chown.bc>:!12086	</home/chrzissis/cclyzer-souffle/tests/coreutils-8.24/chown.bc>:!1739
</home/chrzissis/cclyzer-souffle/tests/coreutils-8.24/chown.bc>:!12102	</home/chrzissis/cclyzer-souffle/tests/coreutils-8.24/chown.bc>:!1739
</home/chrzissis/cclyzer-souffle/tests/coreutils-8.24/chown.bc>:!12129	</home/chrzissis/cclyzer-souffle/tests/coreutils-8.24/chown.bc>:!1739
</home/chrzissis/cclyzer-souffle/tests/coreutils-8.24/chown.bc>:!12142	</home/chrzissis/cclyzer-souffle/tests/coreutils-8.24/chown.bc>:!1739
</home/chrzissis/cclyzer-souffle/tests/coreutils-8.24/chown.bc>:!12166	</home/chrzissis/cclyzer-souffle/tests/coreutils-8.24/chown.bc>:!1739
</home/chrzissis/cclyzer-souffle/tests/coreutils-8.24/chown.bc>:!12168	</home/chrzissis/cclyzer-souffle/tests/coreutils-8.24/chown.bc>:!1739
</home/chrzissis/cclyzer-souffle/tests/coreutils-8.24/chown.bc>:!12170	</home/chrzissis/cclyzer-souffle/tests/coreutils-8.24/chown.bc>:!1739
</home/chrzissis/cclyzer-souffle/tests/coreutils-8.24/chown.bc>:!12171	</home/chrzissis/cclyzer-souffle/tests/coreutils-8.24/chown.bc>:!1739
</home/chrzissis/cclyzer-souffle/tests/coreutils-8.24/chown.bc>:!12188	</home/chrzissis/cclyzer-souffle/tests/coreutils-8.24/chown.bc>:!1747
</home/chrzissis/cclyzer-souffle/tests/coreutils-8.24/chown.bc>:!12223	</home/chrzissis/cclyzer-souffle/tests/coreutils-8.24/chown.bc>:!1796
</home/chrzissis/cclyzer-souffle/tests/coreutils-8.24/chown.bc>:!12405	</home/chrzissis/cclyzer-souffle/tests/coreutils-8.24/chown.bc>:!1871
</home/chrzissis/cclyzer-souffle/tests/coreutils-8.24/chown.bc>:!12408	</home/chrzissis/cclyzer-souffle/tests/coreutils-8.24/chown.bc>:!1871
</home/chrzissis/cclyzer-souffle/tests/coreutils-8.24/chown.bc>:!12415	</home/chrzissis/cclyzer-souffle/tests/coreutils-8.24/chown.bc>:!1871
</home/chrzissis/cclyzer-souffle/tests/coreutils-8.24/chown.bc>:!12423	</home/chrzissis/cclyzer-souffle/tests/coreutils-8.24/chown.bc>:!1871
</home/chrzissis/cclyzer-souffle/tests/coreutils-8.24/chown.bc>:!12427	</home/chrzissis/cclyzer-souffle/tests/coreutils-8.24/chown.bc>:!1871
</home/chrzissis/cclyzer-souffle/tests/coreutils-8.24/chown.bc>:!12436	</home/chrzissis/cclyzer-souffle/tests/coreutils-8.24/chown.bc>:!1871
</home/chrzissis/cclyzer-souffle/tests/coreutils-8.24/chown.bc>:!12440	</home/chrzissis/cclyzer-souffle/tests/coreutils-8.24/chown.bc>:!1871
</home/chrzissis/cclyzer-souffle/tests/coreutils-8.24/chown.bc>:!12447	</home/chrzissis/cclyzer-souffle/tests/coreutils-8.24/chown.bc>:!1871
</home/chrzissis/cclyzer-souffle/tests/coreutils-8.24/chown.bc>:!12450	</home/chrzissis/cclyzer-souffle/tests/coreutils-8.24/chown.bc>:!1871
</home/chrzissis/cclyzer-souffle/tests/coreutils-8.24/chown.bc>:!12451	</home/chrzissis/cclyzer-souffle/tests/coreutils-8.24/chown.bc>:!1871
</home/chrzissis/cclyzer-souffle/tests/coreutils-8.24/chown.bc>:!12459	</home/chrzissis/cclyzer-souffle/tests/coreutils-8.24/chown.bc>:!1871
</home/chrzissis/cclyzer-souffle/tests/coreutils-8.24/chown.bc>:!12462	</home/chrzissis/cclyzer-souffle/tests/coreutils-8.24/chown.bc>:!1871
</home/chrzissis/cclyzer-souffle/tests/coreutils-8.24/chown.bc>:!12463	</home/chrzissis/cclyzer-souffle/tests/coreutils-8.24/chown.bc>:!1871
</home/chrzissis/cclyzer-souffle/tests/coreutils-8.24/chown.bc>:!12470	</home/chrzissis/cclyzer-souffle/tests/coreutils-8.24/chown.bc>:!1871
</home/chrzissis/cclyzer-souffle/tests/coreutils-8.24/chown.bc>:!12473	</home/chrzissis/cclyzer-souffle/tests/coreutils-8.24/chown.bc>:!1871
</home/chrzissis/cclyzer-souffle/tests/coreutils-8.24/chown.bc>:!12480	</home/chrzissis/cclyzer-souffle/tests/coreutils-8.24/chown.bc>:!1871
</home/chrzissis/cclyzer-souffle/tests/coreutils-8.24/chown.bc>:!12483	</home/chrzissis/cclyzer-souffle/tests/coreutils-8.24/chown.bc>:!1871
</home/chrzissis/cclyzer-souffle/tests/coreutils-8.24/chown.bc>:!12490	</home/chrzissis/cclyzer-souffle/tests/coreutils-8.24/chown.bc>:!1871
</home/chrzissis/cclyzer-souffle/tests/coreutils-8.24/chown.bc>:!12493	</home/chrzissis/cclyzer-souffle/tests/coreutils-8.24/chown.bc>:!1871
</home/chrzissis/cclyzer-souffle/tests/coreutils-8.24/chown.bc>:!12500	</home/chrzissis/cclyzer-souffle/tests/coreutils-8.24/chown.bc>:!1871
</home/chrzissis/cclyzer-souffle/tests/coreutils-8.24/chown.bc>:!12503	</home/chrzissis/cclyzer-souffle/tests/coreutils-8.24/chown.bc>:!1871
</home/chrzissis/cclyzer-souffle/tests/coreutils-8.24/chown.bc>:!12510	</home/chrzissis/cclyzer-souffle/tests/coreutils-8.24/chown.bc>:!1871
</home/chrzissis/cclyzer-souffle/tests/coreutils-8.24/chown.bc>:!12517	</home/chrzissis/cclyzer-souffle/tests/coreutils-8.24/chown.bc>:!1871
</home/chrzissis/cclyzer-souffle/tests/coreutils-8.24/chown.bc>:!12528	</home/chrzissis/cclyzer-souffle/tests/coreutils-8.24/chown.bc>:!1871
</home/chrzissis/cclyzer-souffle/tests/coreutils-8.24/chown.bc>:!12537	</home/chrzissis/cclyzer-souffle/tests/coreutils-8.24/chown.bc>:!1871
</home/chrzissis/cclyzer-souffle/tests/coreutils-8.24/chown.bc>:!12541	</home/chrzissis/cclyzer-souffle/tests/coreutils-8.24/chown.bc>:!1871
</home/chrzissis/cclyzer-souffle/tests/coreutils-8.24/chown.bc>:!12548	</home/chrzissis/cclyzer-souffle/tests/coreutils-8.24/chown.bc>:!1871
</home/chrzissis/cclyzer-souffle/tests/coreutils-8.24/chown.bc>:!12552	</home/chrzissis/cclyzer-souffle/tests/coreutils-8.24/chown.bc>:!1871
</home/chrzissis/cclyzer-souffle/tests/coreutils-8.24/chown.bc>:!12561	</home/chrzissis/cclyzer-souffle/tests/coreutils-8.24/chown.bc>:!1871
</home/chrzissis/cclyzer-souffle/tests/coreutils-8.24/chown.bc>:!12564	</home/chrzissis/cclyzer-souffle/tests/coreutils-8.24/chown.bc>:!1871
</home/chrzissis/cclyzer-souffle/tests/coreutils-8.24/chown.bc>:!12571	</home/chrzissis/cclyzer-souffle/tests/coreutils-8.24/chown.bc>:!1871
</home/chrzissis/cclyzer-souffle/tests/coreutils-8.24/chown.bc>:!12579	</home/chrzissis/cclyzer-souffle/tests/coreutils-8.24/chown.bc>:!1871
</home/chrzissis/cclyzer-souffle/tests/coreutils-8.24/chown.bc>:!12583	</home/chrzissis/cclyzer-souffle/tests/coreutils-8.24/chown.bc>:!1871
</home/chrzissis/cclyzer-souffle/tests/coreutils-8.24/chown.bc>:!12591	</home/chrzissis/cclyzer-souffle/tests/coreutils-8.24/chown.bc>:!1871
</home/chrzissis/cclyzer-souffle/tests/coreutils-8.24/chown.bc>:!12594	</home/chrzissis/cclyzer-souffle/tests/coreutils-8.24/chown.bc>:!1871
</home/chrzissis/cclyzer-souffle/tests/coreutils-8.24/chown.bc>:!12598	</home/chrzissis/cclyzer-souffle/tests/coreutils-8.24/chown.bc>:!1871
</home/chrzissis/cclyzer-souffle/tests/coreutils-8.24/chown.bc>:!12599	</home/chrzissis/cclyzer-souffle/tests/coreutils-8.24/chown.bc>:!1871
</home/chrzissis/cclyzer-souffle/tests/coreutils-8.24/chown.bc>:!12601	</home/chrzissis/cclyzer-souffle/tests/coreutils-8.24/chown.bc>:!1871
</home/chrzissis/cclyzer-souffle/tests/coreutils-8.24/chown.bc>:!12602	</home/chrzissis/cclyzer-souffle/tests/coreutils-8.24/chown.bc>:!1871
</home/chrzissis/cclyzer-souffle/tests/coreutils-8.24/chown.bc>:!12609	</home/chrzissis/cclyzer-souffle/tests/coreutils-8.24/chown.bc>:!1871
</home/chrzissis/cclyzer-souffle/tests/coreutils-8.24/chown.bc>:!12612	</home/chrzissis/cclyzer-souffle/tests/coreutils-8.24/chown.bc>:!1871
</home/chrzissis/cclyzer-souffle/tests/coreutils-8.24/chown.bc>:!12616	</home/chrzissis/cclyzer-souffle/tests/coreutils-8.24/chown.bc>:!1871
</home/chrzissis/cclyzer-souffle/tests/coreutils-8.24/chown.bc>:!12617	</home/chrzissis/cclyzer-souffle/tests/coreutils-8.24/chown.bc>:!1871
</home/chrzissis/cclyzer-souffle/tests/coreutils-8.24/chown.bc>:!12619	</home/chrzissis/cclyzer-souffle/tests/coreutils-8.24/chown.bc>:!1871
</home/chrzissis/cclyzer-souffle/tests/coreutils-8.24/chown.bc>:!12620	</home/chrzissis/cclyzer-souffle/tests/coreutils-8.24/chown.bc>:!1871
