</home/chrzissis/cclyzer-souffle/tests/coreutils-8.24/chown.bc>:!14	</home/chrzissis/cclyzer-souffle/tests/coreutils-8.24/chown.bc>:!15
</home/chrzissis/cclyzer-souffle/tests/coreutils-8.24/chown.bc>:!19	</home/chrzissis/cclyzer-souffle/tests/coreutils-8.24/chown.bc>:!20
</home/chrzissis/cclyzer-souffle/tests/coreutils-8.24/chown.bc>:!23	</home/chrzissis/cclyzer-souffle/tests/coreutils-8.24/chown.bc>:!25
</home/chrzissis/cclyzer-souffle/tests/coreutils-8.24/chown.bc>:!27	</home/chrzissis/cclyzer-souffle/tests/coreutils-8.24/chown.bc>:!28
</home/chrzissis/cclyzer-souffle/tests/coreutils-8.24/chown.bc>:!32	</home/chrzissis/cclyzer-souffle/tests/coreutils-8.24/chown.bc>:!33
</home/chrzissis/cclyzer-souffle/tests/coreutils-8.24/chown.bc>:!95	</home/chrzissis/cclyzer-souffle/tests/coreutils-8.24/chown.bc>:!96
</home/chrzissis/cclyzer-souffle/tests/coreutils-8.24/chown.bc>:!114	</home/chrzissis/cclyzer-souffle/tests/coreutils-8.24/chown.bc>:!96
</home/chrzissis/cclyzer-souffle/tests/coreutils-8.24/chown.bc>:!115	</home/chrzissis/cclyzer-souffle/tests/coreutils-8.24/chown.bc>:!116
</home/chrzissis/cclyzer-souffle/tests/coreutils-8.24/chown.bc>:!118	</home/chrzissis/cclyzer-souffle/tests/coreutils-8.24/chown.bc>:!119
</home/chrzissis/cclyzer-souffle/tests/coreutils-8.24/chown.bc>:!121	</home/chrzissis/cclyzer-souffle/tests/coreutils-8.24/chown.bc>:!122
</home/chrzissis/cclyzer-souffle/tests/coreutils-8.24/chown.bc>:!126	</home/chrzissis/cclyzer-souffle/tests/coreutils-8.24/chown.bc>:!127
</home/chrzissis/cclyzer-souffle/tests/coreutils-8.24/chown.bc>:!249	</home/chrzissis/cclyzer-souffle/tests/coreutils-8.24/chown.bc>:!250
</home/chrzissis/cclyzer-souffle/tests/coreutils-8.24/chown.bc>:!254	</home/chrzissis/cclyzer-souffle/tests/coreutils-8.24/chown.bc>:!255
</home/chrzissis/cclyzer-souffle/tests/coreutils-8.24/chown.bc>:!257	</home/chrzissis/cclyzer-souffle/tests/coreutils-8.24/chown.bc>:!258
</home/chrzissis/cclyzer-souffle/tests/coreutils-8.24/chown.bc>:!267	</home/chrzissis/cclyzer-souffle/tests/coreutils-8.24/chown.bc>:!28
</home/chrzissis/cclyzer-souffle/tests/coreutils-8.24/chown.bc>:!268	</home/chrzissis/cclyzer-souffle/tests/coreutils-8.24/chown.bc>:!269
</home/chrzissis/cclyzer-souffle/tests/coreutils-8.24/chown.bc>:!271	</home/chrzissis/cclyzer-souffle/tests/coreutils-8.24/chown.bc>:!25
</home/chrzissis/cclyzer-souffle/tests/coreutils-8.24/chown.bc>:!283	</home/chrzissis/cclyzer-souffle/tests/coreutils-8.24/chown.bc>:!285
</home/chrzissis/cclyzer-souffle/tests/coreutils-8.24/chown.bc>:!287	</home/chrzissis/cclyzer-souffle/tests/coreutils-8.24/chown.bc>:!285
</home/chrzissis/cclyzer-souffle/tests/coreutils-8.24/chown.bc>:!294	</home/chrzissis/cclyzer-souffle/tests/coreutils-8.24/chown.bc>:!296
</home/chrzissis/cclyzer-souffle/tests/coreutils-8.24/chown.bc>:!302	</home/chrzissis/cclyzer-souffle/tests/coreutils-8.24/chown.bc>:!28
</home/chrzissis/cclyzer-souffle/tests/coreutils-8.24/chown.bc>:!342	</home/chrzissis/cclyzer-souffle/tests/coreutils-8.24/chown.bc>:!343
</home/chrzissis/cclyzer-souffle/tests/coreutils-8.24/chown.bc>:!356	</home/chrzissis/cclyzer-souffle/tests/coreutils-8.24/chown.bc>:!357
</home/chrzissis/cclyzer-souffle/tests/coreutils-8.24/chown.bc>:!359	</home/chrzissis/cclyzer-souffle/tests/coreutils-8.24/chown.bc>:!360
</home/chrzissis/cclyzer-souffle/tests/coreutils-8.24/chown.bc>:!362	</home/chrzissis/cclyzer-souffle/tests/coreutils-8.24/chown.bc>:!363
</home/chrzissis/cclyzer-souffle/tests/coreutils-8.24/chown.bc>:!365	</home/chrzissis/cclyzer-souffle/tests/coreutils-8.24/chown.bc>:!366
</home/chrzissis/cclyzer-souffle/tests/coreutils-8.24/chown.bc>:!368	</home/chrzissis/cclyzer-souffle/tests/coreutils-8.24/chown.bc>:!369
</home/chrzissis/cclyzer-souffle/tests/coreutils-8.24/chown.bc>:!371	</home/chrzissis/cclyzer-souffle/tests/coreutils-8.24/chown.bc>:!372
</home/chrzissis/cclyzer-souffle/tests/coreutils-8.24/chown.bc>:!376	</home/chrzissis/cclyzer-souffle/tests/coreutils-8.24/chown.bc>:!377
</home/chrzissis/cclyzer-souffle/tests/coreutils-8.24/chown.bc>:!379	</home/chrzissis/cclyzer-souffle/tests/coreutils-8.24/chown.bc>:!380
</home/chrzissis/cclyzer-souffle/tests/coreutils-8.24/chown.bc>:!383	</home/chrzissis/cclyzer-souffle/tests/coreutils-8.24/chown.bc>:!25
</home/chrzissis/cclyzer-souffle/tests/coreutils-8.24/chown.bc>:!384	</home/chrzissis/cclyzer-souffle/tests/coreutils-8.24/chown.bc>:!385
</home/chrzissis/cclyzer-souffle/tests/coreutils-8.24/chown.bc>:!387	</home/chrzissis/cclyzer-souffle/tests/coreutils-8.24/chown.bc>:!388
</home/chrzissis/cclyzer-souffle/tests/coreutils-8.24/chown.bc>:!390	</home/chrzissis/cclyzer-souffle/tests/coreutils-8.24/chown.bc>:!33
</home/chrzissis/cclyzer-souffle/tests/coreutils-8.24/chown.bc>:!391	</home/chrzissis/cclyzer-souffle/tests/coreutils-8.24/chown.bc>:!392
</home/chrzissis/cclyzer-souffle/tests/coreutils-8.24/chown.bc>:!394	</home/chrzissis/cclyzer-souffle/tests/coreutils-8.24/chown.bc>:!395
</home/chrzissis/cclyzer-souffle/tests/coreutils-8.24/chown.bc>:!397	</home/chrzissis/cclyzer-souffle/tests/coreutils-8.24/chown.bc>:!398
</home/chrzissis/cclyzer-souffle/tests/coreutils-8.24/chown.bc>:!400	</home/chrzissis/cclyzer-souffle/tests/coreutils-8.24/chown.bc>:!401
</home/chrzissis/cclyzer-souffle/tests/coreutils-8.24/chown.bc>:!403	</home/chrzissis/cclyzer-souffle/tests/coreutils-8.24/chown.bc>:!404
</home/chrzissis/cclyzer-souffle/tests/coreutils-8.24/chown.bc>:!406	</home/chrzissis/cclyzer-souffle/tests/coreutils-8.24/chown.bc>:!407
</home/chrzissis/cclyzer-souffle/tests/coreutils-8.24/chown.bc>:!409	</home/chrzissis/cclyzer-souffle/tests/coreutils-8.24/chown.bc>:!410
</home/chrzissis/cclyzer-souffle/tests/coreutils-8.24/chown.bc>:!412	</home/chrzissis/cclyzer-souffle/tests/coreutils-8.24/chown.bc>:!33
</home/chrzissis/cclyzer-souffle/tests/coreutils-8.24/chown.bc>:!413	</home/chrzissis/cclyzer-souffle/tests/coreutils-8.24/chown.bc>:!392
</home/chrzissis/cclyzer-souffle/tests/coreutils-8.24/chown.bc>:!414	</home/chrzissis/cclyzer-souffle/tests/coreutils-8.24/chown.bc>:!415
</home/chrzissis/cclyzer-souffle/tests/coreutils-8.24/chown.bc>:!417	</home/chrzissis/cclyzer-souffle/tests/coreutils-8.24/chown.bc>:!418
</home/chrzissis/cclyzer-souffle/tests/coreutils-8.24/chown.bc>:!420	</home/chrzissis/cclyzer-souffle/tests/coreutils-8.24/chown.bc>:!421
</home/chrzissis/cclyzer-souffle/tests/coreutils-8.24/chown.bc>:!423	</home/chrzissis/cclyzer-souffle/tests/coreutils-8.24/chown.bc>:!424
</home/chrzissis/cclyzer-souffle/tests/coreutils-8.24/chown.bc>:!426	</home/chrzissis/cclyzer-souffle/tests/coreutils-8.24/chown.bc>:!427
</home/chrzissis/cclyzer-souffle/tests/coreutils-8.24/chown.bc>:!429	</home/chrzissis/cclyzer-souffle/tests/coreutils-8.24/chown.bc>:!430
</home/chrzissis/cclyzer-souffle/tests/coreutils-8.24/chown.bc>:!432	</home/chrzissis/cclyzer-souffle/tests/coreutils-8.24/chown.bc>:!433
</home/chrzissis/cclyzer-souffle/tests/coreutils-8.24/chown.bc>:!435	</home/chrzissis/cclyzer-souffle/tests/coreutils-8.24/chown.bc>:!436
</home/chrzissis/cclyzer-souffle/tests/coreutils-8.24/chown.bc>:!438	</home/chrzissis/cclyzer-souffle/tests/coreutils-8.24/chown.bc>:!439
</home/chrzissis/cclyzer-souffle/tests/coreutils-8.24/chown.bc>:!446	</home/chrzissis/cclyzer-souffle/tests/coreutils-8.24/chown.bc>:!447
</home/chrzissis/cclyzer-souffle/tests/coreutils-8.24/chown.bc>:!449	</home/chrzissis/cclyzer-souffle/tests/coreutils-8.24/chown.bc>:!450
</home/chrzissis/cclyzer-souffle/tests/coreutils-8.24/chown.bc>:!443	</home/chrzissis/cclyzer-souffle/tests/coreutils-8.24/chown.bc>:!444
</home/chrzissis/cclyzer-souffle/tests/coreutils-8.24/chown.bc>:!478	</home/chrzissis/cclyzer-souffle/tests/coreutils-8.24/chown.bc>:!479
</home/chrzissis/cclyzer-souffle/tests/coreutils-8.24/chown.bc>:!499	</home/chrzissis/cclyzer-souffle/tests/coreutils-8.24/chown.bc>:!500
</home/chrzissis/cclyzer-souffle/tests/coreutils-8.24/chown.bc>:!504	</home/chrzissis/cclyzer-souffle/tests/coreutils-8.24/chown.bc>:!505
</home/chrzissis/cclyzer-souffle/tests/coreutils-8.24/chown.bc>:!519	</home/chrzissis/cclyzer-souffle/tests/coreutils-8.24/chown.bc>:!520
</home/chrzissis/cclyzer-souffle/tests/coreutils-8.24/chown.bc>:!573	</home/chrzissis/cclyzer-souffle/tests/coreutils-8.24/chown.bc>:!574
</home/chrzissis/cclyzer-souffle/tests/coreutils-8.24/chown.bc>:!576	</home/chrzissis/cclyzer-souffle/tests/coreutils-8.24/chown.bc>:!577
</home/chrzissis/cclyzer-souffle/tests/coreutils-8.24/chown.bc>:!587	</home/chrzissis/cclyzer-souffle/tests/coreutils-8.24/chown.bc>:!588
</home/chrzissis/cclyzer-souffle/tests/coreutils-8.24/chown.bc>:!590	</home/chrzissis/cclyzer-souffle/tests/coreutils-8.24/chown.bc>:!25
</home/chrzissis/cclyzer-souffle/tests/coreutils-8.24/chown.bc>:!610	</home/chrzissis/cclyzer-souffle/tests/coreutils-8.24/chown.bc>:!611
</home/chrzissis/cclyzer-souffle/tests/coreutils-8.24/chown.bc>:!619	</home/chrzissis/cclyzer-souffle/tests/coreutils-8.24/chown.bc>:!620
</home/chrzissis/cclyzer-souffle/tests/coreutils-8.24/chown.bc>:!613	</home/chrzissis/cclyzer-souffle/tests/coreutils-8.24/chown.bc>:!614
</home/chrzissis/cclyzer-souffle/tests/coreutils-8.24/chown.bc>:!622	</home/chrzissis/cclyzer-souffle/tests/coreutils-8.24/chown.bc>:!623
</home/chrzissis/cclyzer-souffle/tests/coreutils-8.24/chown.bc>:!603	</home/chrzissis/cclyzer-souffle/tests/coreutils-8.24/chown.bc>:!604
</home/chrzissis/cclyzer-souffle/tests/coreutils-8.24/chown.bc>:!616	</home/chrzissis/cclyzer-souffle/tests/coreutils-8.24/chown.bc>:!617
</home/chrzissis/cclyzer-souffle/tests/coreutils-8.24/chown.bc>:!625	</home/chrzissis/cclyzer-souffle/tests/coreutils-8.24/chown.bc>:!626
</home/chrzissis/cclyzer-souffle/tests/coreutils-8.24/chown.bc>:!628	</home/chrzissis/cclyzer-souffle/tests/coreutils-8.24/chown.bc>:!620
</home/chrzissis/cclyzer-souffle/tests/coreutils-8.24/chown.bc>:!629	</home/chrzissis/cclyzer-souffle/tests/coreutils-8.24/chown.bc>:!611
</home/chrzissis/cclyzer-souffle/tests/coreutils-8.24/chown.bc>:!630	</home/chrzissis/cclyzer-souffle/tests/coreutils-8.24/chown.bc>:!631
</home/chrzissis/cclyzer-souffle/tests/coreutils-8.24/chown.bc>:!635	</home/chrzissis/cclyzer-souffle/tests/coreutils-8.24/chown.bc>:!33
</home/chrzissis/cclyzer-souffle/tests/coreutils-8.24/chown.bc>:!639	</home/chrzissis/cclyzer-souffle/tests/coreutils-8.24/chown.bc>:!25
</home/chrzissis/cclyzer-souffle/tests/coreutils-8.24/chown.bc>:!643	</home/chrzissis/cclyzer-souffle/tests/coreutils-8.24/chown.bc>:!644
</home/chrzissis/cclyzer-souffle/tests/coreutils-8.24/chown.bc>:!737	</home/chrzissis/cclyzer-souffle/tests/coreutils-8.24/chown.bc>:!738
</home/chrzissis/cclyzer-souffle/tests/coreutils-8.24/chown.bc>:!747	</home/chrzissis/cclyzer-souffle/tests/coreutils-8.24/chown.bc>:!749
</home/chrzissis/cclyzer-souffle/tests/coreutils-8.24/chown.bc>:!753	</home/chrzissis/cclyzer-souffle/tests/coreutils-8.24/chown.bc>:!754
</home/chrzissis/cclyzer-souffle/tests/coreutils-8.24/chown.bc>:!756	</home/chrzissis/cclyzer-souffle/tests/coreutils-8.24/chown.bc>:!757
</home/chrzissis/cclyzer-souffle/tests/coreutils-8.24/chown.bc>:!762	</home/chrzissis/cclyzer-souffle/tests/coreutils-8.24/chown.bc>:!611
</home/chrzissis/cclyzer-souffle/tests/coreutils-8.24/chown.bc>:!896	</home/chrzissis/cclyzer-souffle/tests/coreutils-8.24/chown.bc>:!897
</home/chrzissis/cclyzer-souffle/tests/coreutils-8.24/chown.bc>:!902	</home/chrzissis/cclyzer-souffle/tests/coreutils-8.24/chown.bc>:!903
</home/chrzissis/cclyzer-souffle/tests/coreutils-8.24/chown.bc>:!905	</home/chrzissis/cclyzer-souffle/tests/coreutils-8.24/chown.bc>:!906
</home/chrzissis/cclyzer-souffle/tests/coreutils-8.24/chown.bc>:!909	</home/chrzissis/cclyzer-souffle/tests/coreutils-8.24/chown.bc>:!910
</home/chrzissis/cclyzer-souffle/tests/coreutils-8.24/chown.bc>:!912	</home/chrzissis/cclyzer-souffle/tests/coreutils-8.24/chown.bc>:!913
</home/chrzissis/cclyzer-souffle/tests/coreutils-8.24/chown.bc>:!982	</home/chrzissis/cclyzer-souffle/tests/coreutils-8.24/chown.bc>:!983
</home/chrzissis/cclyzer-souffle/tests/coreutils-8.24/chown.bc>:!979	</home/chrzissis/cclyzer-souffle/tests/coreutils-8.24/chown.bc>:!980
</home/chrzissis/cclyzer-souffle/tests/coreutils-8.24/chown.bc>:!973	</home/chrzissis/cclyzer-souffle/tests/coreutils-8.24/chown.bc>:!974
</home/chrzissis/cclyzer-souffle/tests/coreutils-8.24/chown.bc>:!915	</home/chrzissis/cclyzer-souffle/tests/coreutils-8.24/chown.bc>:!916
</home/chrzissis/cclyzer-souffle/tests/coreutils-8.24/chown.bc>:!966	</home/chrzissis/cclyzer-souffle/tests/coreutils-8.24/chown.bc>:!967
</home/chrzissis/cclyzer-souffle/tests/coreutils-8.24/chown.bc>:!969	</home/chrzissis/cclyzer-souffle/tests/coreutils-8.24/chown.bc>:!970
</home/chrzissis/cclyzer-souffle/tests/coreutils-8.24/chown.bc>:!772	</home/chrzissis/cclyzer-souffle/tests/coreutils-8.24/chown.bc>:!773
</home/chrzissis/cclyzer-souffle/tests/coreutils-8.24/chown.bc>:!924	</home/chrzissis/cclyzer-souffle/tests/coreutils-8.24/chown.bc>:!925
</home/chrzissis/cclyzer-souffle/tests/coreutils-8.24/chown.bc>:!976	</home/chrzissis/cclyzer-souffle/tests/coreutils-8.24/chown.bc>:!977
</home/chrzissis/cclyzer-souffle/tests/coreutils-8.24/chown.bc>:!929	</home/chrzissis/cclyzer-souffle/tests/coreutils-8.24/chown.bc>:!930
</home/chrzissis/cclyzer-souffle/tests/coreutils-8.24/chown.bc>:!933	</home/chrzissis/cclyzer-souffle/tests/coreutils-8.24/chown.bc>:!934
</home/chrzissis/cclyzer-souffle/tests/coreutils-8.24/chown.bc>:!936	</home/chrzissis/cclyzer-souffle/tests/coreutils-8.24/chown.bc>:!937
</home/chrzissis/cclyzer-souffle/tests/coreutils-8.24/chown.bc>:!985	</home/chrzissis/cclyzer-souffle/tests/coreutils-8.24/chown.bc>:!986
</home/chrzissis/cclyzer-souffle/tests/coreutils-8.24/chown.bc>:!955	</home/chrzissis/cclyzer-souffle/tests/coreutils-8.24/chown.bc>:!913
</home/chrzissis/cclyzer-souffle/tests/coreutils-8.24/chown.bc>:!939	</home/chrzissis/cclyzer-souffle/tests/coreutils-8.24/chown.bc>:!903
</home/chrzissis/cclyzer-souffle/tests/coreutils-8.24/chown.bc>:!940	</home/chrzissis/cclyzer-souffle/tests/coreutils-8.24/chown.bc>:!937
</home/chrzissis/cclyzer-souffle/tests/coreutils-8.24/chown.bc>:!941	</home/chrzissis/cclyzer-souffle/tests/coreutils-8.24/chown.bc>:!942
</home/chrzissis/cclyzer-souffle/tests/coreutils-8.24/chown.bc>:!949	</home/chrzissis/cclyzer-souffle/tests/coreutils-8.24/chown.bc>:!950
</home/chrzissis/cclyzer-souffle/tests/coreutils-8.24/chown.bc>:!952	</home/chrzissis/cclyzer-souffle/tests/coreutils-8.24/chown.bc>:!953
</home/chrzissis/cclyzer-souffle/tests/coreutils-8.24/chown.bc>:!918	</home/chrzissis/cclyzer-souffle/tests/coreutils-8.24/chown.bc>:!919
</home/chrzissis/cclyzer-souffle/tests/coreutils-8.24/chown.bc>:!921	</home/chrzissis/cclyzer-souffle/tests/coreutils-8.24/chown.bc>:!922
</home/chrzissis/cclyzer-souffle/tests/coreutils-8.24/chown.bc>:!944	</home/chrzissis/cclyzer-souffle/tests/coreutils-8.24/chown.bc>:!919
</home/chrzissis/cclyzer-souffle/tests/coreutils-8.24/chown.bc>:!945	</home/chrzissis/cclyzer-souffle/tests/coreutils-8.24/chown.bc>:!922
</home/chrzissis/cclyzer-souffle/tests/coreutils-8.24/chown.bc>:!946	</home/chrzissis/cclyzer-souffle/tests/coreutils-8.24/chown.bc>:!947
</home/chrzissis/cclyzer-souffle/tests/coreutils-8.24/chown.bc>:!956	</home/chrzissis/cclyzer-souffle/tests/coreutils-8.24/chown.bc>:!957
</home/chrzissis/cclyzer-souffle/tests/coreutils-8.24/chown.bc>:!959	</home/chrzissis/cclyzer-souffle/tests/coreutils-8.24/chown.bc>:!960
</home/chrzissis/cclyzer-souffle/tests/coreutils-8.24/chown.bc>:!963	</home/chrzissis/cclyzer-souffle/tests/coreutils-8.24/chown.bc>:!937
</home/chrzissis/cclyzer-souffle/tests/coreutils-8.24/chown.bc>:!964	</home/chrzissis/cclyzer-souffle/tests/coreutils-8.24/chown.bc>:!947
</home/chrzissis/cclyzer-souffle/tests/coreutils-8.24/chown.bc>:!965	</home/chrzissis/cclyzer-souffle/tests/coreutils-8.24/chown.bc>:!836
</home/chrzissis/cclyzer-souffle/tests/coreutils-8.24/chown.bc>:!972	</home/chrzissis/cclyzer-souffle/tests/coreutils-8.24/chown.bc>:!889
</home/chrzissis/cclyzer-souffle/tests/coreutils-8.24/chown.bc>:!991	</home/chrzissis/cclyzer-souffle/tests/coreutils-8.24/chown.bc>:!992
</home/chrzissis/cclyzer-souffle/tests/coreutils-8.24/chown.bc>:!1016	</home/chrzissis/cclyzer-souffle/tests/coreutils-8.24/chown.bc>:!1017
</home/chrzissis/cclyzer-souffle/tests/coreutils-8.24/chown.bc>:!1022	</home/chrzissis/cclyzer-souffle/tests/coreutils-8.24/chown.bc>:!1023
</home/chrzissis/cclyzer-souffle/tests/coreutils-8.24/chown.bc>:!1025	</home/chrzissis/cclyzer-souffle/tests/coreutils-8.24/chown.bc>:!1026
</home/chrzissis/cclyzer-souffle/tests/coreutils-8.24/chown.bc>:!1031	</home/chrzissis/cclyzer-souffle/tests/coreutils-8.24/chown.bc>:!1032
</home/chrzissis/cclyzer-souffle/tests/coreutils-8.24/chown.bc>:!1077	</home/chrzissis/cclyzer-souffle/tests/coreutils-8.24/chown.bc>:!1078
</home/chrzissis/cclyzer-souffle/tests/coreutils-8.24/chown.bc>:!1090	</home/chrzissis/cclyzer-souffle/tests/coreutils-8.24/chown.bc>:!1091
</home/chrzissis/cclyzer-souffle/tests/coreutils-8.24/chown.bc>:!1116	</home/chrzissis/cclyzer-souffle/tests/coreutils-8.24/chown.bc>:!1117
</home/chrzissis/cclyzer-souffle/tests/coreutils-8.24/chown.bc>:!1122	</home/chrzissis/cclyzer-souffle/tests/coreutils-8.24/chown.bc>:!1123
</home/chrzissis/cclyzer-souffle/tests/coreutils-8.24/chown.bc>:!1129	</home/chrzissis/cclyzer-souffle/tests/coreutils-8.24/chown.bc>:!1130
</home/chrzissis/cclyzer-souffle/tests/coreutils-8.24/chown.bc>:!1174	</home/chrzissis/cclyzer-souffle/tests/coreutils-8.24/chown.bc>:!1130
</home/chrzissis/cclyzer-souffle/tests/coreutils-8.24/chown.bc>:!1175	</home/chrzissis/cclyzer-souffle/tests/coreutils-8.24/chown.bc>:!1130
</home/chrzissis/cclyzer-souffle/tests/coreutils-8.24/chown.bc>:!1176	</home/chrzissis/cclyzer-souffle/tests/coreutils-8.24/chown.bc>:!1130
</home/chrzissis/cclyzer-souffle/tests/coreutils-8.24/chown.bc>:!1177	</home/chrzissis/cclyzer-souffle/tests/coreutils-8.24/chown.bc>:!1178
</home/chrzissis/cclyzer-souffle/tests/coreutils-8.24/chown.bc>:!1180	</home/chrzissis/cclyzer-souffle/tests/coreutils-8.24/chown.bc>:!1181
</home/chrzissis/cclyzer-souffle/tests/coreutils-8.24/chown.bc>:!1223	</home/chrzissis/cclyzer-souffle/tests/coreutils-8.24/chown.bc>:!1224
</home/chrzissis/cclyzer-souffle/tests/coreutils-8.24/chown.bc>:!1226	</home/chrzissis/cclyzer-souffle/tests/coreutils-8.24/chown.bc>:!1227
</home/chrzissis/cclyzer-souffle/tests/coreutils-8.24/chown.bc>:!1229	</home/chrzissis/cclyzer-souffle/tests/coreutils-8.24/chown.bc>:!1224
</home/chrzissis/cclyzer-souffle/tests/coreutils-8.24/chown.bc>:!1230	</home/chrzissis/cclyzer-souffle/tests/coreutils-8.24/chown.bc>:!1231
</home/chrzissis/cclyzer-souffle/tests/coreutils-8.24/chown.bc>:!1234	</home/chrzissis/cclyzer-souffle/tests/coreutils-8.24/chown.bc>:!1235
</home/chrzissis/cclyzer-souffle/tests/coreutils-8.24/chown.bc>:!1241	</home/chrzissis/cclyzer-souffle/tests/coreutils-8.24/chown.bc>:!1242
</home/chrzissis/cclyzer-souffle/tests/coreutils-8.24/chown.bc>:!1244	</home/chrzissis/cclyzer-souffle/tests/coreutils-8.24/chown.bc>:!1245
</home/chrzissis/cclyzer-souffle/tests/coreutils-8.24/chown.bc>:!1248	</home/chrzissis/cclyzer-souffle/tests/coreutils-8.24/chown.bc>:!1249
</home/chrzissis/cclyzer-souffle/tests/coreutils-8.24/chown.bc>:!1252	</home/chrzissis/cclyzer-souffle/tests/coreutils-8.24/chown.bc>:!1253
</home/chrzissis/cclyzer-souffle/tests/coreutils-8.24/chown.bc>:!1255	</home/chrzissis/cclyzer-souffle/tests/coreutils-8.24/chown.bc>:!1253
</home/chrzissis/cclyzer-souffle/tests/coreutils-8.24/chown.bc>:!1256	</home/chrzissis/cclyzer-souffle/tests/coreutils-8.24/chown.bc>:!1257
</home/chrzissis/cclyzer-souffle/tests/coreutils-8.24/chown.bc>:!1259	</home/chrzissis/cclyzer-souffle/tests/coreutils-8.24/chown.bc>:!1260
</home/chrzissis/cclyzer-souffle/tests/coreutils-8.24/chown.bc>:!1263	</home/chrzissis/cclyzer-souffle/tests/coreutils-8.24/chown.bc>:!1264
</home/chrzissis/cclyzer-souffle/tests/coreutils-8.24/chown.bc>:!1266	</home/chrzissis/cclyzer-souffle/tests/coreutils-8.24/chown.bc>:!1264
</home/chrzissis/cclyzer-souffle/tests/coreutils-8.24/chown.bc>:!1267	</home/chrzissis/cclyzer-souffle/tests/coreutils-8.24/chown.bc>:!1268
</home/chrzissis/cclyzer-souffle/tests/coreutils-8.24/chown.bc>:!1270	</home/chrzissis/cclyzer-souffle/tests/coreutils-8.24/chown.bc>:!919
</home/chrzissis/cclyzer-souffle/tests/coreutils-8.24/chown.bc>:!1271	</home/chrzissis/cclyzer-souffle/tests/coreutils-8.24/chown.bc>:!922
</home/chrzissis/cclyzer-souffle/tests/coreutils-8.24/chown.bc>:!1272	</home/chrzissis/cclyzer-souffle/tests/coreutils-8.24/chown.bc>:!1273
</home/chrzissis/cclyzer-souffle/tests/coreutils-8.24/chown.bc>:!1275	</home/chrzissis/cclyzer-souffle/tests/coreutils-8.24/chown.bc>:!1276
</home/chrzissis/cclyzer-souffle/tests/coreutils-8.24/chown.bc>:!1284	</home/chrzissis/cclyzer-souffle/tests/coreutils-8.24/chown.bc>:!1285
</home/chrzissis/cclyzer-souffle/tests/coreutils-8.24/chown.bc>:!1290	</home/chrzissis/cclyzer-souffle/tests/coreutils-8.24/chown.bc>:!1291
</home/chrzissis/cclyzer-souffle/tests/coreutils-8.24/chown.bc>:!1294	</home/chrzissis/cclyzer-souffle/tests/coreutils-8.24/chown.bc>:!1295
</home/chrzissis/cclyzer-souffle/tests/coreutils-8.24/chown.bc>:!1278	</home/chrzissis/cclyzer-souffle/tests/coreutils-8.24/chown.bc>:!1279
</home/chrzissis/cclyzer-souffle/tests/coreutils-8.24/chown.bc>:!1281	</home/chrzissis/cclyzer-souffle/tests/coreutils-8.24/chown.bc>:!1282
</home/chrzissis/cclyzer-souffle/tests/coreutils-8.24/chown.bc>:!1287	</home/chrzissis/cclyzer-souffle/tests/coreutils-8.24/chown.bc>:!1288
</home/chrzissis/cclyzer-souffle/tests/coreutils-8.24/chown.bc>:!1306	</home/chrzissis/cclyzer-souffle/tests/coreutils-8.24/chown.bc>:!1307
</home/chrzissis/cclyzer-souffle/tests/coreutils-8.24/chown.bc>:!1318	</home/chrzissis/cclyzer-souffle/tests/coreutils-8.24/chown.bc>:!1319
</home/chrzissis/cclyzer-souffle/tests/coreutils-8.24/chown.bc>:!1323	</home/chrzissis/cclyzer-souffle/tests/coreutils-8.24/chown.bc>:!1324
</home/chrzissis/cclyzer-souffle/tests/coreutils-8.24/chown.bc>:!1326	</home/chrzissis/cclyzer-souffle/tests/coreutils-8.24/chown.bc>:!1327
</home/chrzissis/cclyzer-souffle/tests/coreutils-8.24/chown.bc>:!1671	</home/chrzissis/cclyzer-souffle/tests/coreutils-8.24/chown.bc>:!1672
</home/chrzissis/cclyzer-souffle/tests/coreutils-8.24/chown.bc>:!1674	</home/chrzissis/cclyzer-souffle/tests/coreutils-8.24/chown.bc>:!1672
</home/chrzissis/cclyzer-souffle/tests/coreutils-8.24/chown.bc>:!1681	</home/chrzissis/cclyzer-souffle/tests/coreutils-8.24/chown.bc>:!1682
</home/chrzissis/cclyzer-souffle/tests/coreutils-8.24/chown.bc>:!1687	</home/chrzissis/cclyzer-souffle/tests/coreutils-8.24/chown.bc>:!1026
</home/chrzissis/cclyzer-souffle/tests/coreutils-8.24/chown.bc>:!1691	</home/chrzissis/cclyzer-souffle/tests/coreutils-8.24/chown.bc>:!1026
</home/chrzissis/cclyzer-souffle/tests/coreutils-8.24/chown.bc>:!1695	</home/chrzissis/cclyzer-souffle/tests/coreutils-8.24/chown.bc>:!1696
</home/chrzissis/cclyzer-souffle/tests/coreutils-8.24/chown.bc>:!1741	</home/chrzissis/cclyzer-souffle/tests/coreutils-8.24/chown.bc>:!1742
</home/chrzissis/cclyzer-souffle/tests/coreutils-8.24/chown.bc>:!1749	</home/chrzissis/cclyzer-souffle/tests/coreutils-8.24/chown.bc>:!1750
</home/chrzissis/cclyzer-souffle/tests/coreutils-8.24/chown.bc>:!1792	</home/chrzissis/cclyzer-souffle/tests/coreutils-8.24/chown.bc>:!1793
</home/chrzissis/cclyzer-souffle/tests/coreutils-8.24/chown.bc>:!1798	</home/chrzissis/cclyzer-souffle/tests/coreutils-8.24/chown.bc>:!1799
</home/chrzissis/cclyzer-souffle/tests/coreutils-8.24/chown.bc>:!1845	</home/chrzissis/cclyzer-souffle/tests/coreutils-8.24/chown.bc>:!1847
</home/chrzissis/cclyzer-souffle/tests/coreutils-8.24/chown.bc>:!1850	</home/chrzissis/cclyzer-souffle/tests/coreutils-8.24/chown.bc>:!1847
</home/chrzissis/cclyzer-souffle/tests/coreutils-8.24/chown.bc>:!1851	</home/chrzissis/cclyzer-souffle/tests/coreutils-8.24/chown.bc>:!1852
</home/chrzissis/cclyzer-souffle/tests/coreutils-8.24/chown.bc>:!1855	</home/chrzissis/cclyzer-souffle/tests/coreutils-8.24/chown.bc>:!1852
</home/chrzissis/cclyzer-souffle/tests/coreutils-8.24/chown.bc>:!1856	</home/chrzissis/cclyzer-souffle/tests/coreutils-8.24/chown.bc>:!1857
</home/chrzissis/cclyzer-souffle/tests/coreutils-8.24/chown.bc>:!1859	</home/chrzissis/cclyzer-souffle/tests/coreutils-8.24/chown.bc>:!1857
</home/chrzissis/cclyzer-souffle/tests/coreutils-8.24/chown.bc>:!1860	</home/chrzissis/cclyzer-souffle/tests/coreutils-8.24/chown.bc>:!1861
</home/chrzissis/cclyzer-souffle/tests/coreutils-8.24/chown.bc>:!1864	</home/chrzissis/cclyzer-souffle/tests/coreutils-8.24/chown.bc>:!1861
</home/chrzissis/cclyzer-souffle/tests/coreutils-8.24/chown.bc>:!1865	</home/chrzissis/cclyzer-souffle/tests/coreutils-8.24/chown.bc>:!1866
</home/chrzissis/cclyzer-souffle/tests/coreutils-8.24/chown.bc>:!1869	</home/chrzissis/cclyzer-souffle/tests/coreutils-8.24/chown.bc>:!1866
</home/chrzissis/cclyzer-souffle/tests/coreutils-8.24/chown.bc>:!1873	</home/chrzissis/cclyzer-souffle/tests/coreutils-8.24/chown.bc>:!947
</home/chrzissis/cclyzer-souffle/tests/coreutils-8.24/chown.bc>:!1874	</home/chrzissis/cclyzer-souffle/tests/coreutils-8.24/chown.bc>:!947
</home/chrzissis/cclyzer-souffle/tests/coreutils-8.24/chown.bc>:!1875	</home/chrzissis/cclyzer-souffle/tests/coreutils-8.24/chown.bc>:!947
</home/chrzissis/cclyzer-souffle/tests/coreutils-8.24/chown.bc>:!1876	</home/chrzissis/cclyzer-souffle/tests/coreutils-8.24/chown.bc>:!947
</home/chrzissis/cclyzer-souffle/tests/coreutils-8.24/chown.bc>:!1877	</home/chrzissis/cclyzer-souffle/tests/coreutils-8.24/chown.bc>:!947
</home/chrzissis/cclyzer-souffle/tests/coreutils-8.24/chown.bc>:!1878	</home/chrzissis/cclyzer-souffle/tests/coreutils-8.24/chown.bc>:!947
</home/chrzissis/cclyzer-souffle/tests/coreutils-8.24/chown.bc>:!1879	</home/chrzissis/cclyzer-souffle/tests/coreutils-8.24/chown.bc>:!947
</home/chrzissis/cclyzer-souffle/tests/coreutils-8.24/chown.bc>:!1880	</home/chrzissis/cclyzer-souffle/tests/coreutils-8.24/chown.bc>:!947
</home/chrzissis/cclyzer-souffle/tests/coreutils-8.24/chown.bc>:!1881	</home/chrzissis/cclyzer-souffle/tests/coreutils-8.24/chown.bc>:!947
</home/chrzissis/cclyzer-souffle/tests/coreutils-8.24/chown.bc>:!1882	</home/chrzissis/cclyzer-souffle/tests/coreutils-8.24/chown.bc>:!947
</home/chrzissis/cclyzer-souffle/tests/coreutils-8.24/chown.bc>:!1883	</home/chrzissis/cclyzer-souffle/tests/coreutils-8.24/chown.bc>:!947
</home/chrzissis/cclyzer-souffle/tests/coreutils-8.24/chown.bc>:!1884	</home/chrzissis/cclyzer-souffle/tests/coreutils-8.24/chown.bc>:!947
</home/chrzissis/cclyzer-souffle/tests/coreutils-8.24/chown.bc>:!1885	</home/chrzissis/cclyzer-souffle/tests/coreutils-8.24/chown.bc>:!947
</home/chrzissis/cclyzer-souffle/tests/coreutils-8.24/chown.bc>:!1886	</home/chrzissis/cclyzer-souffle/tests/coreutils-8.24/chown.bc>:!1026
</home/chrzissis/cclyzer-souffle/tests/coreutils-8.24/chown.bc>:!1887	</home/chrzissis/cclyzer-souffle/tests/coreutils-8.24/chown.bc>:!1026
