</home/chrzissis/cclyzer-souffle/tests/coreutils-8.24/chown.bc>:!99	43
</home/chrzissis/cclyzer-souffle/tests/coreutils-8.24/chown.bc>:!101	46
</home/chrzissis/cclyzer-souffle/tests/coreutils-8.24/chown.bc>:!3	31
</home/chrzissis/cclyzer-souffle/tests/coreutils-8.24/chown.bc>:!102	49
</home/chrzissis/cclyzer-souffle/tests/coreutils-8.24/chown.bc>:!104	53
</home/chrzissis/cclyzer-souffle/tests/coreutils-8.24/chown.bc>:!106	7
</home/chrzissis/cclyzer-souffle/tests/coreutils-8.24/chown.bc>:!108	9
</home/chrzissis/cclyzer-souffle/tests/coreutils-8.24/chown.bc>:!41	48
</home/chrzissis/cclyzer-souffle/tests/coreutils-8.24/chown.bc>:!43	127
</home/chrzissis/cclyzer-souffle/tests/coreutils-8.24/chown.bc>:!109	10
</home/chrzissis/cclyzer-souffle/tests/coreutils-8.24/chown.bc>:!47	60
</home/chrzissis/cclyzer-souffle/tests/coreutils-8.24/chown.bc>:!48	124
</home/chrzissis/cclyzer-souffle/tests/coreutils-8.24/chown.bc>:!110	56
</home/chrzissis/cclyzer-souffle/tests/coreutils-8.24/chown.bc>:!111	59
</home/chrzissis/cclyzer-souffle/tests/coreutils-8.24/chown.bc>:!112	62
</home/chrzissis/cclyzer-souffle/tests/coreutils-8.24/chown.bc>:!113	65
</home/chrzissis/cclyzer-souffle/tests/coreutils-8.24/chown.bc>:!92	65
</home/chrzissis/cclyzer-souffle/tests/coreutils-8.24/chown.bc>:!93	126
</home/chrzissis/cclyzer-souffle/tests/coreutils-8.24/chown.bc>:!89	80
</home/chrzissis/cclyzer-souffle/tests/coreutils-8.24/chown.bc>:!90	125
</home/chrzissis/cclyzer-souffle/tests/coreutils-8.24/chown.bc>:!130	199
</home/chrzissis/cclyzer-souffle/tests/coreutils-8.24/chown.bc>:!132	80
</home/chrzissis/cclyzer-souffle/tests/coreutils-8.24/chown.bc>:!134	81
</home/chrzissis/cclyzer-souffle/tests/coreutils-8.24/chown.bc>:!136	201
</home/chrzissis/cclyzer-souffle/tests/coreutils-8.24/chown.bc>:!138	202
</home/chrzissis/cclyzer-souffle/tests/coreutils-8.24/chown.bc>:!139	203
</home/chrzissis/cclyzer-souffle/tests/coreutils-8.24/chown.bc>:!140	204
</home/chrzissis/cclyzer-souffle/tests/coreutils-8.24/chown.bc>:!141	205
</home/chrzissis/cclyzer-souffle/tests/coreutils-8.24/chown.bc>:!143	127
</home/chrzissis/cclyzer-souffle/tests/coreutils-8.24/chown.bc>:!145	127
</home/chrzissis/cclyzer-souffle/tests/coreutils-8.24/chown.bc>:!146	208
</home/chrzissis/cclyzer-souffle/tests/coreutils-8.24/chown.bc>:!148	209
</home/chrzissis/cclyzer-souffle/tests/coreutils-8.24/chown.bc>:!149	210
</home/chrzissis/cclyzer-souffle/tests/coreutils-8.24/chown.bc>:!150	211
</home/chrzissis/cclyzer-souffle/tests/coreutils-8.24/chown.bc>:!151	212
</home/chrzissis/cclyzer-souffle/tests/coreutils-8.24/chown.bc>:!152	213
</home/chrzissis/cclyzer-souffle/tests/coreutils-8.24/chown.bc>:!153	214
</home/chrzissis/cclyzer-souffle/tests/coreutils-8.24/chown.bc>:!154	62
</home/chrzissis/cclyzer-souffle/tests/coreutils-8.24/chown.bc>:!156	216
</home/chrzissis/cclyzer-souffle/tests/coreutils-8.24/chown.bc>:!157	220
</home/chrzissis/cclyzer-souffle/tests/coreutils-8.24/chown.bc>:!158	51
</home/chrzissis/cclyzer-souffle/tests/coreutils-8.24/chown.bc>:!159	222
</home/chrzissis/cclyzer-souffle/tests/coreutils-8.24/chown.bc>:!160	223
</home/chrzissis/cclyzer-souffle/tests/coreutils-8.24/chown.bc>:!161	75
</home/chrzissis/cclyzer-souffle/tests/coreutils-8.24/chown.bc>:!162	130
</home/chrzissis/cclyzer-souffle/tests/coreutils-8.24/chown.bc>:!163	239
</home/chrzissis/cclyzer-souffle/tests/coreutils-8.24/chown.bc>:!165	243
</home/chrzissis/cclyzer-souffle/tests/coreutils-8.24/chown.bc>:!166	249
</home/chrzissis/cclyzer-souffle/tests/coreutils-8.24/chown.bc>:!167	251
</home/chrzissis/cclyzer-souffle/tests/coreutils-8.24/chown.bc>:!169	46
</home/chrzissis/cclyzer-souffle/tests/coreutils-8.24/chown.bc>:!172	48
</home/chrzissis/cclyzer-souffle/tests/coreutils-8.24/chown.bc>:!173	53
</home/chrzissis/cclyzer-souffle/tests/coreutils-8.24/chown.bc>:!174	61
</home/chrzissis/cclyzer-souffle/tests/coreutils-8.24/chown.bc>:!175	62
</home/chrzissis/cclyzer-souffle/tests/coreutils-8.24/chown.bc>:!176	129
</home/chrzissis/cclyzer-souffle/tests/coreutils-8.24/chown.bc>:!177	64
</home/chrzissis/cclyzer-souffle/tests/coreutils-8.24/chown.bc>:!178	65
</home/chrzissis/cclyzer-souffle/tests/coreutils-8.24/chown.bc>:!179	67
</home/chrzissis/cclyzer-souffle/tests/coreutils-8.24/chown.bc>:!180	69
</home/chrzissis/cclyzer-souffle/tests/coreutils-8.24/chown.bc>:!181	74
</home/chrzissis/cclyzer-souffle/tests/coreutils-8.24/chown.bc>:!182	131
</home/chrzissis/cclyzer-souffle/tests/coreutils-8.24/chown.bc>:!183	78
</home/chrzissis/cclyzer-souffle/tests/coreutils-8.24/chown.bc>:!184	153
</home/chrzissis/cclyzer-souffle/tests/coreutils-8.24/chown.bc>:!185	80
</home/chrzissis/cclyzer-souffle/tests/coreutils-8.24/chown.bc>:!186	158
</home/chrzissis/cclyzer-souffle/tests/coreutils-8.24/chown.bc>:!187	91
</home/chrzissis/cclyzer-souffle/tests/coreutils-8.24/chown.bc>:!188	120
</home/chrzissis/cclyzer-souffle/tests/coreutils-8.24/chown.bc>:!191	122
</home/chrzissis/cclyzer-souffle/tests/coreutils-8.24/chown.bc>:!192	139
</home/chrzissis/cclyzer-souffle/tests/coreutils-8.24/chown.bc>:!193	123
</home/chrzissis/cclyzer-souffle/tests/coreutils-8.24/chown.bc>:!194	175
</home/chrzissis/cclyzer-souffle/tests/coreutils-8.24/chown.bc>:!195	92
</home/chrzissis/cclyzer-souffle/tests/coreutils-8.24/chown.bc>:!196	93
</home/chrzissis/cclyzer-souffle/tests/coreutils-8.24/chown.bc>:!197	106
</home/chrzissis/cclyzer-souffle/tests/coreutils-8.24/chown.bc>:!203	252
</home/chrzissis/cclyzer-souffle/tests/coreutils-8.24/chown.bc>:!207	82
</home/chrzissis/cclyzer-souffle/tests/coreutils-8.24/chown.bc>:!208	83
</home/chrzissis/cclyzer-souffle/tests/coreutils-8.24/chown.bc>:!210	84
</home/chrzissis/cclyzer-souffle/tests/coreutils-8.24/chown.bc>:!211	85
</home/chrzissis/cclyzer-souffle/tests/coreutils-8.24/chown.bc>:!212	86
</home/chrzissis/cclyzer-souffle/tests/coreutils-8.24/chown.bc>:!213	87
</home/chrzissis/cclyzer-souffle/tests/coreutils-8.24/chown.bc>:!214	89
</home/chrzissis/cclyzer-souffle/tests/coreutils-8.24/chown.bc>:!215	90
</home/chrzissis/cclyzer-souffle/tests/coreutils-8.24/chown.bc>:!216	91
</home/chrzissis/cclyzer-souffle/tests/coreutils-8.24/chown.bc>:!223	162
</home/chrzissis/cclyzer-souffle/tests/coreutils-8.24/chown.bc>:!224	171
</home/chrzissis/cclyzer-souffle/tests/coreutils-8.24/chown.bc>:!226	171
</home/chrzissis/cclyzer-souffle/tests/coreutils-8.24/chown.bc>:!227	193
</home/chrzissis/cclyzer-souffle/tests/coreutils-8.24/chown.bc>:!228	173
</home/chrzissis/cclyzer-souffle/tests/coreutils-8.24/chown.bc>:!230	186
</home/chrzissis/cclyzer-souffle/tests/coreutils-8.24/chown.bc>:!231	192
</home/chrzissis/cclyzer-souffle/tests/coreutils-8.24/chown.bc>:!233	192
</home/chrzissis/cclyzer-souffle/tests/coreutils-8.24/chown.bc>:!234	198
</home/chrzissis/cclyzer-souffle/tests/coreutils-8.24/chown.bc>:!235	39
</home/chrzissis/cclyzer-souffle/tests/coreutils-8.24/chown.bc>:!237	31
</home/chrzissis/cclyzer-souffle/tests/coreutils-8.24/chown.bc>:!239	33
</home/chrzissis/cclyzer-souffle/tests/coreutils-8.24/chown.bc>:!243	34
</home/chrzissis/cclyzer-souffle/tests/coreutils-8.24/chown.bc>:!244	35
</home/chrzissis/cclyzer-souffle/tests/coreutils-8.24/chown.bc>:!245	36
</home/chrzissis/cclyzer-souffle/tests/coreutils-8.24/chown.bc>:!246	37
</home/chrzissis/cclyzer-souffle/tests/coreutils-8.24/chown.bc>:!248	253
</home/chrzissis/cclyzer-souffle/tests/coreutils-8.24/chown.bc>:!75	39
</home/chrzissis/cclyzer-souffle/tests/coreutils-8.24/chown.bc>:!82	23
</home/chrzissis/cclyzer-souffle/tests/coreutils-8.24/chown.bc>:!291	135
</home/chrzissis/cclyzer-souffle/tests/coreutils-8.24/chown.bc>:!346	55
</home/chrzissis/cclyzer-souffle/tests/coreutils-8.24/chown.bc>:!348	58
</home/chrzissis/cclyzer-souffle/tests/coreutils-8.24/chown.bc>:!308	32
</home/chrzissis/cclyzer-souffle/tests/coreutils-8.24/chown.bc>:!349	61
</home/chrzissis/cclyzer-souffle/tests/coreutils-8.24/chown.bc>:!350	65
</home/chrzissis/cclyzer-souffle/tests/coreutils-8.24/chown.bc>:!354	68
</home/chrzissis/cclyzer-souffle/tests/coreutils-8.24/chown.bc>:!355	71
</home/chrzissis/cclyzer-souffle/tests/coreutils-8.24/chown.bc>:!482	7
</home/chrzissis/cclyzer-souffle/tests/coreutils-8.24/chown.bc>:!484	9
</home/chrzissis/cclyzer-souffle/tests/coreutils-8.24/chown.bc>:!485	10
</home/chrzissis/cclyzer-souffle/tests/coreutils-8.24/chown.bc>:!523	48
</home/chrzissis/cclyzer-souffle/tests/coreutils-8.24/chown.bc>:!525	245
</home/chrzissis/cclyzer-souffle/tests/coreutils-8.24/chown.bc>:!528	246
</home/chrzissis/cclyzer-souffle/tests/coreutils-8.24/chown.bc>:!529	251
</home/chrzissis/cclyzer-souffle/tests/coreutils-8.24/chown.bc>:!530	252
</home/chrzissis/cclyzer-souffle/tests/coreutils-8.24/chown.bc>:!531	253
</home/chrzissis/cclyzer-souffle/tests/coreutils-8.24/chown.bc>:!532	254
</home/chrzissis/cclyzer-souffle/tests/coreutils-8.24/chown.bc>:!533	255
</home/chrzissis/cclyzer-souffle/tests/coreutils-8.24/chown.bc>:!534	256
</home/chrzissis/cclyzer-souffle/tests/coreutils-8.24/chown.bc>:!535	257
</home/chrzissis/cclyzer-souffle/tests/coreutils-8.24/chown.bc>:!536	258
</home/chrzissis/cclyzer-souffle/tests/coreutils-8.24/chown.bc>:!537	260
</home/chrzissis/cclyzer-souffle/tests/coreutils-8.24/chown.bc>:!538	261
</home/chrzissis/cclyzer-souffle/tests/coreutils-8.24/chown.bc>:!539	262
</home/chrzissis/cclyzer-souffle/tests/coreutils-8.24/chown.bc>:!540	264
</home/chrzissis/cclyzer-souffle/tests/coreutils-8.24/chown.bc>:!542	160
</home/chrzissis/cclyzer-souffle/tests/coreutils-8.24/chown.bc>:!544	161
</home/chrzissis/cclyzer-souffle/tests/coreutils-8.24/chown.bc>:!545	162
</home/chrzissis/cclyzer-souffle/tests/coreutils-8.24/chown.bc>:!547	166
</home/chrzissis/cclyzer-souffle/tests/coreutils-8.24/chown.bc>:!548	266
</home/chrzissis/cclyzer-souffle/tests/coreutils-8.24/chown.bc>:!549	268
</home/chrzissis/cclyzer-souffle/tests/coreutils-8.24/chown.bc>:!550	272
</home/chrzissis/cclyzer-souffle/tests/coreutils-8.24/chown.bc>:!551	274
</home/chrzissis/cclyzer-souffle/tests/coreutils-8.24/chown.bc>:!552	278
</home/chrzissis/cclyzer-souffle/tests/coreutils-8.24/chown.bc>:!553	279
</home/chrzissis/cclyzer-souffle/tests/coreutils-8.24/chown.bc>:!555	280
</home/chrzissis/cclyzer-souffle/tests/coreutils-8.24/chown.bc>:!557	284
</home/chrzissis/cclyzer-souffle/tests/coreutils-8.24/chown.bc>:!559	154
</home/chrzissis/cclyzer-souffle/tests/coreutils-8.24/chown.bc>:!560	293
</home/chrzissis/cclyzer-souffle/tests/coreutils-8.24/chown.bc>:!561	132
</home/chrzissis/cclyzer-souffle/tests/coreutils-8.24/chown.bc>:!562	302
</home/chrzissis/cclyzer-souffle/tests/coreutils-8.24/chown.bc>:!563	303
</home/chrzissis/cclyzer-souffle/tests/coreutils-8.24/chown.bc>:!564	304
</home/chrzissis/cclyzer-souffle/tests/coreutils-8.24/chown.bc>:!565	305
</home/chrzissis/cclyzer-souffle/tests/coreutils-8.24/chown.bc>:!566	306
</home/chrzissis/cclyzer-souffle/tests/coreutils-8.24/chown.bc>:!567	308
</home/chrzissis/cclyzer-souffle/tests/coreutils-8.24/chown.bc>:!568	310
</home/chrzissis/cclyzer-souffle/tests/coreutils-8.24/chown.bc>:!580	189
</home/chrzissis/cclyzer-souffle/tests/coreutils-8.24/chown.bc>:!581	189
</home/chrzissis/cclyzer-souffle/tests/coreutils-8.24/chown.bc>:!583	189
</home/chrzissis/cclyzer-souffle/tests/coreutils-8.24/chown.bc>:!584	189
</home/chrzissis/cclyzer-souffle/tests/coreutils-8.24/chown.bc>:!585	189
</home/chrzissis/cclyzer-souffle/tests/coreutils-8.24/chown.bc>:!586	189
</home/chrzissis/cclyzer-souffle/tests/coreutils-8.24/chown.bc>:!647	199
</home/chrzissis/cclyzer-souffle/tests/coreutils-8.24/chown.bc>:!648	80
</home/chrzissis/cclyzer-souffle/tests/coreutils-8.24/chown.bc>:!650	81
</home/chrzissis/cclyzer-souffle/tests/coreutils-8.24/chown.bc>:!652	201
</home/chrzissis/cclyzer-souffle/tests/coreutils-8.24/chown.bc>:!654	202
</home/chrzissis/cclyzer-souffle/tests/coreutils-8.24/chown.bc>:!655	203
</home/chrzissis/cclyzer-souffle/tests/coreutils-8.24/chown.bc>:!656	204
</home/chrzissis/cclyzer-souffle/tests/coreutils-8.24/chown.bc>:!657	205
</home/chrzissis/cclyzer-souffle/tests/coreutils-8.24/chown.bc>:!658	208
</home/chrzissis/cclyzer-souffle/tests/coreutils-8.24/chown.bc>:!659	209
</home/chrzissis/cclyzer-souffle/tests/coreutils-8.24/chown.bc>:!660	210
</home/chrzissis/cclyzer-souffle/tests/coreutils-8.24/chown.bc>:!661	211
</home/chrzissis/cclyzer-souffle/tests/coreutils-8.24/chown.bc>:!662	212
</home/chrzissis/cclyzer-souffle/tests/coreutils-8.24/chown.bc>:!663	213
</home/chrzissis/cclyzer-souffle/tests/coreutils-8.24/chown.bc>:!664	214
</home/chrzissis/cclyzer-souffle/tests/coreutils-8.24/chown.bc>:!665	216
</home/chrzissis/cclyzer-souffle/tests/coreutils-8.24/chown.bc>:!666	220
</home/chrzissis/cclyzer-souffle/tests/coreutils-8.24/chown.bc>:!667	222
</home/chrzissis/cclyzer-souffle/tests/coreutils-8.24/chown.bc>:!668	223
</home/chrzissis/cclyzer-souffle/tests/coreutils-8.24/chown.bc>:!669	239
</home/chrzissis/cclyzer-souffle/tests/coreutils-8.24/chown.bc>:!670	243
</home/chrzissis/cclyzer-souffle/tests/coreutils-8.24/chown.bc>:!671	249
</home/chrzissis/cclyzer-souffle/tests/coreutils-8.24/chown.bc>:!672	251
</home/chrzissis/cclyzer-souffle/tests/coreutils-8.24/chown.bc>:!674	46
</home/chrzissis/cclyzer-souffle/tests/coreutils-8.24/chown.bc>:!676	48
</home/chrzissis/cclyzer-souffle/tests/coreutils-8.24/chown.bc>:!677	53
</home/chrzissis/cclyzer-souffle/tests/coreutils-8.24/chown.bc>:!678	61
</home/chrzissis/cclyzer-souffle/tests/coreutils-8.24/chown.bc>:!679	62
</home/chrzissis/cclyzer-souffle/tests/coreutils-8.24/chown.bc>:!680	64
</home/chrzissis/cclyzer-souffle/tests/coreutils-8.24/chown.bc>:!681	65
</home/chrzissis/cclyzer-souffle/tests/coreutils-8.24/chown.bc>:!682	67
</home/chrzissis/cclyzer-souffle/tests/coreutils-8.24/chown.bc>:!683	69
</home/chrzissis/cclyzer-souffle/tests/coreutils-8.24/chown.bc>:!684	74
</home/chrzissis/cclyzer-souffle/tests/coreutils-8.24/chown.bc>:!685	78
</home/chrzissis/cclyzer-souffle/tests/coreutils-8.24/chown.bc>:!686	80
</home/chrzissis/cclyzer-souffle/tests/coreutils-8.24/chown.bc>:!687	91
</home/chrzissis/cclyzer-souffle/tests/coreutils-8.24/chown.bc>:!688	120
</home/chrzissis/cclyzer-souffle/tests/coreutils-8.24/chown.bc>:!690	122
</home/chrzissis/cclyzer-souffle/tests/coreutils-8.24/chown.bc>:!691	123
</home/chrzissis/cclyzer-souffle/tests/coreutils-8.24/chown.bc>:!692	92
</home/chrzissis/cclyzer-souffle/tests/coreutils-8.24/chown.bc>:!693	93
</home/chrzissis/cclyzer-souffle/tests/coreutils-8.24/chown.bc>:!694	106
</home/chrzissis/cclyzer-souffle/tests/coreutils-8.24/chown.bc>:!695	252
</home/chrzissis/cclyzer-souffle/tests/coreutils-8.24/chown.bc>:!696	82
</home/chrzissis/cclyzer-souffle/tests/coreutils-8.24/chown.bc>:!697	83
</home/chrzissis/cclyzer-souffle/tests/coreutils-8.24/chown.bc>:!699	84
</home/chrzissis/cclyzer-souffle/tests/coreutils-8.24/chown.bc>:!700	85
</home/chrzissis/cclyzer-souffle/tests/coreutils-8.24/chown.bc>:!701	86
</home/chrzissis/cclyzer-souffle/tests/coreutils-8.24/chown.bc>:!702	87
</home/chrzissis/cclyzer-souffle/tests/coreutils-8.24/chown.bc>:!703	89
</home/chrzissis/cclyzer-souffle/tests/coreutils-8.24/chown.bc>:!704	90
</home/chrzissis/cclyzer-souffle/tests/coreutils-8.24/chown.bc>:!705	91
</home/chrzissis/cclyzer-souffle/tests/coreutils-8.24/chown.bc>:!712	162
</home/chrzissis/cclyzer-souffle/tests/coreutils-8.24/chown.bc>:!713	171
</home/chrzissis/cclyzer-souffle/tests/coreutils-8.24/chown.bc>:!714	193
</home/chrzissis/cclyzer-souffle/tests/coreutils-8.24/chown.bc>:!715	173
</home/chrzissis/cclyzer-souffle/tests/coreutils-8.24/chown.bc>:!717	186
</home/chrzissis/cclyzer-souffle/tests/coreutils-8.24/chown.bc>:!718	192
</home/chrzissis/cclyzer-souffle/tests/coreutils-8.24/chown.bc>:!719	198
</home/chrzissis/cclyzer-souffle/tests/coreutils-8.24/chown.bc>:!720	39
</home/chrzissis/cclyzer-souffle/tests/coreutils-8.24/chown.bc>:!721	31
</home/chrzissis/cclyzer-souffle/tests/coreutils-8.24/chown.bc>:!723	33
</home/chrzissis/cclyzer-souffle/tests/coreutils-8.24/chown.bc>:!724	34
</home/chrzissis/cclyzer-souffle/tests/coreutils-8.24/chown.bc>:!725	35
</home/chrzissis/cclyzer-souffle/tests/coreutils-8.24/chown.bc>:!726	36
</home/chrzissis/cclyzer-souffle/tests/coreutils-8.24/chown.bc>:!727	37
</home/chrzissis/cclyzer-souffle/tests/coreutils-8.24/chown.bc>:!736	253
</home/chrzissis/cclyzer-souffle/tests/coreutils-8.24/chown.bc>:!751	39
</home/chrzissis/cclyzer-souffle/tests/coreutils-8.24/chown.bc>:!489	26
</home/chrzissis/cclyzer-souffle/tests/coreutils-8.24/chown.bc>:!776	199
</home/chrzissis/cclyzer-souffle/tests/coreutils-8.24/chown.bc>:!777	80
</home/chrzissis/cclyzer-souffle/tests/coreutils-8.24/chown.bc>:!779	81
</home/chrzissis/cclyzer-souffle/tests/coreutils-8.24/chown.bc>:!781	201
</home/chrzissis/cclyzer-souffle/tests/coreutils-8.24/chown.bc>:!783	202
</home/chrzissis/cclyzer-souffle/tests/coreutils-8.24/chown.bc>:!784	203
</home/chrzissis/cclyzer-souffle/tests/coreutils-8.24/chown.bc>:!785	204
</home/chrzissis/cclyzer-souffle/tests/coreutils-8.24/chown.bc>:!786	205
</home/chrzissis/cclyzer-souffle/tests/coreutils-8.24/chown.bc>:!787	208
</home/chrzissis/cclyzer-souffle/tests/coreutils-8.24/chown.bc>:!788	209
</home/chrzissis/cclyzer-souffle/tests/coreutils-8.24/chown.bc>:!789	210
</home/chrzissis/cclyzer-souffle/tests/coreutils-8.24/chown.bc>:!790	211
</home/chrzissis/cclyzer-souffle/tests/coreutils-8.24/chown.bc>:!791	212
</home/chrzissis/cclyzer-souffle/tests/coreutils-8.24/chown.bc>:!792	213
</home/chrzissis/cclyzer-souffle/tests/coreutils-8.24/chown.bc>:!793	214
</home/chrzissis/cclyzer-souffle/tests/coreutils-8.24/chown.bc>:!794	216
</home/chrzissis/cclyzer-souffle/tests/coreutils-8.24/chown.bc>:!795	220
</home/chrzissis/cclyzer-souffle/tests/coreutils-8.24/chown.bc>:!796	222
</home/chrzissis/cclyzer-souffle/tests/coreutils-8.24/chown.bc>:!797	223
</home/chrzissis/cclyzer-souffle/tests/coreutils-8.24/chown.bc>:!798	239
</home/chrzissis/cclyzer-souffle/tests/coreutils-8.24/chown.bc>:!799	243
</home/chrzissis/cclyzer-souffle/tests/coreutils-8.24/chown.bc>:!800	249
</home/chrzissis/cclyzer-souffle/tests/coreutils-8.24/chown.bc>:!801	251
</home/chrzissis/cclyzer-souffle/tests/coreutils-8.24/chown.bc>:!803	46
</home/chrzissis/cclyzer-souffle/tests/coreutils-8.24/chown.bc>:!805	48
</home/chrzissis/cclyzer-souffle/tests/coreutils-8.24/chown.bc>:!806	53
</home/chrzissis/cclyzer-souffle/tests/coreutils-8.24/chown.bc>:!807	61
</home/chrzissis/cclyzer-souffle/tests/coreutils-8.24/chown.bc>:!808	62
</home/chrzissis/cclyzer-souffle/tests/coreutils-8.24/chown.bc>:!809	64
</home/chrzissis/cclyzer-souffle/tests/coreutils-8.24/chown.bc>:!810	65
</home/chrzissis/cclyzer-souffle/tests/coreutils-8.24/chown.bc>:!811	67
</home/chrzissis/cclyzer-souffle/tests/coreutils-8.24/chown.bc>:!812	69
</home/chrzissis/cclyzer-souffle/tests/coreutils-8.24/chown.bc>:!813	74
</home/chrzissis/cclyzer-souffle/tests/coreutils-8.24/chown.bc>:!814	78
</home/chrzissis/cclyzer-souffle/tests/coreutils-8.24/chown.bc>:!815	80
</home/chrzissis/cclyzer-souffle/tests/coreutils-8.24/chown.bc>:!816	91
</home/chrzissis/cclyzer-souffle/tests/coreutils-8.24/chown.bc>:!817	120
</home/chrzissis/cclyzer-souffle/tests/coreutils-8.24/chown.bc>:!819	122
</home/chrzissis/cclyzer-souffle/tests/coreutils-8.24/chown.bc>:!820	123
</home/chrzissis/cclyzer-souffle/tests/coreutils-8.24/chown.bc>:!821	92
</home/chrzissis/cclyzer-souffle/tests/coreutils-8.24/chown.bc>:!822	93
</home/chrzissis/cclyzer-souffle/tests/coreutils-8.24/chown.bc>:!823	106
</home/chrzissis/cclyzer-souffle/tests/coreutils-8.24/chown.bc>:!824	252
</home/chrzissis/cclyzer-souffle/tests/coreutils-8.24/chown.bc>:!825	82
</home/chrzissis/cclyzer-souffle/tests/coreutils-8.24/chown.bc>:!826	83
</home/chrzissis/cclyzer-souffle/tests/coreutils-8.24/chown.bc>:!828	84
</home/chrzissis/cclyzer-souffle/tests/coreutils-8.24/chown.bc>:!829	85
</home/chrzissis/cclyzer-souffle/tests/coreutils-8.24/chown.bc>:!830	86
</home/chrzissis/cclyzer-souffle/tests/coreutils-8.24/chown.bc>:!831	87
</home/chrzissis/cclyzer-souffle/tests/coreutils-8.24/chown.bc>:!832	89
</home/chrzissis/cclyzer-souffle/tests/coreutils-8.24/chown.bc>:!833	90
</home/chrzissis/cclyzer-souffle/tests/coreutils-8.24/chown.bc>:!834	91
</home/chrzissis/cclyzer-souffle/tests/coreutils-8.24/chown.bc>:!841	162
</home/chrzissis/cclyzer-souffle/tests/coreutils-8.24/chown.bc>:!842	171
</home/chrzissis/cclyzer-souffle/tests/coreutils-8.24/chown.bc>:!843	193
</home/chrzissis/cclyzer-souffle/tests/coreutils-8.24/chown.bc>:!844	173
</home/chrzissis/cclyzer-souffle/tests/coreutils-8.24/chown.bc>:!846	186
</home/chrzissis/cclyzer-souffle/tests/coreutils-8.24/chown.bc>:!847	192
</home/chrzissis/cclyzer-souffle/tests/coreutils-8.24/chown.bc>:!849	28
</home/chrzissis/cclyzer-souffle/tests/coreutils-8.24/chown.bc>:!852	30
</home/chrzissis/cclyzer-souffle/tests/coreutils-8.24/chown.bc>:!853	7
</home/chrzissis/cclyzer-souffle/tests/coreutils-8.24/chown.bc>:!855	9
</home/chrzissis/cclyzer-souffle/tests/coreutils-8.24/chown.bc>:!856	10
</home/chrzissis/cclyzer-souffle/tests/coreutils-8.24/chown.bc>:!857	31
</home/chrzissis/cclyzer-souffle/tests/coreutils-8.24/chown.bc>:!858	32
</home/chrzissis/cclyzer-souffle/tests/coreutils-8.24/chown.bc>:!859	198
</home/chrzissis/cclyzer-souffle/tests/coreutils-8.24/chown.bc>:!860	39
</home/chrzissis/cclyzer-souffle/tests/coreutils-8.24/chown.bc>:!861	31
</home/chrzissis/cclyzer-souffle/tests/coreutils-8.24/chown.bc>:!863	33
</home/chrzissis/cclyzer-souffle/tests/coreutils-8.24/chown.bc>:!864	34
</home/chrzissis/cclyzer-souffle/tests/coreutils-8.24/chown.bc>:!865	35
</home/chrzissis/cclyzer-souffle/tests/coreutils-8.24/chown.bc>:!866	36
</home/chrzissis/cclyzer-souffle/tests/coreutils-8.24/chown.bc>:!867	37
</home/chrzissis/cclyzer-souffle/tests/coreutils-8.24/chown.bc>:!894	253
</home/chrzissis/cclyzer-souffle/tests/coreutils-8.24/chown.bc>:!995	90
</home/chrzissis/cclyzer-souffle/tests/coreutils-8.24/chown.bc>:!997	106
</home/chrzissis/cclyzer-souffle/tests/coreutils-8.24/chown.bc>:!999	94
</home/chrzissis/cclyzer-souffle/tests/coreutils-8.24/chown.bc>:!1000	82
</home/chrzissis/cclyzer-souffle/tests/coreutils-8.24/chown.bc>:!1002	84
</home/chrzissis/cclyzer-souffle/tests/coreutils-8.24/chown.bc>:!1003	93
</home/chrzissis/cclyzer-souffle/tests/coreutils-8.24/chown.bc>:!1004	85
</home/chrzissis/cclyzer-souffle/tests/coreutils-8.24/chown.bc>:!1006	88
</home/chrzissis/cclyzer-souffle/tests/coreutils-8.24/chown.bc>:!1007	92
</home/chrzissis/cclyzer-souffle/tests/coreutils-8.24/chown.bc>:!1035	48
</home/chrzissis/cclyzer-souffle/tests/coreutils-8.24/chown.bc>:!1036	245
</home/chrzissis/cclyzer-souffle/tests/coreutils-8.24/chown.bc>:!1038	246
</home/chrzissis/cclyzer-souffle/tests/coreutils-8.24/chown.bc>:!1039	251
</home/chrzissis/cclyzer-souffle/tests/coreutils-8.24/chown.bc>:!1040	252
</home/chrzissis/cclyzer-souffle/tests/coreutils-8.24/chown.bc>:!1041	253
</home/chrzissis/cclyzer-souffle/tests/coreutils-8.24/chown.bc>:!1042	254
</home/chrzissis/cclyzer-souffle/tests/coreutils-8.24/chown.bc>:!1043	255
</home/chrzissis/cclyzer-souffle/tests/coreutils-8.24/chown.bc>:!1044	256
</home/chrzissis/cclyzer-souffle/tests/coreutils-8.24/chown.bc>:!1045	257
</home/chrzissis/cclyzer-souffle/tests/coreutils-8.24/chown.bc>:!1046	258
</home/chrzissis/cclyzer-souffle/tests/coreutils-8.24/chown.bc>:!1047	260
</home/chrzissis/cclyzer-souffle/tests/coreutils-8.24/chown.bc>:!1048	261
</home/chrzissis/cclyzer-souffle/tests/coreutils-8.24/chown.bc>:!1049	262
</home/chrzissis/cclyzer-souffle/tests/coreutils-8.24/chown.bc>:!1050	264
</home/chrzissis/cclyzer-souffle/tests/coreutils-8.24/chown.bc>:!1052	160
</home/chrzissis/cclyzer-souffle/tests/coreutils-8.24/chown.bc>:!1054	161
</home/chrzissis/cclyzer-souffle/tests/coreutils-8.24/chown.bc>:!1055	162
</home/chrzissis/cclyzer-souffle/tests/coreutils-8.24/chown.bc>:!1057	166
</home/chrzissis/cclyzer-souffle/tests/coreutils-8.24/chown.bc>:!1058	266
</home/chrzissis/cclyzer-souffle/tests/coreutils-8.24/chown.bc>:!1059	268
</home/chrzissis/cclyzer-souffle/tests/coreutils-8.24/chown.bc>:!1060	272
</home/chrzissis/cclyzer-souffle/tests/coreutils-8.24/chown.bc>:!1061	274
</home/chrzissis/cclyzer-souffle/tests/coreutils-8.24/chown.bc>:!1062	278
</home/chrzissis/cclyzer-souffle/tests/coreutils-8.24/chown.bc>:!1063	279
</home/chrzissis/cclyzer-souffle/tests/coreutils-8.24/chown.bc>:!1064	280
</home/chrzissis/cclyzer-souffle/tests/coreutils-8.24/chown.bc>:!1065	284
</home/chrzissis/cclyzer-souffle/tests/coreutils-8.24/chown.bc>:!1066	293
</home/chrzissis/cclyzer-souffle/tests/coreutils-8.24/chown.bc>:!1067	302
</home/chrzissis/cclyzer-souffle/tests/coreutils-8.24/chown.bc>:!1068	303
</home/chrzissis/cclyzer-souffle/tests/coreutils-8.24/chown.bc>:!1069	304
</home/chrzissis/cclyzer-souffle/tests/coreutils-8.24/chown.bc>:!1070	305
</home/chrzissis/cclyzer-souffle/tests/coreutils-8.24/chown.bc>:!1071	306
</home/chrzissis/cclyzer-souffle/tests/coreutils-8.24/chown.bc>:!1072	308
</home/chrzissis/cclyzer-souffle/tests/coreutils-8.24/chown.bc>:!1073	310
</home/chrzissis/cclyzer-souffle/tests/coreutils-8.24/chown.bc>:!1081	28
</home/chrzissis/cclyzer-souffle/tests/coreutils-8.24/chown.bc>:!1083	30
</home/chrzissis/cclyzer-souffle/tests/coreutils-8.24/chown.bc>:!1084	7
</home/chrzissis/cclyzer-souffle/tests/coreutils-8.24/chown.bc>:!1086	9
</home/chrzissis/cclyzer-souffle/tests/coreutils-8.24/chown.bc>:!1087	10
</home/chrzissis/cclyzer-souffle/tests/coreutils-8.24/chown.bc>:!1088	31
</home/chrzissis/cclyzer-souffle/tests/coreutils-8.24/chown.bc>:!1089	32
</home/chrzissis/cclyzer-souffle/tests/coreutils-8.24/chown.bc>:!1095	46
</home/chrzissis/cclyzer-souffle/tests/coreutils-8.24/chown.bc>:!1097	48
</home/chrzissis/cclyzer-souffle/tests/coreutils-8.24/chown.bc>:!1098	53
</home/chrzissis/cclyzer-souffle/tests/coreutils-8.24/chown.bc>:!1099	61
</home/chrzissis/cclyzer-souffle/tests/coreutils-8.24/chown.bc>:!1100	62
</home/chrzissis/cclyzer-souffle/tests/coreutils-8.24/chown.bc>:!1101	64
</home/chrzissis/cclyzer-souffle/tests/coreutils-8.24/chown.bc>:!1102	65
</home/chrzissis/cclyzer-souffle/tests/coreutils-8.24/chown.bc>:!1103	67
</home/chrzissis/cclyzer-souffle/tests/coreutils-8.24/chown.bc>:!1104	69
</home/chrzissis/cclyzer-souffle/tests/coreutils-8.24/chown.bc>:!1105	74
</home/chrzissis/cclyzer-souffle/tests/coreutils-8.24/chown.bc>:!1106	78
</home/chrzissis/cclyzer-souffle/tests/coreutils-8.24/chown.bc>:!1107	80
</home/chrzissis/cclyzer-souffle/tests/coreutils-8.24/chown.bc>:!1108	91
</home/chrzissis/cclyzer-souffle/tests/coreutils-8.24/chown.bc>:!1109	120
</home/chrzissis/cclyzer-souffle/tests/coreutils-8.24/chown.bc>:!1111	122
</home/chrzissis/cclyzer-souffle/tests/coreutils-8.24/chown.bc>:!1112	123
</home/chrzissis/cclyzer-souffle/tests/coreutils-8.24/chown.bc>:!1113	92
</home/chrzissis/cclyzer-souffle/tests/coreutils-8.24/chown.bc>:!1114	93
</home/chrzissis/cclyzer-souffle/tests/coreutils-8.24/chown.bc>:!1115	106
</home/chrzissis/cclyzer-souffle/tests/coreutils-8.24/chown.bc>:!1134	69
</home/chrzissis/cclyzer-souffle/tests/coreutils-8.24/chown.bc>:!1136	52
</home/chrzissis/cclyzer-souffle/tests/coreutils-8.24/chown.bc>:!1138	57
</home/chrzissis/cclyzer-souffle/tests/coreutils-8.24/chown.bc>:!1140	46
</home/chrzissis/cclyzer-souffle/tests/coreutils-8.24/chown.bc>:!1142	48
</home/chrzissis/cclyzer-souffle/tests/coreutils-8.24/chown.bc>:!1143	49
</home/chrzissis/cclyzer-souffle/tests/coreutils-8.24/chown.bc>:!1144	58
</home/chrzissis/cclyzer-souffle/tests/coreutils-8.24/chown.bc>:!1147	59
</home/chrzissis/cclyzer-souffle/tests/coreutils-8.24/chown.bc>:!1148	60
</home/chrzissis/cclyzer-souffle/tests/coreutils-8.24/chown.bc>:!1149	61
</home/chrzissis/cclyzer-souffle/tests/coreutils-8.24/chown.bc>:!1150	64
</home/chrzissis/cclyzer-souffle/tests/coreutils-8.24/chown.bc>:!1153	65
</home/chrzissis/cclyzer-souffle/tests/coreutils-8.24/chown.bc>:!1154	53
</home/chrzissis/cclyzer-souffle/tests/coreutils-8.24/chown.bc>:!1156	58
</home/chrzissis/cclyzer-souffle/tests/coreutils-8.24/chown.bc>:!1158	59
</home/chrzissis/cclyzer-souffle/tests/coreutils-8.24/chown.bc>:!1159	60
</home/chrzissis/cclyzer-souffle/tests/coreutils-8.24/chown.bc>:!1160	61
</home/chrzissis/cclyzer-souffle/tests/coreutils-8.24/chown.bc>:!1161	62
</home/chrzissis/cclyzer-souffle/tests/coreutils-8.24/chown.bc>:!1162	71
</home/chrzissis/cclyzer-souffle/tests/coreutils-8.24/chown.bc>:!1163	48
</home/chrzissis/cclyzer-souffle/tests/coreutils-8.24/chown.bc>:!1165	72
</home/chrzissis/cclyzer-souffle/tests/coreutils-8.24/chown.bc>:!1166	49
</home/chrzissis/cclyzer-souffle/tests/coreutils-8.24/chown.bc>:!1168	73
</home/chrzissis/cclyzer-souffle/tests/coreutils-8.24/chown.bc>:!1169	50
</home/chrzissis/cclyzer-souffle/tests/coreutils-8.24/chown.bc>:!1173	76
</home/chrzissis/cclyzer-souffle/tests/coreutils-8.24/chown.bc>:!1184	48
</home/chrzissis/cclyzer-souffle/tests/coreutils-8.24/chown.bc>:!1185	245
</home/chrzissis/cclyzer-souffle/tests/coreutils-8.24/chown.bc>:!1187	246
</home/chrzissis/cclyzer-souffle/tests/coreutils-8.24/chown.bc>:!1188	251
</home/chrzissis/cclyzer-souffle/tests/coreutils-8.24/chown.bc>:!1189	252
</home/chrzissis/cclyzer-souffle/tests/coreutils-8.24/chown.bc>:!1190	253
</home/chrzissis/cclyzer-souffle/tests/coreutils-8.24/chown.bc>:!1191	254
</home/chrzissis/cclyzer-souffle/tests/coreutils-8.24/chown.bc>:!1192	255
</home/chrzissis/cclyzer-souffle/tests/coreutils-8.24/chown.bc>:!1193	256
</home/chrzissis/cclyzer-souffle/tests/coreutils-8.24/chown.bc>:!1194	257
</home/chrzissis/cclyzer-souffle/tests/coreutils-8.24/chown.bc>:!1195	258
</home/chrzissis/cclyzer-souffle/tests/coreutils-8.24/chown.bc>:!1196	260
</home/chrzissis/cclyzer-souffle/tests/coreutils-8.24/chown.bc>:!1197	261
</home/chrzissis/cclyzer-souffle/tests/coreutils-8.24/chown.bc>:!1198	262
</home/chrzissis/cclyzer-souffle/tests/coreutils-8.24/chown.bc>:!1199	264
</home/chrzissis/cclyzer-souffle/tests/coreutils-8.24/chown.bc>:!1201	160
</home/chrzissis/cclyzer-souffle/tests/coreutils-8.24/chown.bc>:!1203	161
</home/chrzissis/cclyzer-souffle/tests/coreutils-8.24/chown.bc>:!1204	162
</home/chrzissis/cclyzer-souffle/tests/coreutils-8.24/chown.bc>:!1206	166
</home/chrzissis/cclyzer-souffle/tests/coreutils-8.24/chown.bc>:!1207	266
</home/chrzissis/cclyzer-souffle/tests/coreutils-8.24/chown.bc>:!1208	268
</home/chrzissis/cclyzer-souffle/tests/coreutils-8.24/chown.bc>:!1209	272
</home/chrzissis/cclyzer-souffle/tests/coreutils-8.24/chown.bc>:!1210	274
</home/chrzissis/cclyzer-souffle/tests/coreutils-8.24/chown.bc>:!1211	278
</home/chrzissis/cclyzer-souffle/tests/coreutils-8.24/chown.bc>:!1212	279
</home/chrzissis/cclyzer-souffle/tests/coreutils-8.24/chown.bc>:!1213	280
</home/chrzissis/cclyzer-souffle/tests/coreutils-8.24/chown.bc>:!1214	284
</home/chrzissis/cclyzer-souffle/tests/coreutils-8.24/chown.bc>:!1215	293
</home/chrzissis/cclyzer-souffle/tests/coreutils-8.24/chown.bc>:!1216	302
</home/chrzissis/cclyzer-souffle/tests/coreutils-8.24/chown.bc>:!1217	303
</home/chrzissis/cclyzer-souffle/tests/coreutils-8.24/chown.bc>:!1218	304
</home/chrzissis/cclyzer-souffle/tests/coreutils-8.24/chown.bc>:!1219	305
</home/chrzissis/cclyzer-souffle/tests/coreutils-8.24/chown.bc>:!1220	306
</home/chrzissis/cclyzer-souffle/tests/coreutils-8.24/chown.bc>:!1221	308
</home/chrzissis/cclyzer-souffle/tests/coreutils-8.24/chown.bc>:!1222	310
</home/chrzissis/cclyzer-souffle/tests/coreutils-8.24/chown.bc>:!1237	51
</home/chrzissis/cclyzer-souffle/tests/coreutils-8.24/chown.bc>:!1310	39
</home/chrzissis/cclyzer-souffle/tests/coreutils-8.24/chown.bc>:!1311	31
</home/chrzissis/cclyzer-souffle/tests/coreutils-8.24/chown.bc>:!1313	33
</home/chrzissis/cclyzer-souffle/tests/coreutils-8.24/chown.bc>:!1314	34
</home/chrzissis/cclyzer-souffle/tests/coreutils-8.24/chown.bc>:!1315	35
</home/chrzissis/cclyzer-souffle/tests/coreutils-8.24/chown.bc>:!1316	36
</home/chrzissis/cclyzer-souffle/tests/coreutils-8.24/chown.bc>:!1317	37
</home/chrzissis/cclyzer-souffle/tests/coreutils-8.24/chown.bc>:!1699	48
</home/chrzissis/cclyzer-souffle/tests/coreutils-8.24/chown.bc>:!1700	245
</home/chrzissis/cclyzer-souffle/tests/coreutils-8.24/chown.bc>:!1702	246
</home/chrzissis/cclyzer-souffle/tests/coreutils-8.24/chown.bc>:!1703	251
</home/chrzissis/cclyzer-souffle/tests/coreutils-8.24/chown.bc>:!1704	252
</home/chrzissis/cclyzer-souffle/tests/coreutils-8.24/chown.bc>:!1705	253
</home/chrzissis/cclyzer-souffle/tests/coreutils-8.24/chown.bc>:!1706	254
</home/chrzissis/cclyzer-souffle/tests/coreutils-8.24/chown.bc>:!1707	255
</home/chrzissis/cclyzer-souffle/tests/coreutils-8.24/chown.bc>:!1708	256
</home/chrzissis/cclyzer-souffle/tests/coreutils-8.24/chown.bc>:!1709	257
</home/chrzissis/cclyzer-souffle/tests/coreutils-8.24/chown.bc>:!1710	258
</home/chrzissis/cclyzer-souffle/tests/coreutils-8.24/chown.bc>:!1711	260
</home/chrzissis/cclyzer-souffle/tests/coreutils-8.24/chown.bc>:!1712	261
</home/chrzissis/cclyzer-souffle/tests/coreutils-8.24/chown.bc>:!1713	262
</home/chrzissis/cclyzer-souffle/tests/coreutils-8.24/chown.bc>:!1714	264
</home/chrzissis/cclyzer-souffle/tests/coreutils-8.24/chown.bc>:!1716	160
</home/chrzissis/cclyzer-souffle/tests/coreutils-8.24/chown.bc>:!1718	161
</home/chrzissis/cclyzer-souffle/tests/coreutils-8.24/chown.bc>:!1719	162
</home/chrzissis/cclyzer-souffle/tests/coreutils-8.24/chown.bc>:!1721	166
</home/chrzissis/cclyzer-souffle/tests/coreutils-8.24/chown.bc>:!1722	266
</home/chrzissis/cclyzer-souffle/tests/coreutils-8.24/chown.bc>:!1723	268
</home/chrzissis/cclyzer-souffle/tests/coreutils-8.24/chown.bc>:!1724	272
</home/chrzissis/cclyzer-souffle/tests/coreutils-8.24/chown.bc>:!1725	274
</home/chrzissis/cclyzer-souffle/tests/coreutils-8.24/chown.bc>:!1726	278
</home/chrzissis/cclyzer-souffle/tests/coreutils-8.24/chown.bc>:!1727	279
</home/chrzissis/cclyzer-souffle/tests/coreutils-8.24/chown.bc>:!1728	280
</home/chrzissis/cclyzer-souffle/tests/coreutils-8.24/chown.bc>:!1729	284
</home/chrzissis/cclyzer-souffle/tests/coreutils-8.24/chown.bc>:!1730	293
</home/chrzissis/cclyzer-souffle/tests/coreutils-8.24/chown.bc>:!1731	302
</home/chrzissis/cclyzer-souffle/tests/coreutils-8.24/chown.bc>:!1732	303
</home/chrzissis/cclyzer-souffle/tests/coreutils-8.24/chown.bc>:!1733	304
</home/chrzissis/cclyzer-souffle/tests/coreutils-8.24/chown.bc>:!1734	305
</home/chrzissis/cclyzer-souffle/tests/coreutils-8.24/chown.bc>:!1735	306
</home/chrzissis/cclyzer-souffle/tests/coreutils-8.24/chown.bc>:!1736	308
</home/chrzissis/cclyzer-souffle/tests/coreutils-8.24/chown.bc>:!1737	310
</home/chrzissis/cclyzer-souffle/tests/coreutils-8.24/chown.bc>:!1753	48
</home/chrzissis/cclyzer-souffle/tests/coreutils-8.24/chown.bc>:!1754	245
</home/chrzissis/cclyzer-souffle/tests/coreutils-8.24/chown.bc>:!1756	246
</home/chrzissis/cclyzer-souffle/tests/coreutils-8.24/chown.bc>:!1757	251
</home/chrzissis/cclyzer-souffle/tests/coreutils-8.24/chown.bc>:!1758	252
</home/chrzissis/cclyzer-souffle/tests/coreutils-8.24/chown.bc>:!1759	253
</home/chrzissis/cclyzer-souffle/tests/coreutils-8.24/chown.bc>:!1760	254
</home/chrzissis/cclyzer-souffle/tests/coreutils-8.24/chown.bc>:!1761	255
</home/chrzissis/cclyzer-souffle/tests/coreutils-8.24/chown.bc>:!1762	256
</home/chrzissis/cclyzer-souffle/tests/coreutils-8.24/chown.bc>:!1763	257
</home/chrzissis/cclyzer-souffle/tests/coreutils-8.24/chown.bc>:!1764	258
</home/chrzissis/cclyzer-souffle/tests/coreutils-8.24/chown.bc>:!1765	260
</home/chrzissis/cclyzer-souffle/tests/coreutils-8.24/chown.bc>:!1766	261
</home/chrzissis/cclyzer-souffle/tests/coreutils-8.24/chown.bc>:!1767	262
</home/chrzissis/cclyzer-souffle/tests/coreutils-8.24/chown.bc>:!1768	264
</home/chrzissis/cclyzer-souffle/tests/coreutils-8.24/chown.bc>:!1770	160
</home/chrzissis/cclyzer-souffle/tests/coreutils-8.24/chown.bc>:!1772	161
</home/chrzissis/cclyzer-souffle/tests/coreutils-8.24/chown.bc>:!1773	162
</home/chrzissis/cclyzer-souffle/tests/coreutils-8.24/chown.bc>:!1775	166
</home/chrzissis/cclyzer-souffle/tests/coreutils-8.24/chown.bc>:!1776	266
</home/chrzissis/cclyzer-souffle/tests/coreutils-8.24/chown.bc>:!1777	268
</home/chrzissis/cclyzer-souffle/tests/coreutils-8.24/chown.bc>:!1778	272
</home/chrzissis/cclyzer-souffle/tests/coreutils-8.24/chown.bc>:!1779	274
</home/chrzissis/cclyzer-souffle/tests/coreutils-8.24/chown.bc>:!1780	278
</home/chrzissis/cclyzer-souffle/tests/coreutils-8.24/chown.bc>:!1781	279
</home/chrzissis/cclyzer-souffle/tests/coreutils-8.24/chown.bc>:!1782	280
</home/chrzissis/cclyzer-souffle/tests/coreutils-8.24/chown.bc>:!1783	284
</home/chrzissis/cclyzer-souffle/tests/coreutils-8.24/chown.bc>:!1784	293
</home/chrzissis/cclyzer-souffle/tests/coreutils-8.24/chown.bc>:!1785	302
</home/chrzissis/cclyzer-souffle/tests/coreutils-8.24/chown.bc>:!1786	303
</home/chrzissis/cclyzer-souffle/tests/coreutils-8.24/chown.bc>:!1787	304
</home/chrzissis/cclyzer-souffle/tests/coreutils-8.24/chown.bc>:!1788	305
</home/chrzissis/cclyzer-souffle/tests/coreutils-8.24/chown.bc>:!1789	306
</home/chrzissis/cclyzer-souffle/tests/coreutils-8.24/chown.bc>:!1790	308
</home/chrzissis/cclyzer-souffle/tests/coreutils-8.24/chown.bc>:!1791	310
</home/chrzissis/cclyzer-souffle/tests/coreutils-8.24/chown.bc>:!1802	48
</home/chrzissis/cclyzer-souffle/tests/coreutils-8.24/chown.bc>:!1803	245
</home/chrzissis/cclyzer-souffle/tests/coreutils-8.24/chown.bc>:!1805	246
</home/chrzissis/cclyzer-souffle/tests/coreutils-8.24/chown.bc>:!1806	251
</home/chrzissis/cclyzer-souffle/tests/coreutils-8.24/chown.bc>:!1807	252
</home/chrzissis/cclyzer-souffle/tests/coreutils-8.24/chown.bc>:!1808	253
</home/chrzissis/cclyzer-souffle/tests/coreutils-8.24/chown.bc>:!1809	254
</home/chrzissis/cclyzer-souffle/tests/coreutils-8.24/chown.bc>:!1810	255
</home/chrzissis/cclyzer-souffle/tests/coreutils-8.24/chown.bc>:!1811	256
</home/chrzissis/cclyzer-souffle/tests/coreutils-8.24/chown.bc>:!1812	257
</home/chrzissis/cclyzer-souffle/tests/coreutils-8.24/chown.bc>:!1813	258
</home/chrzissis/cclyzer-souffle/tests/coreutils-8.24/chown.bc>:!1814	260
</home/chrzissis/cclyzer-souffle/tests/coreutils-8.24/chown.bc>:!1815	261
</home/chrzissis/cclyzer-souffle/tests/coreutils-8.24/chown.bc>:!1816	262
</home/chrzissis/cclyzer-souffle/tests/coreutils-8.24/chown.bc>:!1817	264
</home/chrzissis/cclyzer-souffle/tests/coreutils-8.24/chown.bc>:!1819	160
</home/chrzissis/cclyzer-souffle/tests/coreutils-8.24/chown.bc>:!1821	161
</home/chrzissis/cclyzer-souffle/tests/coreutils-8.24/chown.bc>:!1822	162
</home/chrzissis/cclyzer-souffle/tests/coreutils-8.24/chown.bc>:!1824	166
</home/chrzissis/cclyzer-souffle/tests/coreutils-8.24/chown.bc>:!1825	266
</home/chrzissis/cclyzer-souffle/tests/coreutils-8.24/chown.bc>:!1826	268
</home/chrzissis/cclyzer-souffle/tests/coreutils-8.24/chown.bc>:!1827	272
</home/chrzissis/cclyzer-souffle/tests/coreutils-8.24/chown.bc>:!1828	274
</home/chrzissis/cclyzer-souffle/tests/coreutils-8.24/chown.bc>:!1829	278
</home/chrzissis/cclyzer-souffle/tests/coreutils-8.24/chown.bc>:!1830	279
</home/chrzissis/cclyzer-souffle/tests/coreutils-8.24/chown.bc>:!1831	280
</home/chrzissis/cclyzer-souffle/tests/coreutils-8.24/chown.bc>:!1832	284
</home/chrzissis/cclyzer-souffle/tests/coreutils-8.24/chown.bc>:!1833	293
</home/chrzissis/cclyzer-souffle/tests/coreutils-8.24/chown.bc>:!1834	302
</home/chrzissis/cclyzer-souffle/tests/coreutils-8.24/chown.bc>:!1835	303
</home/chrzissis/cclyzer-souffle/tests/coreutils-8.24/chown.bc>:!1836	304
</home/chrzissis/cclyzer-souffle/tests/coreutils-8.24/chown.bc>:!1837	305
</home/chrzissis/cclyzer-souffle/tests/coreutils-8.24/chown.bc>:!1838	306
</home/chrzissis/cclyzer-souffle/tests/coreutils-8.24/chown.bc>:!1839	308
</home/chrzissis/cclyzer-souffle/tests/coreutils-8.24/chown.bc>:!1840	310
</home/chrzissis/cclyzer-souffle/tests/coreutils-8.24/chown.bc>:!1841	90
</home/chrzissis/cclyzer-souffle/tests/coreutils-8.24/chown.bc>:!1849	55
</home/chrzissis/cclyzer-souffle/tests/coreutils-8.24/chown.bc>:!1854	51
</home/chrzissis/cclyzer-souffle/tests/coreutils-8.24/chown.bc>:!1863	49
</home/chrzissis/cclyzer-souffle/tests/coreutils-8.24/chown.bc>:!1868	48
</home/chrzissis/cclyzer-souffle/tests/coreutils-8.24/chown.bc>:!37	7
</home/chrzissis/cclyzer-souffle/tests/coreutils-8.24/chown.bc>:!40	9
</home/chrzissis/cclyzer-souffle/tests/coreutils-8.24/chown.bc>:!46	10
</home/chrzissis/cclyzer-souffle/tests/coreutils-8.24/chown.bc>:!53	571
</home/chrzissis/cclyzer-souffle/tests/coreutils-8.24/chown.bc>:!55	571
</home/chrzissis/cclyzer-souffle/tests/coreutils-8.24/chown.bc>:!56	571
</home/chrzissis/cclyzer-souffle/tests/coreutils-8.24/chown.bc>:!62	104
</home/chrzissis/cclyzer-souffle/tests/coreutils-8.24/chown.bc>:!65	106
</home/chrzissis/cclyzer-souffle/tests/coreutils-8.24/chown.bc>:!66	109
</home/chrzissis/cclyzer-souffle/tests/coreutils-8.24/chown.bc>:!67	110
</home/chrzissis/cclyzer-souffle/tests/coreutils-8.24/chown.bc>:!69	111
</home/chrzissis/cclyzer-souffle/tests/coreutils-8.24/chown.bc>:!469	723
</home/chrzissis/cclyzer-souffle/tests/coreutils-8.24/chown.bc>:!471	725
</home/chrzissis/cclyzer-souffle/tests/coreutils-8.24/chown.bc>:!472	726
</home/chrzissis/cclyzer-souffle/tests/coreutils-8.24/chown.bc>:!320	211
</home/chrzissis/cclyzer-souffle/tests/coreutils-8.24/chown.bc>:!325	46
</home/chrzissis/cclyzer-souffle/tests/coreutils-8.24/chown.bc>:!514	41
</home/chrzissis/cclyzer-souffle/tests/coreutils-8.24/chown.bc>:!601	191
</home/chrzissis/cclyzer-souffle/tests/coreutils-8.24/chown.bc>:!766	158
</home/chrzissis/cclyzer-souffle/tests/coreutils-8.24/chown.bc>:!770	54
</home/chrzissis/cclyzer-souffle/tests/coreutils-8.24/chown.bc>:!870	753
</home/chrzissis/cclyzer-souffle/tests/coreutils-8.24/chown.bc>:!873	97
</home/chrzissis/cclyzer-souffle/tests/coreutils-8.24/chown.bc>:!884	153
</home/chrzissis/cclyzer-souffle/tests/coreutils-8.24/chown.bc>:!1302	20
</home/chrzissis/cclyzer-souffle/tests/coreutils-8.24/chown.bc>:!1332	41
</home/chrzissis/cclyzer-souffle/tests/coreutils-8.24/chown.bc>:!1944	43
</home/chrzissis/cclyzer-souffle/tests/coreutils-8.24/chown.bc>:!1946	46
</home/chrzissis/cclyzer-souffle/tests/coreutils-8.24/chown.bc>:!1947	49
</home/chrzissis/cclyzer-souffle/tests/coreutils-8.24/chown.bc>:!1948	53
</home/chrzissis/cclyzer-souffle/tests/coreutils-8.24/chown.bc>:!1950	56
</home/chrzissis/cclyzer-souffle/tests/coreutils-8.24/chown.bc>:!1951	59
</home/chrzissis/cclyzer-souffle/tests/coreutils-8.24/chown.bc>:!1952	62
</home/chrzissis/cclyzer-souffle/tests/coreutils-8.24/chown.bc>:!1953	65
</home/chrzissis/cclyzer-souffle/tests/coreutils-8.24/chown.bc>:!2074	46
</home/chrzissis/cclyzer-souffle/tests/coreutils-8.24/chown.bc>:!2076	48
</home/chrzissis/cclyzer-souffle/tests/coreutils-8.24/chown.bc>:!2077	53
</home/chrzissis/cclyzer-souffle/tests/coreutils-8.24/chown.bc>:!2078	61
</home/chrzissis/cclyzer-souffle/tests/coreutils-8.24/chown.bc>:!2079	62
</home/chrzissis/cclyzer-souffle/tests/coreutils-8.24/chown.bc>:!2080	64
</home/chrzissis/cclyzer-souffle/tests/coreutils-8.24/chown.bc>:!2081	65
</home/chrzissis/cclyzer-souffle/tests/coreutils-8.24/chown.bc>:!2082	67
</home/chrzissis/cclyzer-souffle/tests/coreutils-8.24/chown.bc>:!2083	69
</home/chrzissis/cclyzer-souffle/tests/coreutils-8.24/chown.bc>:!2084	74
</home/chrzissis/cclyzer-souffle/tests/coreutils-8.24/chown.bc>:!2085	78
</home/chrzissis/cclyzer-souffle/tests/coreutils-8.24/chown.bc>:!2086	80
</home/chrzissis/cclyzer-souffle/tests/coreutils-8.24/chown.bc>:!2087	91
</home/chrzissis/cclyzer-souffle/tests/coreutils-8.24/chown.bc>:!2088	120
</home/chrzissis/cclyzer-souffle/tests/coreutils-8.24/chown.bc>:!2090	122
</home/chrzissis/cclyzer-souffle/tests/coreutils-8.24/chown.bc>:!2091	123
</home/chrzissis/cclyzer-souffle/tests/coreutils-8.24/chown.bc>:!2092	92
</home/chrzissis/cclyzer-souffle/tests/coreutils-8.24/chown.bc>:!2093	93
</home/chrzissis/cclyzer-souffle/tests/coreutils-8.24/chown.bc>:!2094	106
</home/chrzissis/cclyzer-souffle/tests/coreutils-8.24/chown.bc>:!2280	42
</home/chrzissis/cclyzer-souffle/tests/coreutils-8.24/chown.bc>:!2283	44
</home/chrzissis/cclyzer-souffle/tests/coreutils-8.24/chown.bc>:!2284	45
</home/chrzissis/cclyzer-souffle/tests/coreutils-8.24/chown.bc>:!2285	46
</home/chrzissis/cclyzer-souffle/tests/coreutils-8.24/chown.bc>:!2286	47
</home/chrzissis/cclyzer-souffle/tests/coreutils-8.24/chown.bc>:!2307	49
</home/chrzissis/cclyzer-souffle/tests/coreutils-8.24/chown.bc>:!2310	51
</home/chrzissis/cclyzer-souffle/tests/coreutils-8.24/chown.bc>:!2311	52
</home/chrzissis/cclyzer-souffle/tests/coreutils-8.24/chown.bc>:!2312	53
</home/chrzissis/cclyzer-souffle/tests/coreutils-8.24/chown.bc>:!2313	54
</home/chrzissis/cclyzer-souffle/tests/coreutils-8.24/chown.bc>:!2314	55
</home/chrzissis/cclyzer-souffle/tests/coreutils-8.24/chown.bc>:!2315	56
</home/chrzissis/cclyzer-souffle/tests/coreutils-8.24/chown.bc>:!2316	57
</home/chrzissis/cclyzer-souffle/tests/coreutils-8.24/chown.bc>:!4348	106
</home/chrzissis/cclyzer-souffle/tests/coreutils-8.24/chown.bc>:!4349	94
</home/chrzissis/cclyzer-souffle/tests/coreutils-8.24/chown.bc>:!4350	82
</home/chrzissis/cclyzer-souffle/tests/coreutils-8.24/chown.bc>:!4352	84
</home/chrzissis/cclyzer-souffle/tests/coreutils-8.24/chown.bc>:!4353	93
</home/chrzissis/cclyzer-souffle/tests/coreutils-8.24/chown.bc>:!4354	85
</home/chrzissis/cclyzer-souffle/tests/coreutils-8.24/chown.bc>:!4356	88
</home/chrzissis/cclyzer-souffle/tests/coreutils-8.24/chown.bc>:!4357	92
</home/chrzissis/cclyzer-souffle/tests/coreutils-8.24/chown.bc>:!4893	46
</home/chrzissis/cclyzer-souffle/tests/coreutils-8.24/chown.bc>:!4895	48
</home/chrzissis/cclyzer-souffle/tests/coreutils-8.24/chown.bc>:!4896	53
</home/chrzissis/cclyzer-souffle/tests/coreutils-8.24/chown.bc>:!4897	61
</home/chrzissis/cclyzer-souffle/tests/coreutils-8.24/chown.bc>:!4898	62
</home/chrzissis/cclyzer-souffle/tests/coreutils-8.24/chown.bc>:!4899	64
</home/chrzissis/cclyzer-souffle/tests/coreutils-8.24/chown.bc>:!4900	65
</home/chrzissis/cclyzer-souffle/tests/coreutils-8.24/chown.bc>:!4901	67
</home/chrzissis/cclyzer-souffle/tests/coreutils-8.24/chown.bc>:!4902	69
</home/chrzissis/cclyzer-souffle/tests/coreutils-8.24/chown.bc>:!4903	74
</home/chrzissis/cclyzer-souffle/tests/coreutils-8.24/chown.bc>:!4904	78
</home/chrzissis/cclyzer-souffle/tests/coreutils-8.24/chown.bc>:!4905	80
</home/chrzissis/cclyzer-souffle/tests/coreutils-8.24/chown.bc>:!4906	91
</home/chrzissis/cclyzer-souffle/tests/coreutils-8.24/chown.bc>:!4907	120
</home/chrzissis/cclyzer-souffle/tests/coreutils-8.24/chown.bc>:!4909	122
</home/chrzissis/cclyzer-souffle/tests/coreutils-8.24/chown.bc>:!4910	123
</home/chrzissis/cclyzer-souffle/tests/coreutils-8.24/chown.bc>:!4911	92
</home/chrzissis/cclyzer-souffle/tests/coreutils-8.24/chown.bc>:!4912	93
</home/chrzissis/cclyzer-souffle/tests/coreutils-8.24/chown.bc>:!4913	106
</home/chrzissis/cclyzer-souffle/tests/coreutils-8.24/chown.bc>:!5007	49
</home/chrzissis/cclyzer-souffle/tests/coreutils-8.24/chown.bc>:!5009	51
</home/chrzissis/cclyzer-souffle/tests/coreutils-8.24/chown.bc>:!5010	52
</home/chrzissis/cclyzer-souffle/tests/coreutils-8.24/chown.bc>:!5011	53
</home/chrzissis/cclyzer-souffle/tests/coreutils-8.24/chown.bc>:!5012	54
</home/chrzissis/cclyzer-souffle/tests/coreutils-8.24/chown.bc>:!5013	55
</home/chrzissis/cclyzer-souffle/tests/coreutils-8.24/chown.bc>:!5014	56
</home/chrzissis/cclyzer-souffle/tests/coreutils-8.24/chown.bc>:!5015	57
</home/chrzissis/cclyzer-souffle/tests/coreutils-8.24/chown.bc>:!5019	42
</home/chrzissis/cclyzer-souffle/tests/coreutils-8.24/chown.bc>:!5021	44
</home/chrzissis/cclyzer-souffle/tests/coreutils-8.24/chown.bc>:!5022	45
</home/chrzissis/cclyzer-souffle/tests/coreutils-8.24/chown.bc>:!5023	46
</home/chrzissis/cclyzer-souffle/tests/coreutils-8.24/chown.bc>:!5024	47
</home/chrzissis/cclyzer-souffle/tests/coreutils-8.24/chown.bc>:!5525	79
</home/chrzissis/cclyzer-souffle/tests/coreutils-8.24/chown.bc>:!5526	50
</home/chrzissis/cclyzer-souffle/tests/coreutils-8.24/chown.bc>:!5528	231
</home/chrzissis/cclyzer-souffle/tests/coreutils-8.24/chown.bc>:!7879	24
</home/chrzissis/cclyzer-souffle/tests/coreutils-8.24/chown.bc>:!7881	26
</home/chrzissis/cclyzer-souffle/tests/coreutils-8.24/chown.bc>:!7882	27
</home/chrzissis/cclyzer-souffle/tests/coreutils-8.24/chown.bc>:!7883	28
</home/chrzissis/cclyzer-souffle/tests/coreutils-8.24/chown.bc>:!8404	22
</home/chrzissis/cclyzer-souffle/tests/coreutils-8.24/chown.bc>:!8407	25
</home/chrzissis/cclyzer-souffle/tests/coreutils-8.24/chown.bc>:!8408	26
</home/chrzissis/cclyzer-souffle/tests/coreutils-8.24/chown.bc>:!8409	31
</home/chrzissis/cclyzer-souffle/tests/coreutils-8.24/chown.bc>:!8410	32
</home/chrzissis/cclyzer-souffle/tests/coreutils-8.24/chown.bc>:!8411	33
</home/chrzissis/cclyzer-souffle/tests/coreutils-8.24/chown.bc>:!8893	69
</home/chrzissis/cclyzer-souffle/tests/coreutils-8.24/chown.bc>:!8898	744
</home/chrzissis/cclyzer-souffle/tests/coreutils-8.24/chown.bc>:!8900	746
</home/chrzissis/cclyzer-souffle/tests/coreutils-8.24/chown.bc>:!8901	747
</home/chrzissis/cclyzer-souffle/tests/coreutils-8.24/chown.bc>:!9203	24
</home/chrzissis/cclyzer-souffle/tests/coreutils-8.24/chown.bc>:!9206	26
</home/chrzissis/cclyzer-souffle/tests/coreutils-8.24/chown.bc>:!9207	170
</home/chrzissis/cclyzer-souffle/tests/coreutils-8.24/chown.bc>:!9208	27
</home/chrzissis/cclyzer-souffle/tests/coreutils-8.24/chown.bc>:!9209	29
</home/chrzissis/cclyzer-souffle/tests/coreutils-8.24/chown.bc>:!9210	162
</home/chrzissis/cclyzer-souffle/tests/coreutils-8.24/chown.bc>:!9211	30
</home/chrzissis/cclyzer-souffle/tests/coreutils-8.24/chown.bc>:!9212	31
</home/chrzissis/cclyzer-souffle/tests/coreutils-8.24/chown.bc>:!9213	32
</home/chrzissis/cclyzer-souffle/tests/coreutils-8.24/chown.bc>:!9214	166
</home/chrzissis/cclyzer-souffle/tests/coreutils-8.24/chown.bc>:!9215	33
</home/chrzissis/cclyzer-souffle/tests/coreutils-8.24/chown.bc>:!9216	41
</home/chrzissis/cclyzer-souffle/tests/coreutils-8.24/chown.bc>:!9217	134
</home/chrzissis/cclyzer-souffle/tests/coreutils-8.24/chown.bc>:!9218	134
</home/chrzissis/cclyzer-souffle/tests/coreutils-8.24/chown.bc>:!9220	134
</home/chrzissis/cclyzer-souffle/tests/coreutils-8.24/chown.bc>:!9224	42
</home/chrzissis/cclyzer-souffle/tests/coreutils-8.24/chown.bc>:!9225	43
</home/chrzissis/cclyzer-souffle/tests/coreutils-8.24/chown.bc>:!9226	44
</home/chrzissis/cclyzer-souffle/tests/coreutils-8.24/chown.bc>:!9227	45
</home/chrzissis/cclyzer-souffle/tests/coreutils-8.24/chown.bc>:!9293	70
</home/chrzissis/cclyzer-souffle/tests/coreutils-8.24/chown.bc>:!9688	30
</home/chrzissis/cclyzer-souffle/tests/coreutils-8.24/chown.bc>:!9689	35
</home/chrzissis/cclyzer-souffle/tests/coreutils-8.24/chown.bc>:!9691	35
</home/chrzissis/cclyzer-souffle/tests/coreutils-8.24/chown.bc>:!9692	35
</home/chrzissis/cclyzer-souffle/tests/coreutils-8.24/chown.bc>:!9694	35
</home/chrzissis/cclyzer-souffle/tests/coreutils-8.24/chown.bc>:!9695	35
</home/chrzissis/cclyzer-souffle/tests/coreutils-8.24/chown.bc>:!9696	35
</home/chrzissis/cclyzer-souffle/tests/coreutils-8.24/chown.bc>:!9697	35
</home/chrzissis/cclyzer-souffle/tests/coreutils-8.24/chown.bc>:!11708	48
</home/chrzissis/cclyzer-souffle/tests/coreutils-8.24/chown.bc>:!11709	245
</home/chrzissis/cclyzer-souffle/tests/coreutils-8.24/chown.bc>:!11711	246
</home/chrzissis/cclyzer-souffle/tests/coreutils-8.24/chown.bc>:!11712	251
</home/chrzissis/cclyzer-souffle/tests/coreutils-8.24/chown.bc>:!11713	252
</home/chrzissis/cclyzer-souffle/tests/coreutils-8.24/chown.bc>:!11714	253
</home/chrzissis/cclyzer-souffle/tests/coreutils-8.24/chown.bc>:!11715	254
</home/chrzissis/cclyzer-souffle/tests/coreutils-8.24/chown.bc>:!11716	255
</home/chrzissis/cclyzer-souffle/tests/coreutils-8.24/chown.bc>:!11717	256
</home/chrzissis/cclyzer-souffle/tests/coreutils-8.24/chown.bc>:!11718	257
</home/chrzissis/cclyzer-souffle/tests/coreutils-8.24/chown.bc>:!11719	258
</home/chrzissis/cclyzer-souffle/tests/coreutils-8.24/chown.bc>:!11720	260
</home/chrzissis/cclyzer-souffle/tests/coreutils-8.24/chown.bc>:!11721	261
</home/chrzissis/cclyzer-souffle/tests/coreutils-8.24/chown.bc>:!11722	262
</home/chrzissis/cclyzer-souffle/tests/coreutils-8.24/chown.bc>:!11723	264
</home/chrzissis/cclyzer-souffle/tests/coreutils-8.24/chown.bc>:!11725	160
</home/chrzissis/cclyzer-souffle/tests/coreutils-8.24/chown.bc>:!11727	161
</home/chrzissis/cclyzer-souffle/tests/coreutils-8.24/chown.bc>:!11728	162
</home/chrzissis/cclyzer-souffle/tests/coreutils-8.24/chown.bc>:!11730	166
</home/chrzissis/cclyzer-souffle/tests/coreutils-8.24/chown.bc>:!11731	266
</home/chrzissis/cclyzer-souffle/tests/coreutils-8.24/chown.bc>:!11732	268
</home/chrzissis/cclyzer-souffle/tests/coreutils-8.24/chown.bc>:!11733	272
</home/chrzissis/cclyzer-souffle/tests/coreutils-8.24/chown.bc>:!11734	274
</home/chrzissis/cclyzer-souffle/tests/coreutils-8.24/chown.bc>:!11735	278
</home/chrzissis/cclyzer-souffle/tests/coreutils-8.24/chown.bc>:!11736	279
</home/chrzissis/cclyzer-souffle/tests/coreutils-8.24/chown.bc>:!11737	280
</home/chrzissis/cclyzer-souffle/tests/coreutils-8.24/chown.bc>:!11738	284
</home/chrzissis/cclyzer-souffle/tests/coreutils-8.24/chown.bc>:!11739	293
</home/chrzissis/cclyzer-souffle/tests/coreutils-8.24/chown.bc>:!11740	302
</home/chrzissis/cclyzer-souffle/tests/coreutils-8.24/chown.bc>:!11741	303
</home/chrzissis/cclyzer-souffle/tests/coreutils-8.24/chown.bc>:!11742	304
</home/chrzissis/cclyzer-souffle/tests/coreutils-8.24/chown.bc>:!11743	305
</home/chrzissis/cclyzer-souffle/tests/coreutils-8.24/chown.bc>:!11744	306
</home/chrzissis/cclyzer-souffle/tests/coreutils-8.24/chown.bc>:!11745	308
</home/chrzissis/cclyzer-souffle/tests/coreutils-8.24/chown.bc>:!11746	310
</home/chrzissis/cclyzer-souffle/tests/coreutils-8.24/chown.bc>:!11942	30
</home/chrzissis/cclyzer-souffle/tests/coreutils-8.24/chown.bc>:!11943	35
</home/chrzissis/cclyzer-souffle/tests/coreutils-8.24/chown.bc>:!11945	35
</home/chrzissis/cclyzer-souffle/tests/coreutils-8.24/chown.bc>:!11946	35
</home/chrzissis/cclyzer-souffle/tests/coreutils-8.24/chown.bc>:!11948	35
</home/chrzissis/cclyzer-souffle/tests/coreutils-8.24/chown.bc>:!11949	35
</home/chrzissis/cclyzer-souffle/tests/coreutils-8.24/chown.bc>:!11950	35
</home/chrzissis/cclyzer-souffle/tests/coreutils-8.24/chown.bc>:!11951	35
</home/chrzissis/cclyzer-souffle/tests/coreutils-8.24/chown.bc>:!12059	30
</home/chrzissis/cclyzer-souffle/tests/coreutils-8.24/chown.bc>:!12060	187
</home/chrzissis/cclyzer-souffle/tests/coreutils-8.24/chown.bc>:!12062	187
</home/chrzissis/cclyzer-souffle/tests/coreutils-8.24/chown.bc>:!12063	187
</home/chrzissis/cclyzer-souffle/tests/coreutils-8.24/chown.bc>:!12065	187
</home/chrzissis/cclyzer-souffle/tests/coreutils-8.24/chown.bc>:!12066	187
</home/chrzissis/cclyzer-souffle/tests/coreutils-8.24/chown.bc>:!12067	187
</home/chrzissis/cclyzer-souffle/tests/coreutils-8.24/chown.bc>:!12068	187
