</home/chrzissis/cclyzer-souffle/tests/coreutils-8.24/chown.bc>:!17	0
</home/chrzissis/cclyzer-souffle/tests/coreutils-8.24/chown.bc>:!22	0
</home/chrzissis/cclyzer-souffle/tests/coreutils-8.24/chown.bc>:!10	0
</home/chrzissis/cclyzer-souffle/tests/coreutils-8.24/chown.bc>:!11	0
</home/chrzissis/cclyzer-souffle/tests/coreutils-8.24/chown.bc>:!30	0
</home/chrzissis/cclyzer-souffle/tests/coreutils-8.24/chown.bc>:!98	0
</home/chrzissis/cclyzer-souffle/tests/coreutils-8.24/chown.bc>:!99	0
</home/chrzissis/cclyzer-souffle/tests/coreutils-8.24/chown.bc>:!101	0
</home/chrzissis/cclyzer-souffle/tests/coreutils-8.24/chown.bc>:!3	0
</home/chrzissis/cclyzer-souffle/tests/coreutils-8.24/chown.bc>:!102	32
</home/chrzissis/cclyzer-souffle/tests/coreutils-8.24/chown.bc>:!103	0
</home/chrzissis/cclyzer-souffle/tests/coreutils-8.24/chown.bc>:!104	64
</home/chrzissis/cclyzer-souffle/tests/coreutils-8.24/chown.bc>:!105	0
</home/chrzissis/cclyzer-souffle/tests/coreutils-8.24/chown.bc>:!106	0
</home/chrzissis/cclyzer-souffle/tests/coreutils-8.24/chown.bc>:!108	0
</home/chrzissis/cclyzer-souffle/tests/coreutils-8.24/chown.bc>:!45	0
</home/chrzissis/cclyzer-souffle/tests/coreutils-8.24/chown.bc>:!109	64
</home/chrzissis/cclyzer-souffle/tests/coreutils-8.24/chown.bc>:!110	128
</home/chrzissis/cclyzer-souffle/tests/coreutils-8.24/chown.bc>:!111	136
</home/chrzissis/cclyzer-souffle/tests/coreutils-8.24/chown.bc>:!112	192
</home/chrzissis/cclyzer-souffle/tests/coreutils-8.24/chown.bc>:!113	256
</home/chrzissis/cclyzer-souffle/tests/coreutils-8.24/chown.bc>:!91	0
</home/chrzissis/cclyzer-souffle/tests/coreutils-8.24/chown.bc>:!124	0
</home/chrzissis/cclyzer-souffle/tests/coreutils-8.24/chown.bc>:!129	0
</home/chrzissis/cclyzer-souffle/tests/coreutils-8.24/chown.bc>:!132	0
</home/chrzissis/cclyzer-souffle/tests/coreutils-8.24/chown.bc>:!134	0
</home/chrzissis/cclyzer-souffle/tests/coreutils-8.24/chown.bc>:!135	0
</home/chrzissis/cclyzer-souffle/tests/coreutils-8.24/chown.bc>:!136	0
</home/chrzissis/cclyzer-souffle/tests/coreutils-8.24/chown.bc>:!138	0
</home/chrzissis/cclyzer-souffle/tests/coreutils-8.24/chown.bc>:!139	64
</home/chrzissis/cclyzer-souffle/tests/coreutils-8.24/chown.bc>:!140	128
</home/chrzissis/cclyzer-souffle/tests/coreutils-8.24/chown.bc>:!141	192
</home/chrzissis/cclyzer-souffle/tests/coreutils-8.24/chown.bc>:!142	0
</home/chrzissis/cclyzer-souffle/tests/coreutils-8.24/chown.bc>:!145	0
</home/chrzissis/cclyzer-souffle/tests/coreutils-8.24/chown.bc>:!146	256
</home/chrzissis/cclyzer-souffle/tests/coreutils-8.24/chown.bc>:!147	0
</home/chrzissis/cclyzer-souffle/tests/coreutils-8.24/chown.bc>:!148	320
</home/chrzissis/cclyzer-souffle/tests/coreutils-8.24/chown.bc>:!12	0
</home/chrzissis/cclyzer-souffle/tests/coreutils-8.24/chown.bc>:!149	384
</home/chrzissis/cclyzer-souffle/tests/coreutils-8.24/chown.bc>:!150	448
</home/chrzissis/cclyzer-souffle/tests/coreutils-8.24/chown.bc>:!151	512
</home/chrzissis/cclyzer-souffle/tests/coreutils-8.24/chown.bc>:!152	544
</home/chrzissis/cclyzer-souffle/tests/coreutils-8.24/chown.bc>:!153	576
</home/chrzissis/cclyzer-souffle/tests/coreutils-8.24/chown.bc>:!156	640
</home/chrzissis/cclyzer-souffle/tests/coreutils-8.24/chown.bc>:!157	704
</home/chrzissis/cclyzer-souffle/tests/coreutils-8.24/chown.bc>:!159	768
</home/chrzissis/cclyzer-souffle/tests/coreutils-8.24/chown.bc>:!160	832
</home/chrzissis/cclyzer-souffle/tests/coreutils-8.24/chown.bc>:!163	896
</home/chrzissis/cclyzer-souffle/tests/coreutils-8.24/chown.bc>:!164	0
</home/chrzissis/cclyzer-souffle/tests/coreutils-8.24/chown.bc>:!165	912
</home/chrzissis/cclyzer-souffle/tests/coreutils-8.24/chown.bc>:!166	928
</home/chrzissis/cclyzer-souffle/tests/coreutils-8.24/chown.bc>:!167	960
</home/chrzissis/cclyzer-souffle/tests/coreutils-8.24/chown.bc>:!168	0
</home/chrzissis/cclyzer-souffle/tests/coreutils-8.24/chown.bc>:!169	0
</home/chrzissis/cclyzer-souffle/tests/coreutils-8.24/chown.bc>:!172	0
</home/chrzissis/cclyzer-souffle/tests/coreutils-8.24/chown.bc>:!173	64
</home/chrzissis/cclyzer-souffle/tests/coreutils-8.24/chown.bc>:!174	128
</home/chrzissis/cclyzer-souffle/tests/coreutils-8.24/chown.bc>:!175	192
</home/chrzissis/cclyzer-souffle/tests/coreutils-8.24/chown.bc>:!177	224
</home/chrzissis/cclyzer-souffle/tests/coreutils-8.24/chown.bc>:!178	256
</home/chrzissis/cclyzer-souffle/tests/coreutils-8.24/chown.bc>:!179	288
</home/chrzissis/cclyzer-souffle/tests/coreutils-8.24/chown.bc>:!180	320
</home/chrzissis/cclyzer-souffle/tests/coreutils-8.24/chown.bc>:!181	384
</home/chrzissis/cclyzer-souffle/tests/coreutils-8.24/chown.bc>:!183	448
</home/chrzissis/cclyzer-souffle/tests/coreutils-8.24/chown.bc>:!185	512
</home/chrzissis/cclyzer-souffle/tests/coreutils-8.24/chown.bc>:!187	576
</home/chrzissis/cclyzer-souffle/tests/coreutils-8.24/chown.bc>:!188	0
</home/chrzissis/cclyzer-souffle/tests/coreutils-8.24/chown.bc>:!191	0
</home/chrzissis/cclyzer-souffle/tests/coreutils-8.24/chown.bc>:!193	64
</home/chrzissis/cclyzer-souffle/tests/coreutils-8.24/chown.bc>:!195	704
</home/chrzissis/cclyzer-souffle/tests/coreutils-8.24/chown.bc>:!196	832
</home/chrzissis/cclyzer-souffle/tests/coreutils-8.24/chown.bc>:!197	960
</home/chrzissis/cclyzer-souffle/tests/coreutils-8.24/chown.bc>:!198	0
</home/chrzissis/cclyzer-souffle/tests/coreutils-8.24/chown.bc>:!203	2112
</home/chrzissis/cclyzer-souffle/tests/coreutils-8.24/chown.bc>:!204	0
</home/chrzissis/cclyzer-souffle/tests/coreutils-8.24/chown.bc>:!207	64
</home/chrzissis/cclyzer-souffle/tests/coreutils-8.24/chown.bc>:!208	128
</home/chrzissis/cclyzer-souffle/tests/coreutils-8.24/chown.bc>:!209	0
</home/chrzissis/cclyzer-souffle/tests/coreutils-8.24/chown.bc>:!210	192
</home/chrzissis/cclyzer-souffle/tests/coreutils-8.24/chown.bc>:!211	256
</home/chrzissis/cclyzer-souffle/tests/coreutils-8.24/chown.bc>:!212	320
</home/chrzissis/cclyzer-souffle/tests/coreutils-8.24/chown.bc>:!213	352
</home/chrzissis/cclyzer-souffle/tests/coreutils-8.24/chown.bc>:!214	384
</home/chrzissis/cclyzer-souffle/tests/coreutils-8.24/chown.bc>:!215	448
</home/chrzissis/cclyzer-souffle/tests/coreutils-8.24/chown.bc>:!216	512
</home/chrzissis/cclyzer-souffle/tests/coreutils-8.24/chown.bc>:!217	0
</home/chrzissis/cclyzer-souffle/tests/coreutils-8.24/chown.bc>:!220	0
</home/chrzissis/cclyzer-souffle/tests/coreutils-8.24/chown.bc>:!221	0
</home/chrzissis/cclyzer-souffle/tests/coreutils-8.24/chown.bc>:!223	576
</home/chrzissis/cclyzer-souffle/tests/coreutils-8.24/chown.bc>:!224	640
</home/chrzissis/cclyzer-souffle/tests/coreutils-8.24/chown.bc>:!225	0
</home/chrzissis/cclyzer-souffle/tests/coreutils-8.24/chown.bc>:!226	0
</home/chrzissis/cclyzer-souffle/tests/coreutils-8.24/chown.bc>:!227	704
</home/chrzissis/cclyzer-souffle/tests/coreutils-8.24/chown.bc>:!228	0
</home/chrzissis/cclyzer-souffle/tests/coreutils-8.24/chown.bc>:!230	0
</home/chrzissis/cclyzer-souffle/tests/coreutils-8.24/chown.bc>:!231	0
</home/chrzissis/cclyzer-souffle/tests/coreutils-8.24/chown.bc>:!232	0
</home/chrzissis/cclyzer-souffle/tests/coreutils-8.24/chown.bc>:!233	0
</home/chrzissis/cclyzer-souffle/tests/coreutils-8.24/chown.bc>:!234	768
</home/chrzissis/cclyzer-souffle/tests/coreutils-8.24/chown.bc>:!237	0
</home/chrzissis/cclyzer-souffle/tests/coreutils-8.24/chown.bc>:!239	0
</home/chrzissis/cclyzer-souffle/tests/coreutils-8.24/chown.bc>:!240	0
</home/chrzissis/cclyzer-souffle/tests/coreutils-8.24/chown.bc>:!243	128
</home/chrzissis/cclyzer-souffle/tests/coreutils-8.24/chown.bc>:!244	160
</home/chrzissis/cclyzer-souffle/tests/coreutils-8.24/chown.bc>:!245	192
</home/chrzissis/cclyzer-souffle/tests/coreutils-8.24/chown.bc>:!246	224
</home/chrzissis/cclyzer-souffle/tests/coreutils-8.24/chown.bc>:!247	0
</home/chrzissis/cclyzer-souffle/tests/coreutils-8.24/chown.bc>:!75	0
</home/chrzissis/cclyzer-souffle/tests/coreutils-8.24/chown.bc>:!252	0
</home/chrzissis/cclyzer-souffle/tests/coreutils-8.24/chown.bc>:!82	0
</home/chrzissis/cclyzer-souffle/tests/coreutils-8.24/chown.bc>:!345	0
</home/chrzissis/cclyzer-souffle/tests/coreutils-8.24/chown.bc>:!346	0
</home/chrzissis/cclyzer-souffle/tests/coreutils-8.24/chown.bc>:!348	0
</home/chrzissis/cclyzer-souffle/tests/coreutils-8.24/chown.bc>:!308	0
</home/chrzissis/cclyzer-souffle/tests/coreutils-8.24/chown.bc>:!349	32
</home/chrzissis/cclyzer-souffle/tests/coreutils-8.24/chown.bc>:!350	64
</home/chrzissis/cclyzer-souffle/tests/coreutils-8.24/chown.bc>:!351	0
</home/chrzissis/cclyzer-souffle/tests/coreutils-8.24/chown.bc>:!354	320
</home/chrzissis/cclyzer-souffle/tests/coreutils-8.24/chown.bc>:!355	384
</home/chrzissis/cclyzer-souffle/tests/coreutils-8.24/chown.bc>:!374	0
</home/chrzissis/cclyzer-souffle/tests/coreutils-8.24/chown.bc>:!382	0
</home/chrzissis/cclyzer-souffle/tests/coreutils-8.24/chown.bc>:!441	0
</home/chrzissis/cclyzer-souffle/tests/coreutils-8.24/chown.bc>:!481	0
</home/chrzissis/cclyzer-souffle/tests/coreutils-8.24/chown.bc>:!482	0
</home/chrzissis/cclyzer-souffle/tests/coreutils-8.24/chown.bc>:!484	0
</home/chrzissis/cclyzer-souffle/tests/coreutils-8.24/chown.bc>:!485	64
</home/chrzissis/cclyzer-souffle/tests/coreutils-8.24/chown.bc>:!502	0
</home/chrzissis/cclyzer-souffle/tests/coreutils-8.24/chown.bc>:!503	0
</home/chrzissis/cclyzer-souffle/tests/coreutils-8.24/chown.bc>:!522	0
</home/chrzissis/cclyzer-souffle/tests/coreutils-8.24/chown.bc>:!525	0
</home/chrzissis/cclyzer-souffle/tests/coreutils-8.24/chown.bc>:!528	0
</home/chrzissis/cclyzer-souffle/tests/coreutils-8.24/chown.bc>:!529	64
</home/chrzissis/cclyzer-souffle/tests/coreutils-8.24/chown.bc>:!530	128
</home/chrzissis/cclyzer-souffle/tests/coreutils-8.24/chown.bc>:!531	192
</home/chrzissis/cclyzer-souffle/tests/coreutils-8.24/chown.bc>:!532	256
</home/chrzissis/cclyzer-souffle/tests/coreutils-8.24/chown.bc>:!533	320
</home/chrzissis/cclyzer-souffle/tests/coreutils-8.24/chown.bc>:!534	384
</home/chrzissis/cclyzer-souffle/tests/coreutils-8.24/chown.bc>:!535	448
</home/chrzissis/cclyzer-souffle/tests/coreutils-8.24/chown.bc>:!536	512
</home/chrzissis/cclyzer-souffle/tests/coreutils-8.24/chown.bc>:!537	576
</home/chrzissis/cclyzer-souffle/tests/coreutils-8.24/chown.bc>:!538	640
</home/chrzissis/cclyzer-souffle/tests/coreutils-8.24/chown.bc>:!539	704
</home/chrzissis/cclyzer-souffle/tests/coreutils-8.24/chown.bc>:!540	768
</home/chrzissis/cclyzer-souffle/tests/coreutils-8.24/chown.bc>:!541	0
</home/chrzissis/cclyzer-souffle/tests/coreutils-8.24/chown.bc>:!542	0
</home/chrzissis/cclyzer-souffle/tests/coreutils-8.24/chown.bc>:!544	0
</home/chrzissis/cclyzer-souffle/tests/coreutils-8.24/chown.bc>:!545	64
</home/chrzissis/cclyzer-souffle/tests/coreutils-8.24/chown.bc>:!546	0
</home/chrzissis/cclyzer-souffle/tests/coreutils-8.24/chown.bc>:!547	128
</home/chrzissis/cclyzer-souffle/tests/coreutils-8.24/chown.bc>:!548	832
</home/chrzissis/cclyzer-souffle/tests/coreutils-8.24/chown.bc>:!549	896
</home/chrzissis/cclyzer-souffle/tests/coreutils-8.24/chown.bc>:!550	928
</home/chrzissis/cclyzer-souffle/tests/coreutils-8.24/chown.bc>:!551	960
</home/chrzissis/cclyzer-souffle/tests/coreutils-8.24/chown.bc>:!552	1024
</home/chrzissis/cclyzer-souffle/tests/coreutils-8.24/chown.bc>:!553	1040
</home/chrzissis/cclyzer-souffle/tests/coreutils-8.24/chown.bc>:!554	0
</home/chrzissis/cclyzer-souffle/tests/coreutils-8.24/chown.bc>:!555	1048
</home/chrzissis/cclyzer-souffle/tests/coreutils-8.24/chown.bc>:!556	0
</home/chrzissis/cclyzer-souffle/tests/coreutils-8.24/chown.bc>:!557	1088
</home/chrzissis/cclyzer-souffle/tests/coreutils-8.24/chown.bc>:!558	0
</home/chrzissis/cclyzer-souffle/tests/coreutils-8.24/chown.bc>:!560	1152
</home/chrzissis/cclyzer-souffle/tests/coreutils-8.24/chown.bc>:!562	1216
</home/chrzissis/cclyzer-souffle/tests/coreutils-8.24/chown.bc>:!563	1280
</home/chrzissis/cclyzer-souffle/tests/coreutils-8.24/chown.bc>:!564	1344
</home/chrzissis/cclyzer-souffle/tests/coreutils-8.24/chown.bc>:!565	1408
</home/chrzissis/cclyzer-souffle/tests/coreutils-8.24/chown.bc>:!566	1472
</home/chrzissis/cclyzer-souffle/tests/coreutils-8.24/chown.bc>:!567	1536
</home/chrzissis/cclyzer-souffle/tests/coreutils-8.24/chown.bc>:!568	1568
</home/chrzissis/cclyzer-souffle/tests/coreutils-8.24/chown.bc>:!569	0
</home/chrzissis/cclyzer-souffle/tests/coreutils-8.24/chown.bc>:!572	0
</home/chrzissis/cclyzer-souffle/tests/coreutils-8.24/chown.bc>:!579	0
</home/chrzissis/cclyzer-souffle/tests/coreutils-8.24/chown.bc>:!581	0
</home/chrzissis/cclyzer-souffle/tests/coreutils-8.24/chown.bc>:!583	0
</home/chrzissis/cclyzer-souffle/tests/coreutils-8.24/chown.bc>:!584	32
</home/chrzissis/cclyzer-souffle/tests/coreutils-8.24/chown.bc>:!585	64
</home/chrzissis/cclyzer-souffle/tests/coreutils-8.24/chown.bc>:!586	128
</home/chrzissis/cclyzer-souffle/tests/coreutils-8.24/chown.bc>:!633	0
</home/chrzissis/cclyzer-souffle/tests/coreutils-8.24/chown.bc>:!646	0
</home/chrzissis/cclyzer-souffle/tests/coreutils-8.24/chown.bc>:!648	0
</home/chrzissis/cclyzer-souffle/tests/coreutils-8.24/chown.bc>:!650	0
</home/chrzissis/cclyzer-souffle/tests/coreutils-8.24/chown.bc>:!651	0
</home/chrzissis/cclyzer-souffle/tests/coreutils-8.24/chown.bc>:!652	0
</home/chrzissis/cclyzer-souffle/tests/coreutils-8.24/chown.bc>:!654	0
</home/chrzissis/cclyzer-souffle/tests/coreutils-8.24/chown.bc>:!655	64
</home/chrzissis/cclyzer-souffle/tests/coreutils-8.24/chown.bc>:!656	128
</home/chrzissis/cclyzer-souffle/tests/coreutils-8.24/chown.bc>:!657	192
</home/chrzissis/cclyzer-souffle/tests/coreutils-8.24/chown.bc>:!658	256
</home/chrzissis/cclyzer-souffle/tests/coreutils-8.24/chown.bc>:!659	320
</home/chrzissis/cclyzer-souffle/tests/coreutils-8.24/chown.bc>:!660	384
</home/chrzissis/cclyzer-souffle/tests/coreutils-8.24/chown.bc>:!661	448
</home/chrzissis/cclyzer-souffle/tests/coreutils-8.24/chown.bc>:!662	512
</home/chrzissis/cclyzer-souffle/tests/coreutils-8.24/chown.bc>:!663	544
</home/chrzissis/cclyzer-souffle/tests/coreutils-8.24/chown.bc>:!664	576
</home/chrzissis/cclyzer-souffle/tests/coreutils-8.24/chown.bc>:!665	640
</home/chrzissis/cclyzer-souffle/tests/coreutils-8.24/chown.bc>:!666	704
</home/chrzissis/cclyzer-souffle/tests/coreutils-8.24/chown.bc>:!667	768
</home/chrzissis/cclyzer-souffle/tests/coreutils-8.24/chown.bc>:!668	832
</home/chrzissis/cclyzer-souffle/tests/coreutils-8.24/chown.bc>:!669	896
</home/chrzissis/cclyzer-souffle/tests/coreutils-8.24/chown.bc>:!670	912
</home/chrzissis/cclyzer-souffle/tests/coreutils-8.24/chown.bc>:!671	928
</home/chrzissis/cclyzer-souffle/tests/coreutils-8.24/chown.bc>:!672	960
</home/chrzissis/cclyzer-souffle/tests/coreutils-8.24/chown.bc>:!673	0
</home/chrzissis/cclyzer-souffle/tests/coreutils-8.24/chown.bc>:!674	0
</home/chrzissis/cclyzer-souffle/tests/coreutils-8.24/chown.bc>:!676	0
</home/chrzissis/cclyzer-souffle/tests/coreutils-8.24/chown.bc>:!677	64
</home/chrzissis/cclyzer-souffle/tests/coreutils-8.24/chown.bc>:!678	128
</home/chrzissis/cclyzer-souffle/tests/coreutils-8.24/chown.bc>:!679	192
</home/chrzissis/cclyzer-souffle/tests/coreutils-8.24/chown.bc>:!680	224
</home/chrzissis/cclyzer-souffle/tests/coreutils-8.24/chown.bc>:!681	256
</home/chrzissis/cclyzer-souffle/tests/coreutils-8.24/chown.bc>:!682	288
</home/chrzissis/cclyzer-souffle/tests/coreutils-8.24/chown.bc>:!683	320
</home/chrzissis/cclyzer-souffle/tests/coreutils-8.24/chown.bc>:!684	384
</home/chrzissis/cclyzer-souffle/tests/coreutils-8.24/chown.bc>:!685	448
</home/chrzissis/cclyzer-souffle/tests/coreutils-8.24/chown.bc>:!686	512
</home/chrzissis/cclyzer-souffle/tests/coreutils-8.24/chown.bc>:!687	576
</home/chrzissis/cclyzer-souffle/tests/coreutils-8.24/chown.bc>:!688	0
</home/chrzissis/cclyzer-souffle/tests/coreutils-8.24/chown.bc>:!690	0
</home/chrzissis/cclyzer-souffle/tests/coreutils-8.24/chown.bc>:!691	64
</home/chrzissis/cclyzer-souffle/tests/coreutils-8.24/chown.bc>:!692	704
</home/chrzissis/cclyzer-souffle/tests/coreutils-8.24/chown.bc>:!693	832
</home/chrzissis/cclyzer-souffle/tests/coreutils-8.24/chown.bc>:!694	960
</home/chrzissis/cclyzer-souffle/tests/coreutils-8.24/chown.bc>:!695	2112
</home/chrzissis/cclyzer-souffle/tests/coreutils-8.24/chown.bc>:!696	64
</home/chrzissis/cclyzer-souffle/tests/coreutils-8.24/chown.bc>:!697	128
</home/chrzissis/cclyzer-souffle/tests/coreutils-8.24/chown.bc>:!698	0
</home/chrzissis/cclyzer-souffle/tests/coreutils-8.24/chown.bc>:!699	192
</home/chrzissis/cclyzer-souffle/tests/coreutils-8.24/chown.bc>:!700	256
</home/chrzissis/cclyzer-souffle/tests/coreutils-8.24/chown.bc>:!701	320
</home/chrzissis/cclyzer-souffle/tests/coreutils-8.24/chown.bc>:!702	352
</home/chrzissis/cclyzer-souffle/tests/coreutils-8.24/chown.bc>:!703	384
</home/chrzissis/cclyzer-souffle/tests/coreutils-8.24/chown.bc>:!704	448
</home/chrzissis/cclyzer-souffle/tests/coreutils-8.24/chown.bc>:!705	512
</home/chrzissis/cclyzer-souffle/tests/coreutils-8.24/chown.bc>:!706	0
</home/chrzissis/cclyzer-souffle/tests/coreutils-8.24/chown.bc>:!709	0
</home/chrzissis/cclyzer-souffle/tests/coreutils-8.24/chown.bc>:!710	0
</home/chrzissis/cclyzer-souffle/tests/coreutils-8.24/chown.bc>:!712	576
</home/chrzissis/cclyzer-souffle/tests/coreutils-8.24/chown.bc>:!713	640
</home/chrzissis/cclyzer-souffle/tests/coreutils-8.24/chown.bc>:!714	704
</home/chrzissis/cclyzer-souffle/tests/coreutils-8.24/chown.bc>:!715	0
</home/chrzissis/cclyzer-souffle/tests/coreutils-8.24/chown.bc>:!717	0
</home/chrzissis/cclyzer-souffle/tests/coreutils-8.24/chown.bc>:!718	0
</home/chrzissis/cclyzer-souffle/tests/coreutils-8.24/chown.bc>:!719	768
</home/chrzissis/cclyzer-souffle/tests/coreutils-8.24/chown.bc>:!721	0
</home/chrzissis/cclyzer-souffle/tests/coreutils-8.24/chown.bc>:!723	0
</home/chrzissis/cclyzer-souffle/tests/coreutils-8.24/chown.bc>:!724	128
</home/chrzissis/cclyzer-souffle/tests/coreutils-8.24/chown.bc>:!725	160
</home/chrzissis/cclyzer-souffle/tests/coreutils-8.24/chown.bc>:!726	192
</home/chrzissis/cclyzer-souffle/tests/coreutils-8.24/chown.bc>:!727	224
</home/chrzissis/cclyzer-souffle/tests/coreutils-8.24/chown.bc>:!728	0
</home/chrzissis/cclyzer-souffle/tests/coreutils-8.24/chown.bc>:!730	0
</home/chrzissis/cclyzer-souffle/tests/coreutils-8.24/chown.bc>:!733	0
</home/chrzissis/cclyzer-souffle/tests/coreutils-8.24/chown.bc>:!734	0
</home/chrzissis/cclyzer-souffle/tests/coreutils-8.24/chown.bc>:!740	0
</home/chrzissis/cclyzer-souffle/tests/coreutils-8.24/chown.bc>:!489	0
</home/chrzissis/cclyzer-souffle/tests/coreutils-8.24/chown.bc>:!752	0
</home/chrzissis/cclyzer-souffle/tests/coreutils-8.24/chown.bc>:!775	0
</home/chrzissis/cclyzer-souffle/tests/coreutils-8.24/chown.bc>:!777	0
</home/chrzissis/cclyzer-souffle/tests/coreutils-8.24/chown.bc>:!779	0
</home/chrzissis/cclyzer-souffle/tests/coreutils-8.24/chown.bc>:!780	0
</home/chrzissis/cclyzer-souffle/tests/coreutils-8.24/chown.bc>:!781	0
</home/chrzissis/cclyzer-souffle/tests/coreutils-8.24/chown.bc>:!783	0
</home/chrzissis/cclyzer-souffle/tests/coreutils-8.24/chown.bc>:!784	64
</home/chrzissis/cclyzer-souffle/tests/coreutils-8.24/chown.bc>:!785	128
</home/chrzissis/cclyzer-souffle/tests/coreutils-8.24/chown.bc>:!786	192
</home/chrzissis/cclyzer-souffle/tests/coreutils-8.24/chown.bc>:!787	256
</home/chrzissis/cclyzer-souffle/tests/coreutils-8.24/chown.bc>:!788	320
</home/chrzissis/cclyzer-souffle/tests/coreutils-8.24/chown.bc>:!789	384
</home/chrzissis/cclyzer-souffle/tests/coreutils-8.24/chown.bc>:!790	448
</home/chrzissis/cclyzer-souffle/tests/coreutils-8.24/chown.bc>:!791	512
</home/chrzissis/cclyzer-souffle/tests/coreutils-8.24/chown.bc>:!792	544
</home/chrzissis/cclyzer-souffle/tests/coreutils-8.24/chown.bc>:!793	576
</home/chrzissis/cclyzer-souffle/tests/coreutils-8.24/chown.bc>:!794	640
</home/chrzissis/cclyzer-souffle/tests/coreutils-8.24/chown.bc>:!795	704
</home/chrzissis/cclyzer-souffle/tests/coreutils-8.24/chown.bc>:!796	768
</home/chrzissis/cclyzer-souffle/tests/coreutils-8.24/chown.bc>:!797	832
</home/chrzissis/cclyzer-souffle/tests/coreutils-8.24/chown.bc>:!798	896
</home/chrzissis/cclyzer-souffle/tests/coreutils-8.24/chown.bc>:!799	912
</home/chrzissis/cclyzer-souffle/tests/coreutils-8.24/chown.bc>:!800	928
</home/chrzissis/cclyzer-souffle/tests/coreutils-8.24/chown.bc>:!801	960
</home/chrzissis/cclyzer-souffle/tests/coreutils-8.24/chown.bc>:!802	0
</home/chrzissis/cclyzer-souffle/tests/coreutils-8.24/chown.bc>:!803	0
</home/chrzissis/cclyzer-souffle/tests/coreutils-8.24/chown.bc>:!805	0
</home/chrzissis/cclyzer-souffle/tests/coreutils-8.24/chown.bc>:!806	64
</home/chrzissis/cclyzer-souffle/tests/coreutils-8.24/chown.bc>:!807	128
</home/chrzissis/cclyzer-souffle/tests/coreutils-8.24/chown.bc>:!808	192
</home/chrzissis/cclyzer-souffle/tests/coreutils-8.24/chown.bc>:!809	224
</home/chrzissis/cclyzer-souffle/tests/coreutils-8.24/chown.bc>:!810	256
</home/chrzissis/cclyzer-souffle/tests/coreutils-8.24/chown.bc>:!811	288
</home/chrzissis/cclyzer-souffle/tests/coreutils-8.24/chown.bc>:!812	320
</home/chrzissis/cclyzer-souffle/tests/coreutils-8.24/chown.bc>:!813	384
</home/chrzissis/cclyzer-souffle/tests/coreutils-8.24/chown.bc>:!814	448
</home/chrzissis/cclyzer-souffle/tests/coreutils-8.24/chown.bc>:!815	512
</home/chrzissis/cclyzer-souffle/tests/coreutils-8.24/chown.bc>:!816	576
</home/chrzissis/cclyzer-souffle/tests/coreutils-8.24/chown.bc>:!817	0
</home/chrzissis/cclyzer-souffle/tests/coreutils-8.24/chown.bc>:!819	0
</home/chrzissis/cclyzer-souffle/tests/coreutils-8.24/chown.bc>:!820	64
</home/chrzissis/cclyzer-souffle/tests/coreutils-8.24/chown.bc>:!821	704
</home/chrzissis/cclyzer-souffle/tests/coreutils-8.24/chown.bc>:!822	832
</home/chrzissis/cclyzer-souffle/tests/coreutils-8.24/chown.bc>:!823	960
</home/chrzissis/cclyzer-souffle/tests/coreutils-8.24/chown.bc>:!824	2112
</home/chrzissis/cclyzer-souffle/tests/coreutils-8.24/chown.bc>:!825	64
</home/chrzissis/cclyzer-souffle/tests/coreutils-8.24/chown.bc>:!826	128
</home/chrzissis/cclyzer-souffle/tests/coreutils-8.24/chown.bc>:!827	0
</home/chrzissis/cclyzer-souffle/tests/coreutils-8.24/chown.bc>:!828	192
</home/chrzissis/cclyzer-souffle/tests/coreutils-8.24/chown.bc>:!829	256
</home/chrzissis/cclyzer-souffle/tests/coreutils-8.24/chown.bc>:!830	320
</home/chrzissis/cclyzer-souffle/tests/coreutils-8.24/chown.bc>:!831	352
</home/chrzissis/cclyzer-souffle/tests/coreutils-8.24/chown.bc>:!832	384
</home/chrzissis/cclyzer-souffle/tests/coreutils-8.24/chown.bc>:!833	448
</home/chrzissis/cclyzer-souffle/tests/coreutils-8.24/chown.bc>:!834	512
</home/chrzissis/cclyzer-souffle/tests/coreutils-8.24/chown.bc>:!835	0
</home/chrzissis/cclyzer-souffle/tests/coreutils-8.24/chown.bc>:!838	0
</home/chrzissis/cclyzer-souffle/tests/coreutils-8.24/chown.bc>:!839	0
</home/chrzissis/cclyzer-souffle/tests/coreutils-8.24/chown.bc>:!841	576
</home/chrzissis/cclyzer-souffle/tests/coreutils-8.24/chown.bc>:!842	640
</home/chrzissis/cclyzer-souffle/tests/coreutils-8.24/chown.bc>:!843	704
</home/chrzissis/cclyzer-souffle/tests/coreutils-8.24/chown.bc>:!844	0
</home/chrzissis/cclyzer-souffle/tests/coreutils-8.24/chown.bc>:!846	0
</home/chrzissis/cclyzer-souffle/tests/coreutils-8.24/chown.bc>:!847	0
</home/chrzissis/cclyzer-souffle/tests/coreutils-8.24/chown.bc>:!848	0
</home/chrzissis/cclyzer-souffle/tests/coreutils-8.24/chown.bc>:!849	0
</home/chrzissis/cclyzer-souffle/tests/coreutils-8.24/chown.bc>:!852	0
</home/chrzissis/cclyzer-souffle/tests/coreutils-8.24/chown.bc>:!853	0
</home/chrzissis/cclyzer-souffle/tests/coreutils-8.24/chown.bc>:!855	0
</home/chrzissis/cclyzer-souffle/tests/coreutils-8.24/chown.bc>:!856	64
</home/chrzissis/cclyzer-souffle/tests/coreutils-8.24/chown.bc>:!857	128
</home/chrzissis/cclyzer-souffle/tests/coreutils-8.24/chown.bc>:!858	192
</home/chrzissis/cclyzer-souffle/tests/coreutils-8.24/chown.bc>:!859	768
</home/chrzissis/cclyzer-souffle/tests/coreutils-8.24/chown.bc>:!861	0
</home/chrzissis/cclyzer-souffle/tests/coreutils-8.24/chown.bc>:!863	0
</home/chrzissis/cclyzer-souffle/tests/coreutils-8.24/chown.bc>:!864	128
</home/chrzissis/cclyzer-souffle/tests/coreutils-8.24/chown.bc>:!865	160
</home/chrzissis/cclyzer-souffle/tests/coreutils-8.24/chown.bc>:!866	192
</home/chrzissis/cclyzer-souffle/tests/coreutils-8.24/chown.bc>:!867	224
</home/chrzissis/cclyzer-souffle/tests/coreutils-8.24/chown.bc>:!899	0
</home/chrzissis/cclyzer-souffle/tests/coreutils-8.24/chown.bc>:!891	0
</home/chrzissis/cclyzer-souffle/tests/coreutils-8.24/chown.bc>:!892	0
</home/chrzissis/cclyzer-souffle/tests/coreutils-8.24/chown.bc>:!908	0
</home/chrzissis/cclyzer-souffle/tests/coreutils-8.24/chown.bc>:!927	0
</home/chrzissis/cclyzer-souffle/tests/coreutils-8.24/chown.bc>:!932	0
</home/chrzissis/cclyzer-souffle/tests/coreutils-8.24/chown.bc>:!68	0
</home/chrzissis/cclyzer-souffle/tests/coreutils-8.24/chown.bc>:!962	0
</home/chrzissis/cclyzer-souffle/tests/coreutils-8.24/chown.bc>:!994	0
</home/chrzissis/cclyzer-souffle/tests/coreutils-8.24/chown.bc>:!996	0
</home/chrzissis/cclyzer-souffle/tests/coreutils-8.24/chown.bc>:!1000	0
</home/chrzissis/cclyzer-souffle/tests/coreutils-8.24/chown.bc>:!1002	0
</home/chrzissis/cclyzer-souffle/tests/coreutils-8.24/chown.bc>:!1003	32
</home/chrzissis/cclyzer-souffle/tests/coreutils-8.24/chown.bc>:!1004	0
</home/chrzissis/cclyzer-souffle/tests/coreutils-8.24/chown.bc>:!1006	0
</home/chrzissis/cclyzer-souffle/tests/coreutils-8.24/chown.bc>:!1007	0
</home/chrzissis/cclyzer-souffle/tests/coreutils-8.24/chown.bc>:!1008	0
</home/chrzissis/cclyzer-souffle/tests/coreutils-8.24/chown.bc>:!1034	0
</home/chrzissis/cclyzer-souffle/tests/coreutils-8.24/chown.bc>:!1036	0
</home/chrzissis/cclyzer-souffle/tests/coreutils-8.24/chown.bc>:!1038	0
</home/chrzissis/cclyzer-souffle/tests/coreutils-8.24/chown.bc>:!1039	64
</home/chrzissis/cclyzer-souffle/tests/coreutils-8.24/chown.bc>:!1040	128
</home/chrzissis/cclyzer-souffle/tests/coreutils-8.24/chown.bc>:!1041	192
</home/chrzissis/cclyzer-souffle/tests/coreutils-8.24/chown.bc>:!1042	256
</home/chrzissis/cclyzer-souffle/tests/coreutils-8.24/chown.bc>:!1043	320
</home/chrzissis/cclyzer-souffle/tests/coreutils-8.24/chown.bc>:!1044	384
</home/chrzissis/cclyzer-souffle/tests/coreutils-8.24/chown.bc>:!1045	448
</home/chrzissis/cclyzer-souffle/tests/coreutils-8.24/chown.bc>:!1046	512
</home/chrzissis/cclyzer-souffle/tests/coreutils-8.24/chown.bc>:!1047	576
</home/chrzissis/cclyzer-souffle/tests/coreutils-8.24/chown.bc>:!1048	640
</home/chrzissis/cclyzer-souffle/tests/coreutils-8.24/chown.bc>:!1049	704
</home/chrzissis/cclyzer-souffle/tests/coreutils-8.24/chown.bc>:!1050	768
</home/chrzissis/cclyzer-souffle/tests/coreutils-8.24/chown.bc>:!1051	0
</home/chrzissis/cclyzer-souffle/tests/coreutils-8.24/chown.bc>:!1052	0
</home/chrzissis/cclyzer-souffle/tests/coreutils-8.24/chown.bc>:!1054	0
</home/chrzissis/cclyzer-souffle/tests/coreutils-8.24/chown.bc>:!1055	64
</home/chrzissis/cclyzer-souffle/tests/coreutils-8.24/chown.bc>:!1056	0
</home/chrzissis/cclyzer-souffle/tests/coreutils-8.24/chown.bc>:!1057	128
</home/chrzissis/cclyzer-souffle/tests/coreutils-8.24/chown.bc>:!1058	832
</home/chrzissis/cclyzer-souffle/tests/coreutils-8.24/chown.bc>:!1059	896
</home/chrzissis/cclyzer-souffle/tests/coreutils-8.24/chown.bc>:!1060	928
</home/chrzissis/cclyzer-souffle/tests/coreutils-8.24/chown.bc>:!1061	960
</home/chrzissis/cclyzer-souffle/tests/coreutils-8.24/chown.bc>:!1062	1024
</home/chrzissis/cclyzer-souffle/tests/coreutils-8.24/chown.bc>:!1063	1040
</home/chrzissis/cclyzer-souffle/tests/coreutils-8.24/chown.bc>:!1064	1048
</home/chrzissis/cclyzer-souffle/tests/coreutils-8.24/chown.bc>:!1065	1088
</home/chrzissis/cclyzer-souffle/tests/coreutils-8.24/chown.bc>:!1066	1152
</home/chrzissis/cclyzer-souffle/tests/coreutils-8.24/chown.bc>:!1067	1216
</home/chrzissis/cclyzer-souffle/tests/coreutils-8.24/chown.bc>:!1068	1280
</home/chrzissis/cclyzer-souffle/tests/coreutils-8.24/chown.bc>:!1069	1344
</home/chrzissis/cclyzer-souffle/tests/coreutils-8.24/chown.bc>:!1070	1408
</home/chrzissis/cclyzer-souffle/tests/coreutils-8.24/chown.bc>:!1071	1472
</home/chrzissis/cclyzer-souffle/tests/coreutils-8.24/chown.bc>:!1072	1536
</home/chrzissis/cclyzer-souffle/tests/coreutils-8.24/chown.bc>:!1073	1568
</home/chrzissis/cclyzer-souffle/tests/coreutils-8.24/chown.bc>:!1080	0
</home/chrzissis/cclyzer-souffle/tests/coreutils-8.24/chown.bc>:!1081	0
</home/chrzissis/cclyzer-souffle/tests/coreutils-8.24/chown.bc>:!1083	0
</home/chrzissis/cclyzer-souffle/tests/coreutils-8.24/chown.bc>:!1084	0
</home/chrzissis/cclyzer-souffle/tests/coreutils-8.24/chown.bc>:!1086	0
</home/chrzissis/cclyzer-souffle/tests/coreutils-8.24/chown.bc>:!1087	64
</home/chrzissis/cclyzer-souffle/tests/coreutils-8.24/chown.bc>:!1088	128
</home/chrzissis/cclyzer-souffle/tests/coreutils-8.24/chown.bc>:!1089	192
</home/chrzissis/cclyzer-souffle/tests/coreutils-8.24/chown.bc>:!1093	0
</home/chrzissis/cclyzer-souffle/tests/coreutils-8.24/chown.bc>:!1095	0
</home/chrzissis/cclyzer-souffle/tests/coreutils-8.24/chown.bc>:!1097	0
</home/chrzissis/cclyzer-souffle/tests/coreutils-8.24/chown.bc>:!1098	64
</home/chrzissis/cclyzer-souffle/tests/coreutils-8.24/chown.bc>:!1099	128
</home/chrzissis/cclyzer-souffle/tests/coreutils-8.24/chown.bc>:!1100	192
</home/chrzissis/cclyzer-souffle/tests/coreutils-8.24/chown.bc>:!1101	224
</home/chrzissis/cclyzer-souffle/tests/coreutils-8.24/chown.bc>:!1102	256
</home/chrzissis/cclyzer-souffle/tests/coreutils-8.24/chown.bc>:!1103	288
</home/chrzissis/cclyzer-souffle/tests/coreutils-8.24/chown.bc>:!1104	320
</home/chrzissis/cclyzer-souffle/tests/coreutils-8.24/chown.bc>:!1105	384
</home/chrzissis/cclyzer-souffle/tests/coreutils-8.24/chown.bc>:!1106	448
</home/chrzissis/cclyzer-souffle/tests/coreutils-8.24/chown.bc>:!1107	512
</home/chrzissis/cclyzer-souffle/tests/coreutils-8.24/chown.bc>:!1108	576
</home/chrzissis/cclyzer-souffle/tests/coreutils-8.24/chown.bc>:!1109	0
</home/chrzissis/cclyzer-souffle/tests/coreutils-8.24/chown.bc>:!1111	0
</home/chrzissis/cclyzer-souffle/tests/coreutils-8.24/chown.bc>:!1112	64
</home/chrzissis/cclyzer-souffle/tests/coreutils-8.24/chown.bc>:!1113	704
</home/chrzissis/cclyzer-souffle/tests/coreutils-8.24/chown.bc>:!1114	832
</home/chrzissis/cclyzer-souffle/tests/coreutils-8.24/chown.bc>:!1115	960
</home/chrzissis/cclyzer-souffle/tests/coreutils-8.24/chown.bc>:!1132	0
</home/chrzissis/cclyzer-souffle/tests/coreutils-8.24/chown.bc>:!1136	0
</home/chrzissis/cclyzer-souffle/tests/coreutils-8.24/chown.bc>:!1138	0
</home/chrzissis/cclyzer-souffle/tests/coreutils-8.24/chown.bc>:!1139	0
</home/chrzissis/cclyzer-souffle/tests/coreutils-8.24/chown.bc>:!1140	0
</home/chrzissis/cclyzer-souffle/tests/coreutils-8.24/chown.bc>:!1142	0
</home/chrzissis/cclyzer-souffle/tests/coreutils-8.24/chown.bc>:!1143	64
</home/chrzissis/cclyzer-souffle/tests/coreutils-8.24/chown.bc>:!1144	64
</home/chrzissis/cclyzer-souffle/tests/coreutils-8.24/chown.bc>:!1145	0
</home/chrzissis/cclyzer-souffle/tests/coreutils-8.24/chown.bc>:!1147	128
</home/chrzissis/cclyzer-souffle/tests/coreutils-8.24/chown.bc>:!1148	192
</home/chrzissis/cclyzer-souffle/tests/coreutils-8.24/chown.bc>:!1149	256
</home/chrzissis/cclyzer-souffle/tests/coreutils-8.24/chown.bc>:!1150	320
</home/chrzissis/cclyzer-souffle/tests/coreutils-8.24/chown.bc>:!1151	0
</home/chrzissis/cclyzer-souffle/tests/coreutils-8.24/chown.bc>:!1154	0
</home/chrzissis/cclyzer-souffle/tests/coreutils-8.24/chown.bc>:!1156	0
</home/chrzissis/cclyzer-souffle/tests/coreutils-8.24/chown.bc>:!1157	0
</home/chrzissis/cclyzer-souffle/tests/coreutils-8.24/chown.bc>:!1158	32
</home/chrzissis/cclyzer-souffle/tests/coreutils-8.24/chown.bc>:!1159	64
</home/chrzissis/cclyzer-souffle/tests/coreutils-8.24/chown.bc>:!1160	96
</home/chrzissis/cclyzer-souffle/tests/coreutils-8.24/chown.bc>:!1161	128
</home/chrzissis/cclyzer-souffle/tests/coreutils-8.24/chown.bc>:!1162	384
</home/chrzissis/cclyzer-souffle/tests/coreutils-8.24/chown.bc>:!1164	0
</home/chrzissis/cclyzer-souffle/tests/coreutils-8.24/chown.bc>:!1165	448
</home/chrzissis/cclyzer-souffle/tests/coreutils-8.24/chown.bc>:!1167	0
</home/chrzissis/cclyzer-souffle/tests/coreutils-8.24/chown.bc>:!1168	512
</home/chrzissis/cclyzer-souffle/tests/coreutils-8.24/chown.bc>:!1170	0
</home/chrzissis/cclyzer-souffle/tests/coreutils-8.24/chown.bc>:!1173	576
</home/chrzissis/cclyzer-souffle/tests/coreutils-8.24/chown.bc>:!1183	0
</home/chrzissis/cclyzer-souffle/tests/coreutils-8.24/chown.bc>:!1185	0
</home/chrzissis/cclyzer-souffle/tests/coreutils-8.24/chown.bc>:!1187	0
</home/chrzissis/cclyzer-souffle/tests/coreutils-8.24/chown.bc>:!1188	64
</home/chrzissis/cclyzer-souffle/tests/coreutils-8.24/chown.bc>:!1189	128
</home/chrzissis/cclyzer-souffle/tests/coreutils-8.24/chown.bc>:!1190	192
</home/chrzissis/cclyzer-souffle/tests/coreutils-8.24/chown.bc>:!1191	256
</home/chrzissis/cclyzer-souffle/tests/coreutils-8.24/chown.bc>:!1192	320
</home/chrzissis/cclyzer-souffle/tests/coreutils-8.24/chown.bc>:!1193	384
</home/chrzissis/cclyzer-souffle/tests/coreutils-8.24/chown.bc>:!1194	448
</home/chrzissis/cclyzer-souffle/tests/coreutils-8.24/chown.bc>:!1195	512
</home/chrzissis/cclyzer-souffle/tests/coreutils-8.24/chown.bc>:!1196	576
</home/chrzissis/cclyzer-souffle/tests/coreutils-8.24/chown.bc>:!1197	640
</home/chrzissis/cclyzer-souffle/tests/coreutils-8.24/chown.bc>:!1198	704
</home/chrzissis/cclyzer-souffle/tests/coreutils-8.24/chown.bc>:!1199	768
</home/chrzissis/cclyzer-souffle/tests/coreutils-8.24/chown.bc>:!1200	0
</home/chrzissis/cclyzer-souffle/tests/coreutils-8.24/chown.bc>:!1201	0
</home/chrzissis/cclyzer-souffle/tests/coreutils-8.24/chown.bc>:!1203	0
</home/chrzissis/cclyzer-souffle/tests/coreutils-8.24/chown.bc>:!1204	64
</home/chrzissis/cclyzer-souffle/tests/coreutils-8.24/chown.bc>:!1205	0
</home/chrzissis/cclyzer-souffle/tests/coreutils-8.24/chown.bc>:!1206	128
</home/chrzissis/cclyzer-souffle/tests/coreutils-8.24/chown.bc>:!1207	832
</home/chrzissis/cclyzer-souffle/tests/coreutils-8.24/chown.bc>:!1208	896
</home/chrzissis/cclyzer-souffle/tests/coreutils-8.24/chown.bc>:!1209	928
</home/chrzissis/cclyzer-souffle/tests/coreutils-8.24/chown.bc>:!1210	960
</home/chrzissis/cclyzer-souffle/tests/coreutils-8.24/chown.bc>:!1211	1024
</home/chrzissis/cclyzer-souffle/tests/coreutils-8.24/chown.bc>:!1212	1040
</home/chrzissis/cclyzer-souffle/tests/coreutils-8.24/chown.bc>:!1213	1048
</home/chrzissis/cclyzer-souffle/tests/coreutils-8.24/chown.bc>:!1214	1088
</home/chrzissis/cclyzer-souffle/tests/coreutils-8.24/chown.bc>:!1215	1152
</home/chrzissis/cclyzer-souffle/tests/coreutils-8.24/chown.bc>:!1216	1216
</home/chrzissis/cclyzer-souffle/tests/coreutils-8.24/chown.bc>:!1217	1280
</home/chrzissis/cclyzer-souffle/tests/coreutils-8.24/chown.bc>:!1218	1344
</home/chrzissis/cclyzer-souffle/tests/coreutils-8.24/chown.bc>:!1219	1408
</home/chrzissis/cclyzer-souffle/tests/coreutils-8.24/chown.bc>:!1220	1472
</home/chrzissis/cclyzer-souffle/tests/coreutils-8.24/chown.bc>:!1221	1536
</home/chrzissis/cclyzer-souffle/tests/coreutils-8.24/chown.bc>:!1222	1568
</home/chrzissis/cclyzer-souffle/tests/coreutils-8.24/chown.bc>:!1233	0
</home/chrzissis/cclyzer-souffle/tests/coreutils-8.24/chown.bc>:!1238	0
</home/chrzissis/cclyzer-souffle/tests/coreutils-8.24/chown.bc>:!1247	0
</home/chrzissis/cclyzer-souffle/tests/coreutils-8.24/chown.bc>:!1251	0
</home/chrzissis/cclyzer-souffle/tests/coreutils-8.24/chown.bc>:!1262	0
</home/chrzissis/cclyzer-souffle/tests/coreutils-8.24/chown.bc>:!1293	0
</home/chrzissis/cclyzer-souffle/tests/coreutils-8.24/chown.bc>:!1309	0
</home/chrzissis/cclyzer-souffle/tests/coreutils-8.24/chown.bc>:!1311	0
</home/chrzissis/cclyzer-souffle/tests/coreutils-8.24/chown.bc>:!1313	0
</home/chrzissis/cclyzer-souffle/tests/coreutils-8.24/chown.bc>:!1314	128
</home/chrzissis/cclyzer-souffle/tests/coreutils-8.24/chown.bc>:!1315	160
</home/chrzissis/cclyzer-souffle/tests/coreutils-8.24/chown.bc>:!1316	192
</home/chrzissis/cclyzer-souffle/tests/coreutils-8.24/chown.bc>:!1317	224
</home/chrzissis/cclyzer-souffle/tests/coreutils-8.24/chown.bc>:!1321	0
</home/chrzissis/cclyzer-souffle/tests/coreutils-8.24/chown.bc>:!1698	0
</home/chrzissis/cclyzer-souffle/tests/coreutils-8.24/chown.bc>:!1700	0
</home/chrzissis/cclyzer-souffle/tests/coreutils-8.24/chown.bc>:!1702	0
</home/chrzissis/cclyzer-souffle/tests/coreutils-8.24/chown.bc>:!1703	64
</home/chrzissis/cclyzer-souffle/tests/coreutils-8.24/chown.bc>:!1704	128
</home/chrzissis/cclyzer-souffle/tests/coreutils-8.24/chown.bc>:!1705	192
</home/chrzissis/cclyzer-souffle/tests/coreutils-8.24/chown.bc>:!1706	256
</home/chrzissis/cclyzer-souffle/tests/coreutils-8.24/chown.bc>:!1707	320
</home/chrzissis/cclyzer-souffle/tests/coreutils-8.24/chown.bc>:!1708	384
</home/chrzissis/cclyzer-souffle/tests/coreutils-8.24/chown.bc>:!1709	448
</home/chrzissis/cclyzer-souffle/tests/coreutils-8.24/chown.bc>:!1710	512
</home/chrzissis/cclyzer-souffle/tests/coreutils-8.24/chown.bc>:!1711	576
</home/chrzissis/cclyzer-souffle/tests/coreutils-8.24/chown.bc>:!1712	640
</home/chrzissis/cclyzer-souffle/tests/coreutils-8.24/chown.bc>:!1713	704
</home/chrzissis/cclyzer-souffle/tests/coreutils-8.24/chown.bc>:!1714	768
</home/chrzissis/cclyzer-souffle/tests/coreutils-8.24/chown.bc>:!1715	0
</home/chrzissis/cclyzer-souffle/tests/coreutils-8.24/chown.bc>:!1716	0
</home/chrzissis/cclyzer-souffle/tests/coreutils-8.24/chown.bc>:!1718	0
</home/chrzissis/cclyzer-souffle/tests/coreutils-8.24/chown.bc>:!1719	64
</home/chrzissis/cclyzer-souffle/tests/coreutils-8.24/chown.bc>:!1720	0
</home/chrzissis/cclyzer-souffle/tests/coreutils-8.24/chown.bc>:!1721	128
</home/chrzissis/cclyzer-souffle/tests/coreutils-8.24/chown.bc>:!1722	832
</home/chrzissis/cclyzer-souffle/tests/coreutils-8.24/chown.bc>:!1723	896
</home/chrzissis/cclyzer-souffle/tests/coreutils-8.24/chown.bc>:!1724	928
</home/chrzissis/cclyzer-souffle/tests/coreutils-8.24/chown.bc>:!1725	960
</home/chrzissis/cclyzer-souffle/tests/coreutils-8.24/chown.bc>:!1726	1024
</home/chrzissis/cclyzer-souffle/tests/coreutils-8.24/chown.bc>:!1727	1040
</home/chrzissis/cclyzer-souffle/tests/coreutils-8.24/chown.bc>:!1728	1048
</home/chrzissis/cclyzer-souffle/tests/coreutils-8.24/chown.bc>:!1729	1088
</home/chrzissis/cclyzer-souffle/tests/coreutils-8.24/chown.bc>:!1730	1152
</home/chrzissis/cclyzer-souffle/tests/coreutils-8.24/chown.bc>:!1731	1216
</home/chrzissis/cclyzer-souffle/tests/coreutils-8.24/chown.bc>:!1732	1280
</home/chrzissis/cclyzer-souffle/tests/coreutils-8.24/chown.bc>:!1733	1344
</home/chrzissis/cclyzer-souffle/tests/coreutils-8.24/chown.bc>:!1734	1408
</home/chrzissis/cclyzer-souffle/tests/coreutils-8.24/chown.bc>:!1735	1472
</home/chrzissis/cclyzer-souffle/tests/coreutils-8.24/chown.bc>:!1736	1536
</home/chrzissis/cclyzer-souffle/tests/coreutils-8.24/chown.bc>:!1737	1568
</home/chrzissis/cclyzer-souffle/tests/coreutils-8.24/chown.bc>:!1752	0
</home/chrzissis/cclyzer-souffle/tests/coreutils-8.24/chown.bc>:!1754	0
</home/chrzissis/cclyzer-souffle/tests/coreutils-8.24/chown.bc>:!1756	0
</home/chrzissis/cclyzer-souffle/tests/coreutils-8.24/chown.bc>:!1757	64
</home/chrzissis/cclyzer-souffle/tests/coreutils-8.24/chown.bc>:!1758	128
</home/chrzissis/cclyzer-souffle/tests/coreutils-8.24/chown.bc>:!1759	192
</home/chrzissis/cclyzer-souffle/tests/coreutils-8.24/chown.bc>:!1760	256
</home/chrzissis/cclyzer-souffle/tests/coreutils-8.24/chown.bc>:!1761	320
</home/chrzissis/cclyzer-souffle/tests/coreutils-8.24/chown.bc>:!1762	384
</home/chrzissis/cclyzer-souffle/tests/coreutils-8.24/chown.bc>:!1763	448
</home/chrzissis/cclyzer-souffle/tests/coreutils-8.24/chown.bc>:!1764	512
</home/chrzissis/cclyzer-souffle/tests/coreutils-8.24/chown.bc>:!1765	576
</home/chrzissis/cclyzer-souffle/tests/coreutils-8.24/chown.bc>:!1766	640
</home/chrzissis/cclyzer-souffle/tests/coreutils-8.24/chown.bc>:!1767	704
</home/chrzissis/cclyzer-souffle/tests/coreutils-8.24/chown.bc>:!1768	768
</home/chrzissis/cclyzer-souffle/tests/coreutils-8.24/chown.bc>:!1769	0
</home/chrzissis/cclyzer-souffle/tests/coreutils-8.24/chown.bc>:!1770	0
</home/chrzissis/cclyzer-souffle/tests/coreutils-8.24/chown.bc>:!1772	0
</home/chrzissis/cclyzer-souffle/tests/coreutils-8.24/chown.bc>:!1773	64
</home/chrzissis/cclyzer-souffle/tests/coreutils-8.24/chown.bc>:!1774	0
</home/chrzissis/cclyzer-souffle/tests/coreutils-8.24/chown.bc>:!1775	128
</home/chrzissis/cclyzer-souffle/tests/coreutils-8.24/chown.bc>:!1776	832
</home/chrzissis/cclyzer-souffle/tests/coreutils-8.24/chown.bc>:!1777	896
</home/chrzissis/cclyzer-souffle/tests/coreutils-8.24/chown.bc>:!1778	928
</home/chrzissis/cclyzer-souffle/tests/coreutils-8.24/chown.bc>:!1779	960
</home/chrzissis/cclyzer-souffle/tests/coreutils-8.24/chown.bc>:!1780	1024
</home/chrzissis/cclyzer-souffle/tests/coreutils-8.24/chown.bc>:!1781	1040
</home/chrzissis/cclyzer-souffle/tests/coreutils-8.24/chown.bc>:!1782	1048
</home/chrzissis/cclyzer-souffle/tests/coreutils-8.24/chown.bc>:!1783	1088
</home/chrzissis/cclyzer-souffle/tests/coreutils-8.24/chown.bc>:!1784	1152
</home/chrzissis/cclyzer-souffle/tests/coreutils-8.24/chown.bc>:!1785	1216
</home/chrzissis/cclyzer-souffle/tests/coreutils-8.24/chown.bc>:!1786	1280
</home/chrzissis/cclyzer-souffle/tests/coreutils-8.24/chown.bc>:!1787	1344
</home/chrzissis/cclyzer-souffle/tests/coreutils-8.24/chown.bc>:!1788	1408
</home/chrzissis/cclyzer-souffle/tests/coreutils-8.24/chown.bc>:!1789	1472
</home/chrzissis/cclyzer-souffle/tests/coreutils-8.24/chown.bc>:!1790	1536
</home/chrzissis/cclyzer-souffle/tests/coreutils-8.24/chown.bc>:!1791	1568
</home/chrzissis/cclyzer-souffle/tests/coreutils-8.24/chown.bc>:!1801	0
</home/chrzissis/cclyzer-souffle/tests/coreutils-8.24/chown.bc>:!1803	0
</home/chrzissis/cclyzer-souffle/tests/coreutils-8.24/chown.bc>:!1805	0
</home/chrzissis/cclyzer-souffle/tests/coreutils-8.24/chown.bc>:!1806	64
</home/chrzissis/cclyzer-souffle/tests/coreutils-8.24/chown.bc>:!1807	128
</home/chrzissis/cclyzer-souffle/tests/coreutils-8.24/chown.bc>:!1808	192
</home/chrzissis/cclyzer-souffle/tests/coreutils-8.24/chown.bc>:!1809	256
</home/chrzissis/cclyzer-souffle/tests/coreutils-8.24/chown.bc>:!1810	320
</home/chrzissis/cclyzer-souffle/tests/coreutils-8.24/chown.bc>:!1811	384
</home/chrzissis/cclyzer-souffle/tests/coreutils-8.24/chown.bc>:!1812	448
</home/chrzissis/cclyzer-souffle/tests/coreutils-8.24/chown.bc>:!1813	512
</home/chrzissis/cclyzer-souffle/tests/coreutils-8.24/chown.bc>:!1814	576
</home/chrzissis/cclyzer-souffle/tests/coreutils-8.24/chown.bc>:!1815	640
</home/chrzissis/cclyzer-souffle/tests/coreutils-8.24/chown.bc>:!1816	704
</home/chrzissis/cclyzer-souffle/tests/coreutils-8.24/chown.bc>:!1817	768
</home/chrzissis/cclyzer-souffle/tests/coreutils-8.24/chown.bc>:!1818	0
</home/chrzissis/cclyzer-souffle/tests/coreutils-8.24/chown.bc>:!1819	0
</home/chrzissis/cclyzer-souffle/tests/coreutils-8.24/chown.bc>:!1821	0
</home/chrzissis/cclyzer-souffle/tests/coreutils-8.24/chown.bc>:!1822	64
</home/chrzissis/cclyzer-souffle/tests/coreutils-8.24/chown.bc>:!1823	0
</home/chrzissis/cclyzer-souffle/tests/coreutils-8.24/chown.bc>:!1824	128
</home/chrzissis/cclyzer-souffle/tests/coreutils-8.24/chown.bc>:!1825	832
</home/chrzissis/cclyzer-souffle/tests/coreutils-8.24/chown.bc>:!1826	896
</home/chrzissis/cclyzer-souffle/tests/coreutils-8.24/chown.bc>:!1827	928
</home/chrzissis/cclyzer-souffle/tests/coreutils-8.24/chown.bc>:!1828	960
</home/chrzissis/cclyzer-souffle/tests/coreutils-8.24/chown.bc>:!1829	1024
</home/chrzissis/cclyzer-souffle/tests/coreutils-8.24/chown.bc>:!1830	1040
</home/chrzissis/cclyzer-souffle/tests/coreutils-8.24/chown.bc>:!1831	1048
</home/chrzissis/cclyzer-souffle/tests/coreutils-8.24/chown.bc>:!1832	1088
</home/chrzissis/cclyzer-souffle/tests/coreutils-8.24/chown.bc>:!1833	1152
</home/chrzissis/cclyzer-souffle/tests/coreutils-8.24/chown.bc>:!1834	1216
</home/chrzissis/cclyzer-souffle/tests/coreutils-8.24/chown.bc>:!1835	1280
</home/chrzissis/cclyzer-souffle/tests/coreutils-8.24/chown.bc>:!1836	1344
</home/chrzissis/cclyzer-souffle/tests/coreutils-8.24/chown.bc>:!1837	1408
</home/chrzissis/cclyzer-souffle/tests/coreutils-8.24/chown.bc>:!1838	1472
</home/chrzissis/cclyzer-souffle/tests/coreutils-8.24/chown.bc>:!1839	1536
</home/chrzissis/cclyzer-souffle/tests/coreutils-8.24/chown.bc>:!1840	1568
</home/chrzissis/cclyzer-souffle/tests/coreutils-8.24/chown.bc>:!1014	0
</home/chrzissis/cclyzer-souffle/tests/coreutils-8.24/chown.bc>:!37	0
</home/chrzissis/cclyzer-souffle/tests/coreutils-8.24/chown.bc>:!40	0
</home/chrzissis/cclyzer-souffle/tests/coreutils-8.24/chown.bc>:!46	64
</home/chrzissis/cclyzer-souffle/tests/coreutils-8.24/chown.bc>:!51	0
</home/chrzissis/cclyzer-souffle/tests/coreutils-8.24/chown.bc>:!53	0
</home/chrzissis/cclyzer-souffle/tests/coreutils-8.24/chown.bc>:!55	0
</home/chrzissis/cclyzer-souffle/tests/coreutils-8.24/chown.bc>:!56	64
</home/chrzissis/cclyzer-souffle/tests/coreutils-8.24/chown.bc>:!60	0
</home/chrzissis/cclyzer-souffle/tests/coreutils-8.24/chown.bc>:!62	0
</home/chrzissis/cclyzer-souffle/tests/coreutils-8.24/chown.bc>:!65	0
</home/chrzissis/cclyzer-souffle/tests/coreutils-8.24/chown.bc>:!66	64
</home/chrzissis/cclyzer-souffle/tests/coreutils-8.24/chown.bc>:!67	128
</home/chrzissis/cclyzer-souffle/tests/coreutils-8.24/chown.bc>:!69	192
</home/chrzissis/cclyzer-souffle/tests/coreutils-8.24/chown.bc>:!279	0
</home/chrzissis/cclyzer-souffle/tests/coreutils-8.24/chown.bc>:!454	0
</home/chrzissis/cclyzer-souffle/tests/coreutils-8.24/chown.bc>:!459	0
</home/chrzissis/cclyzer-souffle/tests/coreutils-8.24/chown.bc>:!464	0
</home/chrzissis/cclyzer-souffle/tests/coreutils-8.24/chown.bc>:!468	0
</home/chrzissis/cclyzer-souffle/tests/coreutils-8.24/chown.bc>:!469	0
</home/chrzissis/cclyzer-souffle/tests/coreutils-8.24/chown.bc>:!471	0
</home/chrzissis/cclyzer-souffle/tests/coreutils-8.24/chown.bc>:!472	64
</home/chrzissis/cclyzer-souffle/tests/coreutils-8.24/chown.bc>:!595	0
</home/chrzissis/cclyzer-souffle/tests/coreutils-8.24/chown.bc>:!1677	0
</home/chrzissis/cclyzer-souffle/tests/coreutils-8.24/chown.bc>:!320	0
</home/chrzissis/cclyzer-souffle/tests/coreutils-8.24/chown.bc>:!325	0
</home/chrzissis/cclyzer-souffle/tests/coreutils-8.24/chown.bc>:!514	0
</home/chrzissis/cclyzer-souffle/tests/coreutils-8.24/chown.bc>:!601	0
</home/chrzissis/cclyzer-souffle/tests/coreutils-8.24/chown.bc>:!766	0
</home/chrzissis/cclyzer-souffle/tests/coreutils-8.24/chown.bc>:!770	0
</home/chrzissis/cclyzer-souffle/tests/coreutils-8.24/chown.bc>:!870	0
</home/chrzissis/cclyzer-souffle/tests/coreutils-8.24/chown.bc>:!873	0
</home/chrzissis/cclyzer-souffle/tests/coreutils-8.24/chown.bc>:!884	0
</home/chrzissis/cclyzer-souffle/tests/coreutils-8.24/chown.bc>:!888	0
</home/chrzissis/cclyzer-souffle/tests/coreutils-8.24/chown.bc>:!1012	0
</home/chrzissis/cclyzer-souffle/tests/coreutils-8.24/chown.bc>:!1302	0
</home/chrzissis/cclyzer-souffle/tests/coreutils-8.24/chown.bc>:!1332	0
</home/chrzissis/cclyzer-souffle/tests/coreutils-8.24/chown.bc>:!1944	0
</home/chrzissis/cclyzer-souffle/tests/coreutils-8.24/chown.bc>:!1946	0
</home/chrzissis/cclyzer-souffle/tests/coreutils-8.24/chown.bc>:!1947	32
</home/chrzissis/cclyzer-souffle/tests/coreutils-8.24/chown.bc>:!1948	64
</home/chrzissis/cclyzer-souffle/tests/coreutils-8.24/chown.bc>:!1949	0
</home/chrzissis/cclyzer-souffle/tests/coreutils-8.24/chown.bc>:!1950	128
</home/chrzissis/cclyzer-souffle/tests/coreutils-8.24/chown.bc>:!1951	136
</home/chrzissis/cclyzer-souffle/tests/coreutils-8.24/chown.bc>:!1952	192
</home/chrzissis/cclyzer-souffle/tests/coreutils-8.24/chown.bc>:!1953	256
</home/chrzissis/cclyzer-souffle/tests/coreutils-8.24/chown.bc>:!2074	0
</home/chrzissis/cclyzer-souffle/tests/coreutils-8.24/chown.bc>:!2076	0
</home/chrzissis/cclyzer-souffle/tests/coreutils-8.24/chown.bc>:!2077	64
</home/chrzissis/cclyzer-souffle/tests/coreutils-8.24/chown.bc>:!2078	128
</home/chrzissis/cclyzer-souffle/tests/coreutils-8.24/chown.bc>:!2079	192
</home/chrzissis/cclyzer-souffle/tests/coreutils-8.24/chown.bc>:!2080	224
</home/chrzissis/cclyzer-souffle/tests/coreutils-8.24/chown.bc>:!2081	256
</home/chrzissis/cclyzer-souffle/tests/coreutils-8.24/chown.bc>:!2082	288
</home/chrzissis/cclyzer-souffle/tests/coreutils-8.24/chown.bc>:!2083	320
</home/chrzissis/cclyzer-souffle/tests/coreutils-8.24/chown.bc>:!2084	384
</home/chrzissis/cclyzer-souffle/tests/coreutils-8.24/chown.bc>:!2085	448
</home/chrzissis/cclyzer-souffle/tests/coreutils-8.24/chown.bc>:!2086	512
</home/chrzissis/cclyzer-souffle/tests/coreutils-8.24/chown.bc>:!2087	576
</home/chrzissis/cclyzer-souffle/tests/coreutils-8.24/chown.bc>:!2088	0
</home/chrzissis/cclyzer-souffle/tests/coreutils-8.24/chown.bc>:!2090	0
</home/chrzissis/cclyzer-souffle/tests/coreutils-8.24/chown.bc>:!2091	64
</home/chrzissis/cclyzer-souffle/tests/coreutils-8.24/chown.bc>:!2092	704
</home/chrzissis/cclyzer-souffle/tests/coreutils-8.24/chown.bc>:!2093	832
</home/chrzissis/cclyzer-souffle/tests/coreutils-8.24/chown.bc>:!2094	960
</home/chrzissis/cclyzer-souffle/tests/coreutils-8.24/chown.bc>:!2191	0
</home/chrzissis/cclyzer-souffle/tests/coreutils-8.24/chown.bc>:!2274	0
</home/chrzissis/cclyzer-souffle/tests/coreutils-8.24/chown.bc>:!2279	0
</home/chrzissis/cclyzer-souffle/tests/coreutils-8.24/chown.bc>:!2280	0
</home/chrzissis/cclyzer-souffle/tests/coreutils-8.24/chown.bc>:!2283	0
</home/chrzissis/cclyzer-souffle/tests/coreutils-8.24/chown.bc>:!2284	64
</home/chrzissis/cclyzer-souffle/tests/coreutils-8.24/chown.bc>:!2285	128
</home/chrzissis/cclyzer-souffle/tests/coreutils-8.24/chown.bc>:!2286	192
</home/chrzissis/cclyzer-souffle/tests/coreutils-8.24/chown.bc>:!2306	0
</home/chrzissis/cclyzer-souffle/tests/coreutils-8.24/chown.bc>:!2307	0
</home/chrzissis/cclyzer-souffle/tests/coreutils-8.24/chown.bc>:!2310	0
</home/chrzissis/cclyzer-souffle/tests/coreutils-8.24/chown.bc>:!2311	64
</home/chrzissis/cclyzer-souffle/tests/coreutils-8.24/chown.bc>:!2312	128
</home/chrzissis/cclyzer-souffle/tests/coreutils-8.24/chown.bc>:!2313	160
</home/chrzissis/cclyzer-souffle/tests/coreutils-8.24/chown.bc>:!2314	192
</home/chrzissis/cclyzer-souffle/tests/coreutils-8.24/chown.bc>:!2315	256
</home/chrzissis/cclyzer-souffle/tests/coreutils-8.24/chown.bc>:!2316	320
</home/chrzissis/cclyzer-souffle/tests/coreutils-8.24/chown.bc>:!3373	0
</home/chrzissis/cclyzer-souffle/tests/coreutils-8.24/chown.bc>:!4350	0
</home/chrzissis/cclyzer-souffle/tests/coreutils-8.24/chown.bc>:!4352	0
</home/chrzissis/cclyzer-souffle/tests/coreutils-8.24/chown.bc>:!4353	32
</home/chrzissis/cclyzer-souffle/tests/coreutils-8.24/chown.bc>:!4354	0
</home/chrzissis/cclyzer-souffle/tests/coreutils-8.24/chown.bc>:!4356	0
</home/chrzissis/cclyzer-souffle/tests/coreutils-8.24/chown.bc>:!4357	0
</home/chrzissis/cclyzer-souffle/tests/coreutils-8.24/chown.bc>:!4893	0
</home/chrzissis/cclyzer-souffle/tests/coreutils-8.24/chown.bc>:!4895	0
</home/chrzissis/cclyzer-souffle/tests/coreutils-8.24/chown.bc>:!4896	64
</home/chrzissis/cclyzer-souffle/tests/coreutils-8.24/chown.bc>:!4897	128
</home/chrzissis/cclyzer-souffle/tests/coreutils-8.24/chown.bc>:!4898	192
</home/chrzissis/cclyzer-souffle/tests/coreutils-8.24/chown.bc>:!4899	224
</home/chrzissis/cclyzer-souffle/tests/coreutils-8.24/chown.bc>:!4900	256
</home/chrzissis/cclyzer-souffle/tests/coreutils-8.24/chown.bc>:!4901	288
</home/chrzissis/cclyzer-souffle/tests/coreutils-8.24/chown.bc>:!4902	320
</home/chrzissis/cclyzer-souffle/tests/coreutils-8.24/chown.bc>:!4903	384
</home/chrzissis/cclyzer-souffle/tests/coreutils-8.24/chown.bc>:!4904	448
</home/chrzissis/cclyzer-souffle/tests/coreutils-8.24/chown.bc>:!4905	512
</home/chrzissis/cclyzer-souffle/tests/coreutils-8.24/chown.bc>:!4906	576
</home/chrzissis/cclyzer-souffle/tests/coreutils-8.24/chown.bc>:!4907	0
</home/chrzissis/cclyzer-souffle/tests/coreutils-8.24/chown.bc>:!4909	0
</home/chrzissis/cclyzer-souffle/tests/coreutils-8.24/chown.bc>:!4910	64
</home/chrzissis/cclyzer-souffle/tests/coreutils-8.24/chown.bc>:!4911	704
</home/chrzissis/cclyzer-souffle/tests/coreutils-8.24/chown.bc>:!4912	832
</home/chrzissis/cclyzer-souffle/tests/coreutils-8.24/chown.bc>:!4913	960
</home/chrzissis/cclyzer-souffle/tests/coreutils-8.24/chown.bc>:!5006	0
</home/chrzissis/cclyzer-souffle/tests/coreutils-8.24/chown.bc>:!5007	0
</home/chrzissis/cclyzer-souffle/tests/coreutils-8.24/chown.bc>:!5009	0
</home/chrzissis/cclyzer-souffle/tests/coreutils-8.24/chown.bc>:!5010	64
</home/chrzissis/cclyzer-souffle/tests/coreutils-8.24/chown.bc>:!5011	128
</home/chrzissis/cclyzer-souffle/tests/coreutils-8.24/chown.bc>:!5012	160
</home/chrzissis/cclyzer-souffle/tests/coreutils-8.24/chown.bc>:!5013	192
</home/chrzissis/cclyzer-souffle/tests/coreutils-8.24/chown.bc>:!5014	256
</home/chrzissis/cclyzer-souffle/tests/coreutils-8.24/chown.bc>:!5015	320
</home/chrzissis/cclyzer-souffle/tests/coreutils-8.24/chown.bc>:!5018	0
</home/chrzissis/cclyzer-souffle/tests/coreutils-8.24/chown.bc>:!5019	0
</home/chrzissis/cclyzer-souffle/tests/coreutils-8.24/chown.bc>:!5021	0
</home/chrzissis/cclyzer-souffle/tests/coreutils-8.24/chown.bc>:!5022	64
</home/chrzissis/cclyzer-souffle/tests/coreutils-8.24/chown.bc>:!5023	128
</home/chrzissis/cclyzer-souffle/tests/coreutils-8.24/chown.bc>:!5024	192
</home/chrzissis/cclyzer-souffle/tests/coreutils-8.24/chown.bc>:!5478	0
</home/chrzissis/cclyzer-souffle/tests/coreutils-8.24/chown.bc>:!5529	0
</home/chrzissis/cclyzer-souffle/tests/coreutils-8.24/chown.bc>:!7612	0
</home/chrzissis/cclyzer-souffle/tests/coreutils-8.24/chown.bc>:!7867	0
</home/chrzissis/cclyzer-souffle/tests/coreutils-8.24/chown.bc>:!7879	0
</home/chrzissis/cclyzer-souffle/tests/coreutils-8.24/chown.bc>:!7881	0
</home/chrzissis/cclyzer-souffle/tests/coreutils-8.24/chown.bc>:!7882	64
</home/chrzissis/cclyzer-souffle/tests/coreutils-8.24/chown.bc>:!7883	128
</home/chrzissis/cclyzer-souffle/tests/coreutils-8.24/chown.bc>:!8403	0
</home/chrzissis/cclyzer-souffle/tests/coreutils-8.24/chown.bc>:!8404	0
</home/chrzissis/cclyzer-souffle/tests/coreutils-8.24/chown.bc>:!8407	0
</home/chrzissis/cclyzer-souffle/tests/coreutils-8.24/chown.bc>:!8408	64
</home/chrzissis/cclyzer-souffle/tests/coreutils-8.24/chown.bc>:!8409	128
</home/chrzissis/cclyzer-souffle/tests/coreutils-8.24/chown.bc>:!8410	144
</home/chrzissis/cclyzer-souffle/tests/coreutils-8.24/chown.bc>:!8411	152
</home/chrzissis/cclyzer-souffle/tests/coreutils-8.24/chown.bc>:!8892	0
</home/chrzissis/cclyzer-souffle/tests/coreutils-8.24/chown.bc>:!8898	0
</home/chrzissis/cclyzer-souffle/tests/coreutils-8.24/chown.bc>:!8900	0
</home/chrzissis/cclyzer-souffle/tests/coreutils-8.24/chown.bc>:!8901	64
</home/chrzissis/cclyzer-souffle/tests/coreutils-8.24/chown.bc>:!8904	0
</home/chrzissis/cclyzer-souffle/tests/coreutils-8.24/chown.bc>:!9006	0
</home/chrzissis/cclyzer-souffle/tests/coreutils-8.24/chown.bc>:!9138	0
</home/chrzissis/cclyzer-souffle/tests/coreutils-8.24/chown.bc>:!9175	0
</home/chrzissis/cclyzer-souffle/tests/coreutils-8.24/chown.bc>:!9203	0
</home/chrzissis/cclyzer-souffle/tests/coreutils-8.24/chown.bc>:!9206	0
</home/chrzissis/cclyzer-souffle/tests/coreutils-8.24/chown.bc>:!9208	64
</home/chrzissis/cclyzer-souffle/tests/coreutils-8.24/chown.bc>:!9209	128
</home/chrzissis/cclyzer-souffle/tests/coreutils-8.24/chown.bc>:!9211	192
</home/chrzissis/cclyzer-souffle/tests/coreutils-8.24/chown.bc>:!9212	256
</home/chrzissis/cclyzer-souffle/tests/coreutils-8.24/chown.bc>:!9213	320
</home/chrzissis/cclyzer-souffle/tests/coreutils-8.24/chown.bc>:!9215	384
</home/chrzissis/cclyzer-souffle/tests/coreutils-8.24/chown.bc>:!9216	448
</home/chrzissis/cclyzer-souffle/tests/coreutils-8.24/chown.bc>:!9218	0
</home/chrzissis/cclyzer-souffle/tests/coreutils-8.24/chown.bc>:!9220	0
</home/chrzissis/cclyzer-souffle/tests/coreutils-8.24/chown.bc>:!9221	0
</home/chrzissis/cclyzer-souffle/tests/coreutils-8.24/chown.bc>:!9224	512
</home/chrzissis/cclyzer-souffle/tests/coreutils-8.24/chown.bc>:!9225	576
</home/chrzissis/cclyzer-souffle/tests/coreutils-8.24/chown.bc>:!9226	640
</home/chrzissis/cclyzer-souffle/tests/coreutils-8.24/chown.bc>:!9227	704
</home/chrzissis/cclyzer-souffle/tests/coreutils-8.24/chown.bc>:!9228	0
</home/chrzissis/cclyzer-souffle/tests/coreutils-8.24/chown.bc>:!9690	0
</home/chrzissis/cclyzer-souffle/tests/coreutils-8.24/chown.bc>:!9692	0
</home/chrzissis/cclyzer-souffle/tests/coreutils-8.24/chown.bc>:!9694	0
</home/chrzissis/cclyzer-souffle/tests/coreutils-8.24/chown.bc>:!9695	32
</home/chrzissis/cclyzer-souffle/tests/coreutils-8.24/chown.bc>:!9696	64
</home/chrzissis/cclyzer-souffle/tests/coreutils-8.24/chown.bc>:!9697	128
</home/chrzissis/cclyzer-souffle/tests/coreutils-8.24/chown.bc>:!11707	0
</home/chrzissis/cclyzer-souffle/tests/coreutils-8.24/chown.bc>:!11709	0
</home/chrzissis/cclyzer-souffle/tests/coreutils-8.24/chown.bc>:!11711	0
</home/chrzissis/cclyzer-souffle/tests/coreutils-8.24/chown.bc>:!11712	64
</home/chrzissis/cclyzer-souffle/tests/coreutils-8.24/chown.bc>:!11713	128
</home/chrzissis/cclyzer-souffle/tests/coreutils-8.24/chown.bc>:!11714	192
</home/chrzissis/cclyzer-souffle/tests/coreutils-8.24/chown.bc>:!11715	256
</home/chrzissis/cclyzer-souffle/tests/coreutils-8.24/chown.bc>:!11716	320
</home/chrzissis/cclyzer-souffle/tests/coreutils-8.24/chown.bc>:!11717	384
</home/chrzissis/cclyzer-souffle/tests/coreutils-8.24/chown.bc>:!11718	448
</home/chrzissis/cclyzer-souffle/tests/coreutils-8.24/chown.bc>:!11719	512
</home/chrzissis/cclyzer-souffle/tests/coreutils-8.24/chown.bc>:!11720	576
</home/chrzissis/cclyzer-souffle/tests/coreutils-8.24/chown.bc>:!11721	640
</home/chrzissis/cclyzer-souffle/tests/coreutils-8.24/chown.bc>:!11722	704
</home/chrzissis/cclyzer-souffle/tests/coreutils-8.24/chown.bc>:!11723	768
</home/chrzissis/cclyzer-souffle/tests/coreutils-8.24/chown.bc>:!11724	0
</home/chrzissis/cclyzer-souffle/tests/coreutils-8.24/chown.bc>:!11725	0
</home/chrzissis/cclyzer-souffle/tests/coreutils-8.24/chown.bc>:!11727	0
</home/chrzissis/cclyzer-souffle/tests/coreutils-8.24/chown.bc>:!11728	64
</home/chrzissis/cclyzer-souffle/tests/coreutils-8.24/chown.bc>:!11729	0
</home/chrzissis/cclyzer-souffle/tests/coreutils-8.24/chown.bc>:!11730	128
</home/chrzissis/cclyzer-souffle/tests/coreutils-8.24/chown.bc>:!11731	832
</home/chrzissis/cclyzer-souffle/tests/coreutils-8.24/chown.bc>:!11732	896
</home/chrzissis/cclyzer-souffle/tests/coreutils-8.24/chown.bc>:!11733	928
</home/chrzissis/cclyzer-souffle/tests/coreutils-8.24/chown.bc>:!11734	960
</home/chrzissis/cclyzer-souffle/tests/coreutils-8.24/chown.bc>:!11735	1024
</home/chrzissis/cclyzer-souffle/tests/coreutils-8.24/chown.bc>:!11736	1040
</home/chrzissis/cclyzer-souffle/tests/coreutils-8.24/chown.bc>:!11737	1048
</home/chrzissis/cclyzer-souffle/tests/coreutils-8.24/chown.bc>:!11738	1088
</home/chrzissis/cclyzer-souffle/tests/coreutils-8.24/chown.bc>:!11739	1152
</home/chrzissis/cclyzer-souffle/tests/coreutils-8.24/chown.bc>:!11740	1216
</home/chrzissis/cclyzer-souffle/tests/coreutils-8.24/chown.bc>:!11741	1280
</home/chrzissis/cclyzer-souffle/tests/coreutils-8.24/chown.bc>:!11742	1344
</home/chrzissis/cclyzer-souffle/tests/coreutils-8.24/chown.bc>:!11743	1408
</home/chrzissis/cclyzer-souffle/tests/coreutils-8.24/chown.bc>:!11744	1472
</home/chrzissis/cclyzer-souffle/tests/coreutils-8.24/chown.bc>:!11745	1536
</home/chrzissis/cclyzer-souffle/tests/coreutils-8.24/chown.bc>:!11746	1568
</home/chrzissis/cclyzer-souffle/tests/coreutils-8.24/chown.bc>:!11772	0
</home/chrzissis/cclyzer-souffle/tests/coreutils-8.24/chown.bc>:!11944	0
</home/chrzissis/cclyzer-souffle/tests/coreutils-8.24/chown.bc>:!11946	0
</home/chrzissis/cclyzer-souffle/tests/coreutils-8.24/chown.bc>:!11948	0
</home/chrzissis/cclyzer-souffle/tests/coreutils-8.24/chown.bc>:!11949	32
</home/chrzissis/cclyzer-souffle/tests/coreutils-8.24/chown.bc>:!11950	64
</home/chrzissis/cclyzer-souffle/tests/coreutils-8.24/chown.bc>:!11951	128
</home/chrzissis/cclyzer-souffle/tests/coreutils-8.24/chown.bc>:!12061	0
</home/chrzissis/cclyzer-souffle/tests/coreutils-8.24/chown.bc>:!12063	0
</home/chrzissis/cclyzer-souffle/tests/coreutils-8.24/chown.bc>:!12065	0
</home/chrzissis/cclyzer-souffle/tests/coreutils-8.24/chown.bc>:!12066	32
</home/chrzissis/cclyzer-souffle/tests/coreutils-8.24/chown.bc>:!12067	64
</home/chrzissis/cclyzer-souffle/tests/coreutils-8.24/chown.bc>:!12068	128
