</home/chrzissis/cclyzer-souffle/tests/coreutils-8.24/chown.bc>:!17	32
</home/chrzissis/cclyzer-souffle/tests/coreutils-8.24/chown.bc>:!22	64
</home/chrzissis/cclyzer-souffle/tests/coreutils-8.24/chown.bc>:!10	64
</home/chrzissis/cclyzer-souffle/tests/coreutils-8.24/chown.bc>:!11	8
</home/chrzissis/cclyzer-souffle/tests/coreutils-8.24/chown.bc>:!30	64
</home/chrzissis/cclyzer-souffle/tests/coreutils-8.24/chown.bc>:!98	64
</home/chrzissis/cclyzer-souffle/tests/coreutils-8.24/chown.bc>:!99	64
</home/chrzissis/cclyzer-souffle/tests/coreutils-8.24/chown.bc>:!101	32
</home/chrzissis/cclyzer-souffle/tests/coreutils-8.24/chown.bc>:!3	32
</home/chrzissis/cclyzer-souffle/tests/coreutils-8.24/chown.bc>:!102	8
</home/chrzissis/cclyzer-souffle/tests/coreutils-8.24/chown.bc>:!103	8
</home/chrzissis/cclyzer-souffle/tests/coreutils-8.24/chown.bc>:!104	64
</home/chrzissis/cclyzer-souffle/tests/coreutils-8.24/chown.bc>:!105	64
</home/chrzissis/cclyzer-souffle/tests/coreutils-8.24/chown.bc>:!106	64
</home/chrzissis/cclyzer-souffle/tests/coreutils-8.24/chown.bc>:!108	64
</home/chrzissis/cclyzer-souffle/tests/coreutils-8.24/chown.bc>:!45	64
</home/chrzissis/cclyzer-souffle/tests/coreutils-8.24/chown.bc>:!109	64
</home/chrzissis/cclyzer-souffle/tests/coreutils-8.24/chown.bc>:!110	8
</home/chrzissis/cclyzer-souffle/tests/coreutils-8.24/chown.bc>:!111	8
</home/chrzissis/cclyzer-souffle/tests/coreutils-8.24/chown.bc>:!112	64
</home/chrzissis/cclyzer-souffle/tests/coreutils-8.24/chown.bc>:!113	64
</home/chrzissis/cclyzer-souffle/tests/coreutils-8.24/chown.bc>:!91	32
</home/chrzissis/cclyzer-souffle/tests/coreutils-8.24/chown.bc>:!124	64
</home/chrzissis/cclyzer-souffle/tests/coreutils-8.24/chown.bc>:!129	64
</home/chrzissis/cclyzer-souffle/tests/coreutils-8.24/chown.bc>:!132	64
</home/chrzissis/cclyzer-souffle/tests/coreutils-8.24/chown.bc>:!134	64
</home/chrzissis/cclyzer-souffle/tests/coreutils-8.24/chown.bc>:!135	64
</home/chrzissis/cclyzer-souffle/tests/coreutils-8.24/chown.bc>:!136	64
</home/chrzissis/cclyzer-souffle/tests/coreutils-8.24/chown.bc>:!138	64
</home/chrzissis/cclyzer-souffle/tests/coreutils-8.24/chown.bc>:!139	64
</home/chrzissis/cclyzer-souffle/tests/coreutils-8.24/chown.bc>:!140	64
</home/chrzissis/cclyzer-souffle/tests/coreutils-8.24/chown.bc>:!141	64
</home/chrzissis/cclyzer-souffle/tests/coreutils-8.24/chown.bc>:!142	64
</home/chrzissis/cclyzer-souffle/tests/coreutils-8.24/chown.bc>:!145	0
</home/chrzissis/cclyzer-souffle/tests/coreutils-8.24/chown.bc>:!146	64
</home/chrzissis/cclyzer-souffle/tests/coreutils-8.24/chown.bc>:!147	64
</home/chrzissis/cclyzer-souffle/tests/coreutils-8.24/chown.bc>:!148	64
</home/chrzissis/cclyzer-souffle/tests/coreutils-8.24/chown.bc>:!12	64
</home/chrzissis/cclyzer-souffle/tests/coreutils-8.24/chown.bc>:!149	64
</home/chrzissis/cclyzer-souffle/tests/coreutils-8.24/chown.bc>:!150	64
</home/chrzissis/cclyzer-souffle/tests/coreutils-8.24/chown.bc>:!151	32
</home/chrzissis/cclyzer-souffle/tests/coreutils-8.24/chown.bc>:!152	32
</home/chrzissis/cclyzer-souffle/tests/coreutils-8.24/chown.bc>:!153	64
</home/chrzissis/cclyzer-souffle/tests/coreutils-8.24/chown.bc>:!156	64
</home/chrzissis/cclyzer-souffle/tests/coreutils-8.24/chown.bc>:!157	64
</home/chrzissis/cclyzer-souffle/tests/coreutils-8.24/chown.bc>:!159	64
</home/chrzissis/cclyzer-souffle/tests/coreutils-8.24/chown.bc>:!160	64
</home/chrzissis/cclyzer-souffle/tests/coreutils-8.24/chown.bc>:!163	16
</home/chrzissis/cclyzer-souffle/tests/coreutils-8.24/chown.bc>:!164	16
</home/chrzissis/cclyzer-souffle/tests/coreutils-8.24/chown.bc>:!165	16
</home/chrzissis/cclyzer-souffle/tests/coreutils-8.24/chown.bc>:!166	16
</home/chrzissis/cclyzer-souffle/tests/coreutils-8.24/chown.bc>:!167	64
</home/chrzissis/cclyzer-souffle/tests/coreutils-8.24/chown.bc>:!168	64
</home/chrzissis/cclyzer-souffle/tests/coreutils-8.24/chown.bc>:!169	64
</home/chrzissis/cclyzer-souffle/tests/coreutils-8.24/chown.bc>:!172	64
</home/chrzissis/cclyzer-souffle/tests/coreutils-8.24/chown.bc>:!173	64
</home/chrzissis/cclyzer-souffle/tests/coreutils-8.24/chown.bc>:!174	64
</home/chrzissis/cclyzer-souffle/tests/coreutils-8.24/chown.bc>:!175	32
</home/chrzissis/cclyzer-souffle/tests/coreutils-8.24/chown.bc>:!177	32
</home/chrzissis/cclyzer-souffle/tests/coreutils-8.24/chown.bc>:!178	32
</home/chrzissis/cclyzer-souffle/tests/coreutils-8.24/chown.bc>:!179	32
</home/chrzissis/cclyzer-souffle/tests/coreutils-8.24/chown.bc>:!180	64
</home/chrzissis/cclyzer-souffle/tests/coreutils-8.24/chown.bc>:!181	64
</home/chrzissis/cclyzer-souffle/tests/coreutils-8.24/chown.bc>:!183	64
</home/chrzissis/cclyzer-souffle/tests/coreutils-8.24/chown.bc>:!185	64
</home/chrzissis/cclyzer-souffle/tests/coreutils-8.24/chown.bc>:!187	64
</home/chrzissis/cclyzer-souffle/tests/coreutils-8.24/chown.bc>:!188	64
</home/chrzissis/cclyzer-souffle/tests/coreutils-8.24/chown.bc>:!191	64
</home/chrzissis/cclyzer-souffle/tests/coreutils-8.24/chown.bc>:!193	64
</home/chrzissis/cclyzer-souffle/tests/coreutils-8.24/chown.bc>:!195	64
</home/chrzissis/cclyzer-souffle/tests/coreutils-8.24/chown.bc>:!196	64
</home/chrzissis/cclyzer-souffle/tests/coreutils-8.24/chown.bc>:!197	64
</home/chrzissis/cclyzer-souffle/tests/coreutils-8.24/chown.bc>:!198	64
</home/chrzissis/cclyzer-souffle/tests/coreutils-8.24/chown.bc>:!203	0
</home/chrzissis/cclyzer-souffle/tests/coreutils-8.24/chown.bc>:!204	8
</home/chrzissis/cclyzer-souffle/tests/coreutils-8.24/chown.bc>:!207	64
</home/chrzissis/cclyzer-souffle/tests/coreutils-8.24/chown.bc>:!208	64
</home/chrzissis/cclyzer-souffle/tests/coreutils-8.24/chown.bc>:!209	64
</home/chrzissis/cclyzer-souffle/tests/coreutils-8.24/chown.bc>:!210	64
</home/chrzissis/cclyzer-souffle/tests/coreutils-8.24/chown.bc>:!211	64
</home/chrzissis/cclyzer-souffle/tests/coreutils-8.24/chown.bc>:!212	32
</home/chrzissis/cclyzer-souffle/tests/coreutils-8.24/chown.bc>:!213	32
</home/chrzissis/cclyzer-souffle/tests/coreutils-8.24/chown.bc>:!214	64
</home/chrzissis/cclyzer-souffle/tests/coreutils-8.24/chown.bc>:!215	64
</home/chrzissis/cclyzer-souffle/tests/coreutils-8.24/chown.bc>:!216	64
</home/chrzissis/cclyzer-souffle/tests/coreutils-8.24/chown.bc>:!217	64
</home/chrzissis/cclyzer-souffle/tests/coreutils-8.24/chown.bc>:!220	64
</home/chrzissis/cclyzer-souffle/tests/coreutils-8.24/chown.bc>:!221	64
</home/chrzissis/cclyzer-souffle/tests/coreutils-8.24/chown.bc>:!223	32
</home/chrzissis/cclyzer-souffle/tests/coreutils-8.24/chown.bc>:!224	64
</home/chrzissis/cclyzer-souffle/tests/coreutils-8.24/chown.bc>:!225	64
</home/chrzissis/cclyzer-souffle/tests/coreutils-8.24/chown.bc>:!226	0
</home/chrzissis/cclyzer-souffle/tests/coreutils-8.24/chown.bc>:!227	64
</home/chrzissis/cclyzer-souffle/tests/coreutils-8.24/chown.bc>:!228	64
</home/chrzissis/cclyzer-souffle/tests/coreutils-8.24/chown.bc>:!230	64
</home/chrzissis/cclyzer-souffle/tests/coreutils-8.24/chown.bc>:!231	64
</home/chrzissis/cclyzer-souffle/tests/coreutils-8.24/chown.bc>:!232	64
</home/chrzissis/cclyzer-souffle/tests/coreutils-8.24/chown.bc>:!233	0
</home/chrzissis/cclyzer-souffle/tests/coreutils-8.24/chown.bc>:!234	32
</home/chrzissis/cclyzer-souffle/tests/coreutils-8.24/chown.bc>:!237	32
</home/chrzissis/cclyzer-souffle/tests/coreutils-8.24/chown.bc>:!239	32
</home/chrzissis/cclyzer-souffle/tests/coreutils-8.24/chown.bc>:!240	32
</home/chrzissis/cclyzer-souffle/tests/coreutils-8.24/chown.bc>:!243	32
</home/chrzissis/cclyzer-souffle/tests/coreutils-8.24/chown.bc>:!244	32
</home/chrzissis/cclyzer-souffle/tests/coreutils-8.24/chown.bc>:!245	32
</home/chrzissis/cclyzer-souffle/tests/coreutils-8.24/chown.bc>:!246	8
</home/chrzissis/cclyzer-souffle/tests/coreutils-8.24/chown.bc>:!247	64
</home/chrzissis/cclyzer-souffle/tests/coreutils-8.24/chown.bc>:!75	32
</home/chrzissis/cclyzer-souffle/tests/coreutils-8.24/chown.bc>:!252	64
</home/chrzissis/cclyzer-souffle/tests/coreutils-8.24/chown.bc>:!82	32
</home/chrzissis/cclyzer-souffle/tests/coreutils-8.24/chown.bc>:!345	64
</home/chrzissis/cclyzer-souffle/tests/coreutils-8.24/chown.bc>:!346	64
</home/chrzissis/cclyzer-souffle/tests/coreutils-8.24/chown.bc>:!348	32
</home/chrzissis/cclyzer-souffle/tests/coreutils-8.24/chown.bc>:!308	32
</home/chrzissis/cclyzer-souffle/tests/coreutils-8.24/chown.bc>:!349	32
</home/chrzissis/cclyzer-souffle/tests/coreutils-8.24/chown.bc>:!350	32
</home/chrzissis/cclyzer-souffle/tests/coreutils-8.24/chown.bc>:!351	32
</home/chrzissis/cclyzer-souffle/tests/coreutils-8.24/chown.bc>:!354	64
</home/chrzissis/cclyzer-souffle/tests/coreutils-8.24/chown.bc>:!355	64
</home/chrzissis/cclyzer-souffle/tests/coreutils-8.24/chown.bc>:!374	64
</home/chrzissis/cclyzer-souffle/tests/coreutils-8.24/chown.bc>:!382	64
</home/chrzissis/cclyzer-souffle/tests/coreutils-8.24/chown.bc>:!441	64
</home/chrzissis/cclyzer-souffle/tests/coreutils-8.24/chown.bc>:!481	64
</home/chrzissis/cclyzer-souffle/tests/coreutils-8.24/chown.bc>:!482	64
</home/chrzissis/cclyzer-souffle/tests/coreutils-8.24/chown.bc>:!484	64
</home/chrzissis/cclyzer-souffle/tests/coreutils-8.24/chown.bc>:!485	64
</home/chrzissis/cclyzer-souffle/tests/coreutils-8.24/chown.bc>:!502	64
</home/chrzissis/cclyzer-souffle/tests/coreutils-8.24/chown.bc>:!503	64
</home/chrzissis/cclyzer-souffle/tests/coreutils-8.24/chown.bc>:!522	64
</home/chrzissis/cclyzer-souffle/tests/coreutils-8.24/chown.bc>:!525	64
</home/chrzissis/cclyzer-souffle/tests/coreutils-8.24/chown.bc>:!528	32
</home/chrzissis/cclyzer-souffle/tests/coreutils-8.24/chown.bc>:!529	64
</home/chrzissis/cclyzer-souffle/tests/coreutils-8.24/chown.bc>:!530	64
</home/chrzissis/cclyzer-souffle/tests/coreutils-8.24/chown.bc>:!531	64
</home/chrzissis/cclyzer-souffle/tests/coreutils-8.24/chown.bc>:!532	64
</home/chrzissis/cclyzer-souffle/tests/coreutils-8.24/chown.bc>:!533	64
</home/chrzissis/cclyzer-souffle/tests/coreutils-8.24/chown.bc>:!534	64
</home/chrzissis/cclyzer-souffle/tests/coreutils-8.24/chown.bc>:!535	64
</home/chrzissis/cclyzer-souffle/tests/coreutils-8.24/chown.bc>:!536	64
</home/chrzissis/cclyzer-souffle/tests/coreutils-8.24/chown.bc>:!537	64
</home/chrzissis/cclyzer-souffle/tests/coreutils-8.24/chown.bc>:!538	64
</home/chrzissis/cclyzer-souffle/tests/coreutils-8.24/chown.bc>:!539	64
</home/chrzissis/cclyzer-souffle/tests/coreutils-8.24/chown.bc>:!540	64
</home/chrzissis/cclyzer-souffle/tests/coreutils-8.24/chown.bc>:!541	64
</home/chrzissis/cclyzer-souffle/tests/coreutils-8.24/chown.bc>:!542	64
</home/chrzissis/cclyzer-souffle/tests/coreutils-8.24/chown.bc>:!544	64
</home/chrzissis/cclyzer-souffle/tests/coreutils-8.24/chown.bc>:!545	64
</home/chrzissis/cclyzer-souffle/tests/coreutils-8.24/chown.bc>:!546	64
</home/chrzissis/cclyzer-souffle/tests/coreutils-8.24/chown.bc>:!547	32
</home/chrzissis/cclyzer-souffle/tests/coreutils-8.24/chown.bc>:!548	64
</home/chrzissis/cclyzer-souffle/tests/coreutils-8.24/chown.bc>:!549	32
</home/chrzissis/cclyzer-souffle/tests/coreutils-8.24/chown.bc>:!550	32
</home/chrzissis/cclyzer-souffle/tests/coreutils-8.24/chown.bc>:!551	64
</home/chrzissis/cclyzer-souffle/tests/coreutils-8.24/chown.bc>:!552	16
</home/chrzissis/cclyzer-souffle/tests/coreutils-8.24/chown.bc>:!553	8
</home/chrzissis/cclyzer-souffle/tests/coreutils-8.24/chown.bc>:!554	8
</home/chrzissis/cclyzer-souffle/tests/coreutils-8.24/chown.bc>:!555	8
</home/chrzissis/cclyzer-souffle/tests/coreutils-8.24/chown.bc>:!556	8
</home/chrzissis/cclyzer-souffle/tests/coreutils-8.24/chown.bc>:!557	64
</home/chrzissis/cclyzer-souffle/tests/coreutils-8.24/chown.bc>:!558	64
</home/chrzissis/cclyzer-souffle/tests/coreutils-8.24/chown.bc>:!560	64
</home/chrzissis/cclyzer-souffle/tests/coreutils-8.24/chown.bc>:!562	64
</home/chrzissis/cclyzer-souffle/tests/coreutils-8.24/chown.bc>:!563	64
</home/chrzissis/cclyzer-souffle/tests/coreutils-8.24/chown.bc>:!564	64
</home/chrzissis/cclyzer-souffle/tests/coreutils-8.24/chown.bc>:!565	64
</home/chrzissis/cclyzer-souffle/tests/coreutils-8.24/chown.bc>:!566	64
</home/chrzissis/cclyzer-souffle/tests/coreutils-8.24/chown.bc>:!567	32
</home/chrzissis/cclyzer-souffle/tests/coreutils-8.24/chown.bc>:!568	8
</home/chrzissis/cclyzer-souffle/tests/coreutils-8.24/chown.bc>:!569	8
</home/chrzissis/cclyzer-souffle/tests/coreutils-8.24/chown.bc>:!572	64
</home/chrzissis/cclyzer-souffle/tests/coreutils-8.24/chown.bc>:!579	64
</home/chrzissis/cclyzer-souffle/tests/coreutils-8.24/chown.bc>:!581	64
</home/chrzissis/cclyzer-souffle/tests/coreutils-8.24/chown.bc>:!583	32
</home/chrzissis/cclyzer-souffle/tests/coreutils-8.24/chown.bc>:!584	32
</home/chrzissis/cclyzer-souffle/tests/coreutils-8.24/chown.bc>:!585	64
</home/chrzissis/cclyzer-souffle/tests/coreutils-8.24/chown.bc>:!586	64
</home/chrzissis/cclyzer-souffle/tests/coreutils-8.24/chown.bc>:!633	64
</home/chrzissis/cclyzer-souffle/tests/coreutils-8.24/chown.bc>:!646	64
</home/chrzissis/cclyzer-souffle/tests/coreutils-8.24/chown.bc>:!648	64
</home/chrzissis/cclyzer-souffle/tests/coreutils-8.24/chown.bc>:!650	64
</home/chrzissis/cclyzer-souffle/tests/coreutils-8.24/chown.bc>:!651	64
</home/chrzissis/cclyzer-souffle/tests/coreutils-8.24/chown.bc>:!652	64
</home/chrzissis/cclyzer-souffle/tests/coreutils-8.24/chown.bc>:!654	64
</home/chrzissis/cclyzer-souffle/tests/coreutils-8.24/chown.bc>:!655	64
</home/chrzissis/cclyzer-souffle/tests/coreutils-8.24/chown.bc>:!656	64
</home/chrzissis/cclyzer-souffle/tests/coreutils-8.24/chown.bc>:!657	64
</home/chrzissis/cclyzer-souffle/tests/coreutils-8.24/chown.bc>:!658	64
</home/chrzissis/cclyzer-souffle/tests/coreutils-8.24/chown.bc>:!659	64
</home/chrzissis/cclyzer-souffle/tests/coreutils-8.24/chown.bc>:!660	64
</home/chrzissis/cclyzer-souffle/tests/coreutils-8.24/chown.bc>:!661	64
</home/chrzissis/cclyzer-souffle/tests/coreutils-8.24/chown.bc>:!662	32
</home/chrzissis/cclyzer-souffle/tests/coreutils-8.24/chown.bc>:!663	32
</home/chrzissis/cclyzer-souffle/tests/coreutils-8.24/chown.bc>:!664	64
</home/chrzissis/cclyzer-souffle/tests/coreutils-8.24/chown.bc>:!665	64
</home/chrzissis/cclyzer-souffle/tests/coreutils-8.24/chown.bc>:!666	64
</home/chrzissis/cclyzer-souffle/tests/coreutils-8.24/chown.bc>:!667	64
</home/chrzissis/cclyzer-souffle/tests/coreutils-8.24/chown.bc>:!668	64
</home/chrzissis/cclyzer-souffle/tests/coreutils-8.24/chown.bc>:!669	16
</home/chrzissis/cclyzer-souffle/tests/coreutils-8.24/chown.bc>:!670	16
</home/chrzissis/cclyzer-souffle/tests/coreutils-8.24/chown.bc>:!671	16
</home/chrzissis/cclyzer-souffle/tests/coreutils-8.24/chown.bc>:!672	64
</home/chrzissis/cclyzer-souffle/tests/coreutils-8.24/chown.bc>:!673	64
</home/chrzissis/cclyzer-souffle/tests/coreutils-8.24/chown.bc>:!674	64
</home/chrzissis/cclyzer-souffle/tests/coreutils-8.24/chown.bc>:!676	64
</home/chrzissis/cclyzer-souffle/tests/coreutils-8.24/chown.bc>:!677	64
</home/chrzissis/cclyzer-souffle/tests/coreutils-8.24/chown.bc>:!678	64
</home/chrzissis/cclyzer-souffle/tests/coreutils-8.24/chown.bc>:!679	32
</home/chrzissis/cclyzer-souffle/tests/coreutils-8.24/chown.bc>:!680	32
</home/chrzissis/cclyzer-souffle/tests/coreutils-8.24/chown.bc>:!681	32
</home/chrzissis/cclyzer-souffle/tests/coreutils-8.24/chown.bc>:!682	32
</home/chrzissis/cclyzer-souffle/tests/coreutils-8.24/chown.bc>:!683	64
</home/chrzissis/cclyzer-souffle/tests/coreutils-8.24/chown.bc>:!684	64
</home/chrzissis/cclyzer-souffle/tests/coreutils-8.24/chown.bc>:!685	64
</home/chrzissis/cclyzer-souffle/tests/coreutils-8.24/chown.bc>:!686	64
</home/chrzissis/cclyzer-souffle/tests/coreutils-8.24/chown.bc>:!687	64
</home/chrzissis/cclyzer-souffle/tests/coreutils-8.24/chown.bc>:!688	64
</home/chrzissis/cclyzer-souffle/tests/coreutils-8.24/chown.bc>:!690	64
</home/chrzissis/cclyzer-souffle/tests/coreutils-8.24/chown.bc>:!691	64
</home/chrzissis/cclyzer-souffle/tests/coreutils-8.24/chown.bc>:!692	64
</home/chrzissis/cclyzer-souffle/tests/coreutils-8.24/chown.bc>:!693	64
</home/chrzissis/cclyzer-souffle/tests/coreutils-8.24/chown.bc>:!694	64
</home/chrzissis/cclyzer-souffle/tests/coreutils-8.24/chown.bc>:!695	0
</home/chrzissis/cclyzer-souffle/tests/coreutils-8.24/chown.bc>:!696	64
</home/chrzissis/cclyzer-souffle/tests/coreutils-8.24/chown.bc>:!697	64
</home/chrzissis/cclyzer-souffle/tests/coreutils-8.24/chown.bc>:!698	64
</home/chrzissis/cclyzer-souffle/tests/coreutils-8.24/chown.bc>:!699	64
</home/chrzissis/cclyzer-souffle/tests/coreutils-8.24/chown.bc>:!700	64
</home/chrzissis/cclyzer-souffle/tests/coreutils-8.24/chown.bc>:!701	32
</home/chrzissis/cclyzer-souffle/tests/coreutils-8.24/chown.bc>:!702	32
</home/chrzissis/cclyzer-souffle/tests/coreutils-8.24/chown.bc>:!703	64
</home/chrzissis/cclyzer-souffle/tests/coreutils-8.24/chown.bc>:!704	64
</home/chrzissis/cclyzer-souffle/tests/coreutils-8.24/chown.bc>:!705	64
</home/chrzissis/cclyzer-souffle/tests/coreutils-8.24/chown.bc>:!706	64
</home/chrzissis/cclyzer-souffle/tests/coreutils-8.24/chown.bc>:!709	64
</home/chrzissis/cclyzer-souffle/tests/coreutils-8.24/chown.bc>:!710	64
</home/chrzissis/cclyzer-souffle/tests/coreutils-8.24/chown.bc>:!712	32
</home/chrzissis/cclyzer-souffle/tests/coreutils-8.24/chown.bc>:!713	64
</home/chrzissis/cclyzer-souffle/tests/coreutils-8.24/chown.bc>:!714	64
</home/chrzissis/cclyzer-souffle/tests/coreutils-8.24/chown.bc>:!715	64
</home/chrzissis/cclyzer-souffle/tests/coreutils-8.24/chown.bc>:!717	64
</home/chrzissis/cclyzer-souffle/tests/coreutils-8.24/chown.bc>:!718	64
</home/chrzissis/cclyzer-souffle/tests/coreutils-8.24/chown.bc>:!719	32
</home/chrzissis/cclyzer-souffle/tests/coreutils-8.24/chown.bc>:!721	32
</home/chrzissis/cclyzer-souffle/tests/coreutils-8.24/chown.bc>:!723	32
</home/chrzissis/cclyzer-souffle/tests/coreutils-8.24/chown.bc>:!724	32
</home/chrzissis/cclyzer-souffle/tests/coreutils-8.24/chown.bc>:!725	32
</home/chrzissis/cclyzer-souffle/tests/coreutils-8.24/chown.bc>:!726	32
</home/chrzissis/cclyzer-souffle/tests/coreutils-8.24/chown.bc>:!727	8
</home/chrzissis/cclyzer-souffle/tests/coreutils-8.24/chown.bc>:!728	64
</home/chrzissis/cclyzer-souffle/tests/coreutils-8.24/chown.bc>:!730	64
</home/chrzissis/cclyzer-souffle/tests/coreutils-8.24/chown.bc>:!733	64
</home/chrzissis/cclyzer-souffle/tests/coreutils-8.24/chown.bc>:!734	64
</home/chrzissis/cclyzer-souffle/tests/coreutils-8.24/chown.bc>:!740	64
</home/chrzissis/cclyzer-souffle/tests/coreutils-8.24/chown.bc>:!489	32
</home/chrzissis/cclyzer-souffle/tests/coreutils-8.24/chown.bc>:!752	64
</home/chrzissis/cclyzer-souffle/tests/coreutils-8.24/chown.bc>:!775	64
</home/chrzissis/cclyzer-souffle/tests/coreutils-8.24/chown.bc>:!777	64
</home/chrzissis/cclyzer-souffle/tests/coreutils-8.24/chown.bc>:!779	64
</home/chrzissis/cclyzer-souffle/tests/coreutils-8.24/chown.bc>:!780	64
</home/chrzissis/cclyzer-souffle/tests/coreutils-8.24/chown.bc>:!781	64
</home/chrzissis/cclyzer-souffle/tests/coreutils-8.24/chown.bc>:!783	64
</home/chrzissis/cclyzer-souffle/tests/coreutils-8.24/chown.bc>:!784	64
</home/chrzissis/cclyzer-souffle/tests/coreutils-8.24/chown.bc>:!785	64
</home/chrzissis/cclyzer-souffle/tests/coreutils-8.24/chown.bc>:!786	64
</home/chrzissis/cclyzer-souffle/tests/coreutils-8.24/chown.bc>:!787	64
</home/chrzissis/cclyzer-souffle/tests/coreutils-8.24/chown.bc>:!788	64
</home/chrzissis/cclyzer-souffle/tests/coreutils-8.24/chown.bc>:!789	64
</home/chrzissis/cclyzer-souffle/tests/coreutils-8.24/chown.bc>:!790	64
</home/chrzissis/cclyzer-souffle/tests/coreutils-8.24/chown.bc>:!791	32
</home/chrzissis/cclyzer-souffle/tests/coreutils-8.24/chown.bc>:!792	32
</home/chrzissis/cclyzer-souffle/tests/coreutils-8.24/chown.bc>:!793	64
</home/chrzissis/cclyzer-souffle/tests/coreutils-8.24/chown.bc>:!794	64
</home/chrzissis/cclyzer-souffle/tests/coreutils-8.24/chown.bc>:!795	64
</home/chrzissis/cclyzer-souffle/tests/coreutils-8.24/chown.bc>:!796	64
</home/chrzissis/cclyzer-souffle/tests/coreutils-8.24/chown.bc>:!797	64
</home/chrzissis/cclyzer-souffle/tests/coreutils-8.24/chown.bc>:!798	16
</home/chrzissis/cclyzer-souffle/tests/coreutils-8.24/chown.bc>:!799	16
</home/chrzissis/cclyzer-souffle/tests/coreutils-8.24/chown.bc>:!800	16
</home/chrzissis/cclyzer-souffle/tests/coreutils-8.24/chown.bc>:!801	64
</home/chrzissis/cclyzer-souffle/tests/coreutils-8.24/chown.bc>:!802	64
</home/chrzissis/cclyzer-souffle/tests/coreutils-8.24/chown.bc>:!803	64
</home/chrzissis/cclyzer-souffle/tests/coreutils-8.24/chown.bc>:!805	64
</home/chrzissis/cclyzer-souffle/tests/coreutils-8.24/chown.bc>:!806	64
</home/chrzissis/cclyzer-souffle/tests/coreutils-8.24/chown.bc>:!807	64
</home/chrzissis/cclyzer-souffle/tests/coreutils-8.24/chown.bc>:!808	32
</home/chrzissis/cclyzer-souffle/tests/coreutils-8.24/chown.bc>:!809	32
</home/chrzissis/cclyzer-souffle/tests/coreutils-8.24/chown.bc>:!810	32
</home/chrzissis/cclyzer-souffle/tests/coreutils-8.24/chown.bc>:!811	32
</home/chrzissis/cclyzer-souffle/tests/coreutils-8.24/chown.bc>:!812	64
</home/chrzissis/cclyzer-souffle/tests/coreutils-8.24/chown.bc>:!813	64
</home/chrzissis/cclyzer-souffle/tests/coreutils-8.24/chown.bc>:!814	64
</home/chrzissis/cclyzer-souffle/tests/coreutils-8.24/chown.bc>:!815	64
</home/chrzissis/cclyzer-souffle/tests/coreutils-8.24/chown.bc>:!816	64
</home/chrzissis/cclyzer-souffle/tests/coreutils-8.24/chown.bc>:!817	64
</home/chrzissis/cclyzer-souffle/tests/coreutils-8.24/chown.bc>:!819	64
</home/chrzissis/cclyzer-souffle/tests/coreutils-8.24/chown.bc>:!820	64
</home/chrzissis/cclyzer-souffle/tests/coreutils-8.24/chown.bc>:!821	64
</home/chrzissis/cclyzer-souffle/tests/coreutils-8.24/chown.bc>:!822	64
</home/chrzissis/cclyzer-souffle/tests/coreutils-8.24/chown.bc>:!823	64
</home/chrzissis/cclyzer-souffle/tests/coreutils-8.24/chown.bc>:!824	0
</home/chrzissis/cclyzer-souffle/tests/coreutils-8.24/chown.bc>:!825	64
</home/chrzissis/cclyzer-souffle/tests/coreutils-8.24/chown.bc>:!826	64
</home/chrzissis/cclyzer-souffle/tests/coreutils-8.24/chown.bc>:!827	64
</home/chrzissis/cclyzer-souffle/tests/coreutils-8.24/chown.bc>:!828	64
</home/chrzissis/cclyzer-souffle/tests/coreutils-8.24/chown.bc>:!829	64
</home/chrzissis/cclyzer-souffle/tests/coreutils-8.24/chown.bc>:!830	32
</home/chrzissis/cclyzer-souffle/tests/coreutils-8.24/chown.bc>:!831	32
</home/chrzissis/cclyzer-souffle/tests/coreutils-8.24/chown.bc>:!832	64
</home/chrzissis/cclyzer-souffle/tests/coreutils-8.24/chown.bc>:!833	64
</home/chrzissis/cclyzer-souffle/tests/coreutils-8.24/chown.bc>:!834	64
</home/chrzissis/cclyzer-souffle/tests/coreutils-8.24/chown.bc>:!835	64
</home/chrzissis/cclyzer-souffle/tests/coreutils-8.24/chown.bc>:!838	64
</home/chrzissis/cclyzer-souffle/tests/coreutils-8.24/chown.bc>:!839	64
</home/chrzissis/cclyzer-souffle/tests/coreutils-8.24/chown.bc>:!841	32
</home/chrzissis/cclyzer-souffle/tests/coreutils-8.24/chown.bc>:!842	64
</home/chrzissis/cclyzer-souffle/tests/coreutils-8.24/chown.bc>:!843	64
</home/chrzissis/cclyzer-souffle/tests/coreutils-8.24/chown.bc>:!844	64
</home/chrzissis/cclyzer-souffle/tests/coreutils-8.24/chown.bc>:!846	64
</home/chrzissis/cclyzer-souffle/tests/coreutils-8.24/chown.bc>:!847	64
</home/chrzissis/cclyzer-souffle/tests/coreutils-8.24/chown.bc>:!848	64
</home/chrzissis/cclyzer-souffle/tests/coreutils-8.24/chown.bc>:!849	64
</home/chrzissis/cclyzer-souffle/tests/coreutils-8.24/chown.bc>:!852	64
</home/chrzissis/cclyzer-souffle/tests/coreutils-8.24/chown.bc>:!853	64
</home/chrzissis/cclyzer-souffle/tests/coreutils-8.24/chown.bc>:!855	64
</home/chrzissis/cclyzer-souffle/tests/coreutils-8.24/chown.bc>:!856	64
</home/chrzissis/cclyzer-souffle/tests/coreutils-8.24/chown.bc>:!857	64
</home/chrzissis/cclyzer-souffle/tests/coreutils-8.24/chown.bc>:!858	32
</home/chrzissis/cclyzer-souffle/tests/coreutils-8.24/chown.bc>:!859	32
</home/chrzissis/cclyzer-souffle/tests/coreutils-8.24/chown.bc>:!861	32
</home/chrzissis/cclyzer-souffle/tests/coreutils-8.24/chown.bc>:!863	32
</home/chrzissis/cclyzer-souffle/tests/coreutils-8.24/chown.bc>:!864	32
</home/chrzissis/cclyzer-souffle/tests/coreutils-8.24/chown.bc>:!865	32
</home/chrzissis/cclyzer-souffle/tests/coreutils-8.24/chown.bc>:!866	32
</home/chrzissis/cclyzer-souffle/tests/coreutils-8.24/chown.bc>:!867	8
</home/chrzissis/cclyzer-souffle/tests/coreutils-8.24/chown.bc>:!899	64
</home/chrzissis/cclyzer-souffle/tests/coreutils-8.24/chown.bc>:!891	64
</home/chrzissis/cclyzer-souffle/tests/coreutils-8.24/chown.bc>:!892	64
</home/chrzissis/cclyzer-souffle/tests/coreutils-8.24/chown.bc>:!908	64
</home/chrzissis/cclyzer-souffle/tests/coreutils-8.24/chown.bc>:!927	64
</home/chrzissis/cclyzer-souffle/tests/coreutils-8.24/chown.bc>:!932	64
</home/chrzissis/cclyzer-souffle/tests/coreutils-8.24/chown.bc>:!68	64
</home/chrzissis/cclyzer-souffle/tests/coreutils-8.24/chown.bc>:!962	64
</home/chrzissis/cclyzer-souffle/tests/coreutils-8.24/chown.bc>:!994	64
</home/chrzissis/cclyzer-souffle/tests/coreutils-8.24/chown.bc>:!996	64
</home/chrzissis/cclyzer-souffle/tests/coreutils-8.24/chown.bc>:!1000	32
</home/chrzissis/cclyzer-souffle/tests/coreutils-8.24/chown.bc>:!1002	32
</home/chrzissis/cclyzer-souffle/tests/coreutils-8.24/chown.bc>:!1003	32
</home/chrzissis/cclyzer-souffle/tests/coreutils-8.24/chown.bc>:!1004	32
</home/chrzissis/cclyzer-souffle/tests/coreutils-8.24/chown.bc>:!1006	32
</home/chrzissis/cclyzer-souffle/tests/coreutils-8.24/chown.bc>:!1007	8
</home/chrzissis/cclyzer-souffle/tests/coreutils-8.24/chown.bc>:!1008	8
</home/chrzissis/cclyzer-souffle/tests/coreutils-8.24/chown.bc>:!1034	64
</home/chrzissis/cclyzer-souffle/tests/coreutils-8.24/chown.bc>:!1036	64
</home/chrzissis/cclyzer-souffle/tests/coreutils-8.24/chown.bc>:!1038	32
</home/chrzissis/cclyzer-souffle/tests/coreutils-8.24/chown.bc>:!1039	64
</home/chrzissis/cclyzer-souffle/tests/coreutils-8.24/chown.bc>:!1040	64
</home/chrzissis/cclyzer-souffle/tests/coreutils-8.24/chown.bc>:!1041	64
</home/chrzissis/cclyzer-souffle/tests/coreutils-8.24/chown.bc>:!1042	64
</home/chrzissis/cclyzer-souffle/tests/coreutils-8.24/chown.bc>:!1043	64
</home/chrzissis/cclyzer-souffle/tests/coreutils-8.24/chown.bc>:!1044	64
</home/chrzissis/cclyzer-souffle/tests/coreutils-8.24/chown.bc>:!1045	64
</home/chrzissis/cclyzer-souffle/tests/coreutils-8.24/chown.bc>:!1046	64
</home/chrzissis/cclyzer-souffle/tests/coreutils-8.24/chown.bc>:!1047	64
</home/chrzissis/cclyzer-souffle/tests/coreutils-8.24/chown.bc>:!1048	64
</home/chrzissis/cclyzer-souffle/tests/coreutils-8.24/chown.bc>:!1049	64
</home/chrzissis/cclyzer-souffle/tests/coreutils-8.24/chown.bc>:!1050	64
</home/chrzissis/cclyzer-souffle/tests/coreutils-8.24/chown.bc>:!1051	64
</home/chrzissis/cclyzer-souffle/tests/coreutils-8.24/chown.bc>:!1052	64
</home/chrzissis/cclyzer-souffle/tests/coreutils-8.24/chown.bc>:!1054	64
</home/chrzissis/cclyzer-souffle/tests/coreutils-8.24/chown.bc>:!1055	64
</home/chrzissis/cclyzer-souffle/tests/coreutils-8.24/chown.bc>:!1056	64
</home/chrzissis/cclyzer-souffle/tests/coreutils-8.24/chown.bc>:!1057	32
</home/chrzissis/cclyzer-souffle/tests/coreutils-8.24/chown.bc>:!1058	64
</home/chrzissis/cclyzer-souffle/tests/coreutils-8.24/chown.bc>:!1059	32
</home/chrzissis/cclyzer-souffle/tests/coreutils-8.24/chown.bc>:!1060	32
</home/chrzissis/cclyzer-souffle/tests/coreutils-8.24/chown.bc>:!1061	64
</home/chrzissis/cclyzer-souffle/tests/coreutils-8.24/chown.bc>:!1062	16
</home/chrzissis/cclyzer-souffle/tests/coreutils-8.24/chown.bc>:!1063	8
</home/chrzissis/cclyzer-souffle/tests/coreutils-8.24/chown.bc>:!1064	8
</home/chrzissis/cclyzer-souffle/tests/coreutils-8.24/chown.bc>:!1065	64
</home/chrzissis/cclyzer-souffle/tests/coreutils-8.24/chown.bc>:!1066	64
</home/chrzissis/cclyzer-souffle/tests/coreutils-8.24/chown.bc>:!1067	64
</home/chrzissis/cclyzer-souffle/tests/coreutils-8.24/chown.bc>:!1068	64
</home/chrzissis/cclyzer-souffle/tests/coreutils-8.24/chown.bc>:!1069	64
</home/chrzissis/cclyzer-souffle/tests/coreutils-8.24/chown.bc>:!1070	64
</home/chrzissis/cclyzer-souffle/tests/coreutils-8.24/chown.bc>:!1071	64
</home/chrzissis/cclyzer-souffle/tests/coreutils-8.24/chown.bc>:!1072	32
</home/chrzissis/cclyzer-souffle/tests/coreutils-8.24/chown.bc>:!1073	8
</home/chrzissis/cclyzer-souffle/tests/coreutils-8.24/chown.bc>:!1080	64
</home/chrzissis/cclyzer-souffle/tests/coreutils-8.24/chown.bc>:!1081	64
</home/chrzissis/cclyzer-souffle/tests/coreutils-8.24/chown.bc>:!1083	64
</home/chrzissis/cclyzer-souffle/tests/coreutils-8.24/chown.bc>:!1084	64
</home/chrzissis/cclyzer-souffle/tests/coreutils-8.24/chown.bc>:!1086	64
</home/chrzissis/cclyzer-souffle/tests/coreutils-8.24/chown.bc>:!1087	64
</home/chrzissis/cclyzer-souffle/tests/coreutils-8.24/chown.bc>:!1088	64
</home/chrzissis/cclyzer-souffle/tests/coreutils-8.24/chown.bc>:!1089	32
</home/chrzissis/cclyzer-souffle/tests/coreutils-8.24/chown.bc>:!1093	64
</home/chrzissis/cclyzer-souffle/tests/coreutils-8.24/chown.bc>:!1095	64
</home/chrzissis/cclyzer-souffle/tests/coreutils-8.24/chown.bc>:!1097	64
</home/chrzissis/cclyzer-souffle/tests/coreutils-8.24/chown.bc>:!1098	64
</home/chrzissis/cclyzer-souffle/tests/coreutils-8.24/chown.bc>:!1099	64
</home/chrzissis/cclyzer-souffle/tests/coreutils-8.24/chown.bc>:!1100	32
</home/chrzissis/cclyzer-souffle/tests/coreutils-8.24/chown.bc>:!1101	32
</home/chrzissis/cclyzer-souffle/tests/coreutils-8.24/chown.bc>:!1102	32
</home/chrzissis/cclyzer-souffle/tests/coreutils-8.24/chown.bc>:!1103	32
</home/chrzissis/cclyzer-souffle/tests/coreutils-8.24/chown.bc>:!1104	64
</home/chrzissis/cclyzer-souffle/tests/coreutils-8.24/chown.bc>:!1105	64
</home/chrzissis/cclyzer-souffle/tests/coreutils-8.24/chown.bc>:!1106	64
</home/chrzissis/cclyzer-souffle/tests/coreutils-8.24/chown.bc>:!1107	64
</home/chrzissis/cclyzer-souffle/tests/coreutils-8.24/chown.bc>:!1108	64
</home/chrzissis/cclyzer-souffle/tests/coreutils-8.24/chown.bc>:!1109	64
</home/chrzissis/cclyzer-souffle/tests/coreutils-8.24/chown.bc>:!1111	64
</home/chrzissis/cclyzer-souffle/tests/coreutils-8.24/chown.bc>:!1112	64
</home/chrzissis/cclyzer-souffle/tests/coreutils-8.24/chown.bc>:!1113	64
</home/chrzissis/cclyzer-souffle/tests/coreutils-8.24/chown.bc>:!1114	64
</home/chrzissis/cclyzer-souffle/tests/coreutils-8.24/chown.bc>:!1115	64
</home/chrzissis/cclyzer-souffle/tests/coreutils-8.24/chown.bc>:!1132	64
</home/chrzissis/cclyzer-souffle/tests/coreutils-8.24/chown.bc>:!1136	64
</home/chrzissis/cclyzer-souffle/tests/coreutils-8.24/chown.bc>:!1138	64
</home/chrzissis/cclyzer-souffle/tests/coreutils-8.24/chown.bc>:!1139	64
</home/chrzissis/cclyzer-souffle/tests/coreutils-8.24/chown.bc>:!1140	64
</home/chrzissis/cclyzer-souffle/tests/coreutils-8.24/chown.bc>:!1142	64
</home/chrzissis/cclyzer-souffle/tests/coreutils-8.24/chown.bc>:!1143	64
</home/chrzissis/cclyzer-souffle/tests/coreutils-8.24/chown.bc>:!1144	64
</home/chrzissis/cclyzer-souffle/tests/coreutils-8.24/chown.bc>:!1145	64
</home/chrzissis/cclyzer-souffle/tests/coreutils-8.24/chown.bc>:!1147	64
</home/chrzissis/cclyzer-souffle/tests/coreutils-8.24/chown.bc>:!1148	64
</home/chrzissis/cclyzer-souffle/tests/coreutils-8.24/chown.bc>:!1149	64
</home/chrzissis/cclyzer-souffle/tests/coreutils-8.24/chown.bc>:!1150	64
</home/chrzissis/cclyzer-souffle/tests/coreutils-8.24/chown.bc>:!1151	64
</home/chrzissis/cclyzer-souffle/tests/coreutils-8.24/chown.bc>:!1154	32
</home/chrzissis/cclyzer-souffle/tests/coreutils-8.24/chown.bc>:!1156	32
</home/chrzissis/cclyzer-souffle/tests/coreutils-8.24/chown.bc>:!1157	32
</home/chrzissis/cclyzer-souffle/tests/coreutils-8.24/chown.bc>:!1158	32
</home/chrzissis/cclyzer-souffle/tests/coreutils-8.24/chown.bc>:!1159	32
</home/chrzissis/cclyzer-souffle/tests/coreutils-8.24/chown.bc>:!1160	32
</home/chrzissis/cclyzer-souffle/tests/coreutils-8.24/chown.bc>:!1161	8
</home/chrzissis/cclyzer-souffle/tests/coreutils-8.24/chown.bc>:!1162	64
</home/chrzissis/cclyzer-souffle/tests/coreutils-8.24/chown.bc>:!1164	64
</home/chrzissis/cclyzer-souffle/tests/coreutils-8.24/chown.bc>:!1165	64
</home/chrzissis/cclyzer-souffle/tests/coreutils-8.24/chown.bc>:!1167	64
</home/chrzissis/cclyzer-souffle/tests/coreutils-8.24/chown.bc>:!1168	64
</home/chrzissis/cclyzer-souffle/tests/coreutils-8.24/chown.bc>:!1170	64
</home/chrzissis/cclyzer-souffle/tests/coreutils-8.24/chown.bc>:!1173	64
</home/chrzissis/cclyzer-souffle/tests/coreutils-8.24/chown.bc>:!1183	64
</home/chrzissis/cclyzer-souffle/tests/coreutils-8.24/chown.bc>:!1185	64
</home/chrzissis/cclyzer-souffle/tests/coreutils-8.24/chown.bc>:!1187	32
</home/chrzissis/cclyzer-souffle/tests/coreutils-8.24/chown.bc>:!1188	64
</home/chrzissis/cclyzer-souffle/tests/coreutils-8.24/chown.bc>:!1189	64
</home/chrzissis/cclyzer-souffle/tests/coreutils-8.24/chown.bc>:!1190	64
</home/chrzissis/cclyzer-souffle/tests/coreutils-8.24/chown.bc>:!1191	64
</home/chrzissis/cclyzer-souffle/tests/coreutils-8.24/chown.bc>:!1192	64
</home/chrzissis/cclyzer-souffle/tests/coreutils-8.24/chown.bc>:!1193	64
</home/chrzissis/cclyzer-souffle/tests/coreutils-8.24/chown.bc>:!1194	64
</home/chrzissis/cclyzer-souffle/tests/coreutils-8.24/chown.bc>:!1195	64
</home/chrzissis/cclyzer-souffle/tests/coreutils-8.24/chown.bc>:!1196	64
</home/chrzissis/cclyzer-souffle/tests/coreutils-8.24/chown.bc>:!1197	64
</home/chrzissis/cclyzer-souffle/tests/coreutils-8.24/chown.bc>:!1198	64
</home/chrzissis/cclyzer-souffle/tests/coreutils-8.24/chown.bc>:!1199	64
</home/chrzissis/cclyzer-souffle/tests/coreutils-8.24/chown.bc>:!1200	64
</home/chrzissis/cclyzer-souffle/tests/coreutils-8.24/chown.bc>:!1201	64
</home/chrzissis/cclyzer-souffle/tests/coreutils-8.24/chown.bc>:!1203	64
</home/chrzissis/cclyzer-souffle/tests/coreutils-8.24/chown.bc>:!1204	64
</home/chrzissis/cclyzer-souffle/tests/coreutils-8.24/chown.bc>:!1205	64
</home/chrzissis/cclyzer-souffle/tests/coreutils-8.24/chown.bc>:!1206	32
</home/chrzissis/cclyzer-souffle/tests/coreutils-8.24/chown.bc>:!1207	64
</home/chrzissis/cclyzer-souffle/tests/coreutils-8.24/chown.bc>:!1208	32
</home/chrzissis/cclyzer-souffle/tests/coreutils-8.24/chown.bc>:!1209	32
</home/chrzissis/cclyzer-souffle/tests/coreutils-8.24/chown.bc>:!1210	64
</home/chrzissis/cclyzer-souffle/tests/coreutils-8.24/chown.bc>:!1211	16
</home/chrzissis/cclyzer-souffle/tests/coreutils-8.24/chown.bc>:!1212	8
</home/chrzissis/cclyzer-souffle/tests/coreutils-8.24/chown.bc>:!1213	8
</home/chrzissis/cclyzer-souffle/tests/coreutils-8.24/chown.bc>:!1214	64
</home/chrzissis/cclyzer-souffle/tests/coreutils-8.24/chown.bc>:!1215	64
</home/chrzissis/cclyzer-souffle/tests/coreutils-8.24/chown.bc>:!1216	64
</home/chrzissis/cclyzer-souffle/tests/coreutils-8.24/chown.bc>:!1217	64
</home/chrzissis/cclyzer-souffle/tests/coreutils-8.24/chown.bc>:!1218	64
</home/chrzissis/cclyzer-souffle/tests/coreutils-8.24/chown.bc>:!1219	64
</home/chrzissis/cclyzer-souffle/tests/coreutils-8.24/chown.bc>:!1220	64
</home/chrzissis/cclyzer-souffle/tests/coreutils-8.24/chown.bc>:!1221	32
</home/chrzissis/cclyzer-souffle/tests/coreutils-8.24/chown.bc>:!1222	8
</home/chrzissis/cclyzer-souffle/tests/coreutils-8.24/chown.bc>:!1233	64
</home/chrzissis/cclyzer-souffle/tests/coreutils-8.24/chown.bc>:!1238	64
</home/chrzissis/cclyzer-souffle/tests/coreutils-8.24/chown.bc>:!1247	64
</home/chrzissis/cclyzer-souffle/tests/coreutils-8.24/chown.bc>:!1251	64
</home/chrzissis/cclyzer-souffle/tests/coreutils-8.24/chown.bc>:!1262	64
</home/chrzissis/cclyzer-souffle/tests/coreutils-8.24/chown.bc>:!1293	64
</home/chrzissis/cclyzer-souffle/tests/coreutils-8.24/chown.bc>:!1309	64
</home/chrzissis/cclyzer-souffle/tests/coreutils-8.24/chown.bc>:!1311	32
</home/chrzissis/cclyzer-souffle/tests/coreutils-8.24/chown.bc>:!1313	32
</home/chrzissis/cclyzer-souffle/tests/coreutils-8.24/chown.bc>:!1314	32
</home/chrzissis/cclyzer-souffle/tests/coreutils-8.24/chown.bc>:!1315	32
</home/chrzissis/cclyzer-souffle/tests/coreutils-8.24/chown.bc>:!1316	32
</home/chrzissis/cclyzer-souffle/tests/coreutils-8.24/chown.bc>:!1317	8
</home/chrzissis/cclyzer-souffle/tests/coreutils-8.24/chown.bc>:!1321	64
</home/chrzissis/cclyzer-souffle/tests/coreutils-8.24/chown.bc>:!1698	64
</home/chrzissis/cclyzer-souffle/tests/coreutils-8.24/chown.bc>:!1700	64
</home/chrzissis/cclyzer-souffle/tests/coreutils-8.24/chown.bc>:!1702	32
</home/chrzissis/cclyzer-souffle/tests/coreutils-8.24/chown.bc>:!1703	64
</home/chrzissis/cclyzer-souffle/tests/coreutils-8.24/chown.bc>:!1704	64
</home/chrzissis/cclyzer-souffle/tests/coreutils-8.24/chown.bc>:!1705	64
</home/chrzissis/cclyzer-souffle/tests/coreutils-8.24/chown.bc>:!1706	64
</home/chrzissis/cclyzer-souffle/tests/coreutils-8.24/chown.bc>:!1707	64
</home/chrzissis/cclyzer-souffle/tests/coreutils-8.24/chown.bc>:!1708	64
</home/chrzissis/cclyzer-souffle/tests/coreutils-8.24/chown.bc>:!1709	64
</home/chrzissis/cclyzer-souffle/tests/coreutils-8.24/chown.bc>:!1710	64
</home/chrzissis/cclyzer-souffle/tests/coreutils-8.24/chown.bc>:!1711	64
</home/chrzissis/cclyzer-souffle/tests/coreutils-8.24/chown.bc>:!1712	64
</home/chrzissis/cclyzer-souffle/tests/coreutils-8.24/chown.bc>:!1713	64
</home/chrzissis/cclyzer-souffle/tests/coreutils-8.24/chown.bc>:!1714	64
</home/chrzissis/cclyzer-souffle/tests/coreutils-8.24/chown.bc>:!1715	64
</home/chrzissis/cclyzer-souffle/tests/coreutils-8.24/chown.bc>:!1716	64
</home/chrzissis/cclyzer-souffle/tests/coreutils-8.24/chown.bc>:!1718	64
</home/chrzissis/cclyzer-souffle/tests/coreutils-8.24/chown.bc>:!1719	64
</home/chrzissis/cclyzer-souffle/tests/coreutils-8.24/chown.bc>:!1720	64
</home/chrzissis/cclyzer-souffle/tests/coreutils-8.24/chown.bc>:!1721	32
</home/chrzissis/cclyzer-souffle/tests/coreutils-8.24/chown.bc>:!1722	64
</home/chrzissis/cclyzer-souffle/tests/coreutils-8.24/chown.bc>:!1723	32
</home/chrzissis/cclyzer-souffle/tests/coreutils-8.24/chown.bc>:!1724	32
</home/chrzissis/cclyzer-souffle/tests/coreutils-8.24/chown.bc>:!1725	64
</home/chrzissis/cclyzer-souffle/tests/coreutils-8.24/chown.bc>:!1726	16
</home/chrzissis/cclyzer-souffle/tests/coreutils-8.24/chown.bc>:!1727	8
</home/chrzissis/cclyzer-souffle/tests/coreutils-8.24/chown.bc>:!1728	8
</home/chrzissis/cclyzer-souffle/tests/coreutils-8.24/chown.bc>:!1729	64
</home/chrzissis/cclyzer-souffle/tests/coreutils-8.24/chown.bc>:!1730	64
</home/chrzissis/cclyzer-souffle/tests/coreutils-8.24/chown.bc>:!1731	64
</home/chrzissis/cclyzer-souffle/tests/coreutils-8.24/chown.bc>:!1732	64
</home/chrzissis/cclyzer-souffle/tests/coreutils-8.24/chown.bc>:!1733	64
</home/chrzissis/cclyzer-souffle/tests/coreutils-8.24/chown.bc>:!1734	64
</home/chrzissis/cclyzer-souffle/tests/coreutils-8.24/chown.bc>:!1735	64
</home/chrzissis/cclyzer-souffle/tests/coreutils-8.24/chown.bc>:!1736	32
</home/chrzissis/cclyzer-souffle/tests/coreutils-8.24/chown.bc>:!1737	8
</home/chrzissis/cclyzer-souffle/tests/coreutils-8.24/chown.bc>:!1752	64
</home/chrzissis/cclyzer-souffle/tests/coreutils-8.24/chown.bc>:!1754	64
</home/chrzissis/cclyzer-souffle/tests/coreutils-8.24/chown.bc>:!1756	32
</home/chrzissis/cclyzer-souffle/tests/coreutils-8.24/chown.bc>:!1757	64
</home/chrzissis/cclyzer-souffle/tests/coreutils-8.24/chown.bc>:!1758	64
</home/chrzissis/cclyzer-souffle/tests/coreutils-8.24/chown.bc>:!1759	64
</home/chrzissis/cclyzer-souffle/tests/coreutils-8.24/chown.bc>:!1760	64
</home/chrzissis/cclyzer-souffle/tests/coreutils-8.24/chown.bc>:!1761	64
</home/chrzissis/cclyzer-souffle/tests/coreutils-8.24/chown.bc>:!1762	64
</home/chrzissis/cclyzer-souffle/tests/coreutils-8.24/chown.bc>:!1763	64
</home/chrzissis/cclyzer-souffle/tests/coreutils-8.24/chown.bc>:!1764	64
</home/chrzissis/cclyzer-souffle/tests/coreutils-8.24/chown.bc>:!1765	64
</home/chrzissis/cclyzer-souffle/tests/coreutils-8.24/chown.bc>:!1766	64
</home/chrzissis/cclyzer-souffle/tests/coreutils-8.24/chown.bc>:!1767	64
</home/chrzissis/cclyzer-souffle/tests/coreutils-8.24/chown.bc>:!1768	64
</home/chrzissis/cclyzer-souffle/tests/coreutils-8.24/chown.bc>:!1769	64
</home/chrzissis/cclyzer-souffle/tests/coreutils-8.24/chown.bc>:!1770	64
</home/chrzissis/cclyzer-souffle/tests/coreutils-8.24/chown.bc>:!1772	64
</home/chrzissis/cclyzer-souffle/tests/coreutils-8.24/chown.bc>:!1773	64
</home/chrzissis/cclyzer-souffle/tests/coreutils-8.24/chown.bc>:!1774	64
</home/chrzissis/cclyzer-souffle/tests/coreutils-8.24/chown.bc>:!1775	32
</home/chrzissis/cclyzer-souffle/tests/coreutils-8.24/chown.bc>:!1776	64
</home/chrzissis/cclyzer-souffle/tests/coreutils-8.24/chown.bc>:!1777	32
</home/chrzissis/cclyzer-souffle/tests/coreutils-8.24/chown.bc>:!1778	32
</home/chrzissis/cclyzer-souffle/tests/coreutils-8.24/chown.bc>:!1779	64
</home/chrzissis/cclyzer-souffle/tests/coreutils-8.24/chown.bc>:!1780	16
</home/chrzissis/cclyzer-souffle/tests/coreutils-8.24/chown.bc>:!1781	8
</home/chrzissis/cclyzer-souffle/tests/coreutils-8.24/chown.bc>:!1782	8
</home/chrzissis/cclyzer-souffle/tests/coreutils-8.24/chown.bc>:!1783	64
</home/chrzissis/cclyzer-souffle/tests/coreutils-8.24/chown.bc>:!1784	64
</home/chrzissis/cclyzer-souffle/tests/coreutils-8.24/chown.bc>:!1785	64
</home/chrzissis/cclyzer-souffle/tests/coreutils-8.24/chown.bc>:!1786	64
</home/chrzissis/cclyzer-souffle/tests/coreutils-8.24/chown.bc>:!1787	64
</home/chrzissis/cclyzer-souffle/tests/coreutils-8.24/chown.bc>:!1788	64
</home/chrzissis/cclyzer-souffle/tests/coreutils-8.24/chown.bc>:!1789	64
</home/chrzissis/cclyzer-souffle/tests/coreutils-8.24/chown.bc>:!1790	32
</home/chrzissis/cclyzer-souffle/tests/coreutils-8.24/chown.bc>:!1791	8
</home/chrzissis/cclyzer-souffle/tests/coreutils-8.24/chown.bc>:!1801	64
</home/chrzissis/cclyzer-souffle/tests/coreutils-8.24/chown.bc>:!1803	64
</home/chrzissis/cclyzer-souffle/tests/coreutils-8.24/chown.bc>:!1805	32
</home/chrzissis/cclyzer-souffle/tests/coreutils-8.24/chown.bc>:!1806	64
</home/chrzissis/cclyzer-souffle/tests/coreutils-8.24/chown.bc>:!1807	64
</home/chrzissis/cclyzer-souffle/tests/coreutils-8.24/chown.bc>:!1808	64
</home/chrzissis/cclyzer-souffle/tests/coreutils-8.24/chown.bc>:!1809	64
</home/chrzissis/cclyzer-souffle/tests/coreutils-8.24/chown.bc>:!1810	64
</home/chrzissis/cclyzer-souffle/tests/coreutils-8.24/chown.bc>:!1811	64
</home/chrzissis/cclyzer-souffle/tests/coreutils-8.24/chown.bc>:!1812	64
</home/chrzissis/cclyzer-souffle/tests/coreutils-8.24/chown.bc>:!1813	64
</home/chrzissis/cclyzer-souffle/tests/coreutils-8.24/chown.bc>:!1814	64
</home/chrzissis/cclyzer-souffle/tests/coreutils-8.24/chown.bc>:!1815	64
</home/chrzissis/cclyzer-souffle/tests/coreutils-8.24/chown.bc>:!1816	64
</home/chrzissis/cclyzer-souffle/tests/coreutils-8.24/chown.bc>:!1817	64
</home/chrzissis/cclyzer-souffle/tests/coreutils-8.24/chown.bc>:!1818	64
</home/chrzissis/cclyzer-souffle/tests/coreutils-8.24/chown.bc>:!1819	64
</home/chrzissis/cclyzer-souffle/tests/coreutils-8.24/chown.bc>:!1821	64
</home/chrzissis/cclyzer-souffle/tests/coreutils-8.24/chown.bc>:!1822	64
</home/chrzissis/cclyzer-souffle/tests/coreutils-8.24/chown.bc>:!1823	64
</home/chrzissis/cclyzer-souffle/tests/coreutils-8.24/chown.bc>:!1824	32
</home/chrzissis/cclyzer-souffle/tests/coreutils-8.24/chown.bc>:!1825	64
</home/chrzissis/cclyzer-souffle/tests/coreutils-8.24/chown.bc>:!1826	32
</home/chrzissis/cclyzer-souffle/tests/coreutils-8.24/chown.bc>:!1827	32
</home/chrzissis/cclyzer-souffle/tests/coreutils-8.24/chown.bc>:!1828	64
</home/chrzissis/cclyzer-souffle/tests/coreutils-8.24/chown.bc>:!1829	16
</home/chrzissis/cclyzer-souffle/tests/coreutils-8.24/chown.bc>:!1830	8
</home/chrzissis/cclyzer-souffle/tests/coreutils-8.24/chown.bc>:!1831	8
</home/chrzissis/cclyzer-souffle/tests/coreutils-8.24/chown.bc>:!1832	64
</home/chrzissis/cclyzer-souffle/tests/coreutils-8.24/chown.bc>:!1833	64
</home/chrzissis/cclyzer-souffle/tests/coreutils-8.24/chown.bc>:!1834	64
</home/chrzissis/cclyzer-souffle/tests/coreutils-8.24/chown.bc>:!1835	64
</home/chrzissis/cclyzer-souffle/tests/coreutils-8.24/chown.bc>:!1836	64
</home/chrzissis/cclyzer-souffle/tests/coreutils-8.24/chown.bc>:!1837	64
</home/chrzissis/cclyzer-souffle/tests/coreutils-8.24/chown.bc>:!1838	64
</home/chrzissis/cclyzer-souffle/tests/coreutils-8.24/chown.bc>:!1839	32
</home/chrzissis/cclyzer-souffle/tests/coreutils-8.24/chown.bc>:!1840	8
</home/chrzissis/cclyzer-souffle/tests/coreutils-8.24/chown.bc>:!1014	8
</home/chrzissis/cclyzer-souffle/tests/coreutils-8.24/chown.bc>:!37	64
</home/chrzissis/cclyzer-souffle/tests/coreutils-8.24/chown.bc>:!40	64
</home/chrzissis/cclyzer-souffle/tests/coreutils-8.24/chown.bc>:!46	64
</home/chrzissis/cclyzer-souffle/tests/coreutils-8.24/chown.bc>:!51	64
</home/chrzissis/cclyzer-souffle/tests/coreutils-8.24/chown.bc>:!53	64
</home/chrzissis/cclyzer-souffle/tests/coreutils-8.24/chown.bc>:!55	64
</home/chrzissis/cclyzer-souffle/tests/coreutils-8.24/chown.bc>:!56	64
</home/chrzissis/cclyzer-souffle/tests/coreutils-8.24/chown.bc>:!60	64
</home/chrzissis/cclyzer-souffle/tests/coreutils-8.24/chown.bc>:!62	64
</home/chrzissis/cclyzer-souffle/tests/coreutils-8.24/chown.bc>:!65	64
</home/chrzissis/cclyzer-souffle/tests/coreutils-8.24/chown.bc>:!66	32
</home/chrzissis/cclyzer-souffle/tests/coreutils-8.24/chown.bc>:!67	64
</home/chrzissis/cclyzer-souffle/tests/coreutils-8.24/chown.bc>:!69	32
</home/chrzissis/cclyzer-souffle/tests/coreutils-8.24/chown.bc>:!279	0
</home/chrzissis/cclyzer-souffle/tests/coreutils-8.24/chown.bc>:!454	64
</home/chrzissis/cclyzer-souffle/tests/coreutils-8.24/chown.bc>:!459	32
</home/chrzissis/cclyzer-souffle/tests/coreutils-8.24/chown.bc>:!464	8
</home/chrzissis/cclyzer-souffle/tests/coreutils-8.24/chown.bc>:!468	64
</home/chrzissis/cclyzer-souffle/tests/coreutils-8.24/chown.bc>:!469	64
</home/chrzissis/cclyzer-souffle/tests/coreutils-8.24/chown.bc>:!471	64
</home/chrzissis/cclyzer-souffle/tests/coreutils-8.24/chown.bc>:!472	64
</home/chrzissis/cclyzer-souffle/tests/coreutils-8.24/chown.bc>:!595	8
</home/chrzissis/cclyzer-souffle/tests/coreutils-8.24/chown.bc>:!1677	0
</home/chrzissis/cclyzer-souffle/tests/coreutils-8.24/chown.bc>:!320	32
</home/chrzissis/cclyzer-souffle/tests/coreutils-8.24/chown.bc>:!325	32
</home/chrzissis/cclyzer-souffle/tests/coreutils-8.24/chown.bc>:!514	32
</home/chrzissis/cclyzer-souffle/tests/coreutils-8.24/chown.bc>:!601	32
</home/chrzissis/cclyzer-souffle/tests/coreutils-8.24/chown.bc>:!766	32
</home/chrzissis/cclyzer-souffle/tests/coreutils-8.24/chown.bc>:!770	32
</home/chrzissis/cclyzer-souffle/tests/coreutils-8.24/chown.bc>:!870	32
</home/chrzissis/cclyzer-souffle/tests/coreutils-8.24/chown.bc>:!873	32
</home/chrzissis/cclyzer-souffle/tests/coreutils-8.24/chown.bc>:!884	32
</home/chrzissis/cclyzer-souffle/tests/coreutils-8.24/chown.bc>:!888	64
</home/chrzissis/cclyzer-souffle/tests/coreutils-8.24/chown.bc>:!1012	64
</home/chrzissis/cclyzer-souffle/tests/coreutils-8.24/chown.bc>:!1302	32
</home/chrzissis/cclyzer-souffle/tests/coreutils-8.24/chown.bc>:!1332	32
</home/chrzissis/cclyzer-souffle/tests/coreutils-8.24/chown.bc>:!1944	64
</home/chrzissis/cclyzer-souffle/tests/coreutils-8.24/chown.bc>:!1946	32
</home/chrzissis/cclyzer-souffle/tests/coreutils-8.24/chown.bc>:!1947	8
</home/chrzissis/cclyzer-souffle/tests/coreutils-8.24/chown.bc>:!1948	64
</home/chrzissis/cclyzer-souffle/tests/coreutils-8.24/chown.bc>:!1949	64
</home/chrzissis/cclyzer-souffle/tests/coreutils-8.24/chown.bc>:!1950	8
</home/chrzissis/cclyzer-souffle/tests/coreutils-8.24/chown.bc>:!1951	8
</home/chrzissis/cclyzer-souffle/tests/coreutils-8.24/chown.bc>:!1952	64
</home/chrzissis/cclyzer-souffle/tests/coreutils-8.24/chown.bc>:!1953	64
</home/chrzissis/cclyzer-souffle/tests/coreutils-8.24/chown.bc>:!2074	64
</home/chrzissis/cclyzer-souffle/tests/coreutils-8.24/chown.bc>:!2076	64
</home/chrzissis/cclyzer-souffle/tests/coreutils-8.24/chown.bc>:!2077	64
</home/chrzissis/cclyzer-souffle/tests/coreutils-8.24/chown.bc>:!2078	64
</home/chrzissis/cclyzer-souffle/tests/coreutils-8.24/chown.bc>:!2079	32
</home/chrzissis/cclyzer-souffle/tests/coreutils-8.24/chown.bc>:!2080	32
</home/chrzissis/cclyzer-souffle/tests/coreutils-8.24/chown.bc>:!2081	32
</home/chrzissis/cclyzer-souffle/tests/coreutils-8.24/chown.bc>:!2082	32
</home/chrzissis/cclyzer-souffle/tests/coreutils-8.24/chown.bc>:!2083	64
</home/chrzissis/cclyzer-souffle/tests/coreutils-8.24/chown.bc>:!2084	64
</home/chrzissis/cclyzer-souffle/tests/coreutils-8.24/chown.bc>:!2085	64
</home/chrzissis/cclyzer-souffle/tests/coreutils-8.24/chown.bc>:!2086	64
</home/chrzissis/cclyzer-souffle/tests/coreutils-8.24/chown.bc>:!2087	64
</home/chrzissis/cclyzer-souffle/tests/coreutils-8.24/chown.bc>:!2088	64
</home/chrzissis/cclyzer-souffle/tests/coreutils-8.24/chown.bc>:!2090	64
</home/chrzissis/cclyzer-souffle/tests/coreutils-8.24/chown.bc>:!2091	64
</home/chrzissis/cclyzer-souffle/tests/coreutils-8.24/chown.bc>:!2092	64
</home/chrzissis/cclyzer-souffle/tests/coreutils-8.24/chown.bc>:!2093	64
</home/chrzissis/cclyzer-souffle/tests/coreutils-8.24/chown.bc>:!2094	64
</home/chrzissis/cclyzer-souffle/tests/coreutils-8.24/chown.bc>:!2191	64
</home/chrzissis/cclyzer-souffle/tests/coreutils-8.24/chown.bc>:!2274	8
</home/chrzissis/cclyzer-souffle/tests/coreutils-8.24/chown.bc>:!2279	64
</home/chrzissis/cclyzer-souffle/tests/coreutils-8.24/chown.bc>:!2280	64
</home/chrzissis/cclyzer-souffle/tests/coreutils-8.24/chown.bc>:!2283	64
</home/chrzissis/cclyzer-souffle/tests/coreutils-8.24/chown.bc>:!2284	64
</home/chrzissis/cclyzer-souffle/tests/coreutils-8.24/chown.bc>:!2285	32
</home/chrzissis/cclyzer-souffle/tests/coreutils-8.24/chown.bc>:!2286	64
</home/chrzissis/cclyzer-souffle/tests/coreutils-8.24/chown.bc>:!2306	64
</home/chrzissis/cclyzer-souffle/tests/coreutils-8.24/chown.bc>:!2307	64
</home/chrzissis/cclyzer-souffle/tests/coreutils-8.24/chown.bc>:!2310	64
</home/chrzissis/cclyzer-souffle/tests/coreutils-8.24/chown.bc>:!2311	64
</home/chrzissis/cclyzer-souffle/tests/coreutils-8.24/chown.bc>:!2312	32
</home/chrzissis/cclyzer-souffle/tests/coreutils-8.24/chown.bc>:!2313	32
</home/chrzissis/cclyzer-souffle/tests/coreutils-8.24/chown.bc>:!2314	64
</home/chrzissis/cclyzer-souffle/tests/coreutils-8.24/chown.bc>:!2315	64
</home/chrzissis/cclyzer-souffle/tests/coreutils-8.24/chown.bc>:!2316	64
</home/chrzissis/cclyzer-souffle/tests/coreutils-8.24/chown.bc>:!3373	64
</home/chrzissis/cclyzer-souffle/tests/coreutils-8.24/chown.bc>:!4350	32
</home/chrzissis/cclyzer-souffle/tests/coreutils-8.24/chown.bc>:!4352	32
</home/chrzissis/cclyzer-souffle/tests/coreutils-8.24/chown.bc>:!4353	32
</home/chrzissis/cclyzer-souffle/tests/coreutils-8.24/chown.bc>:!4354	32
</home/chrzissis/cclyzer-souffle/tests/coreutils-8.24/chown.bc>:!4356	32
</home/chrzissis/cclyzer-souffle/tests/coreutils-8.24/chown.bc>:!4357	8
</home/chrzissis/cclyzer-souffle/tests/coreutils-8.24/chown.bc>:!4893	64
</home/chrzissis/cclyzer-souffle/tests/coreutils-8.24/chown.bc>:!4895	64
</home/chrzissis/cclyzer-souffle/tests/coreutils-8.24/chown.bc>:!4896	64
</home/chrzissis/cclyzer-souffle/tests/coreutils-8.24/chown.bc>:!4897	64
</home/chrzissis/cclyzer-souffle/tests/coreutils-8.24/chown.bc>:!4898	32
</home/chrzissis/cclyzer-souffle/tests/coreutils-8.24/chown.bc>:!4899	32
</home/chrzissis/cclyzer-souffle/tests/coreutils-8.24/chown.bc>:!4900	32
</home/chrzissis/cclyzer-souffle/tests/coreutils-8.24/chown.bc>:!4901	32
</home/chrzissis/cclyzer-souffle/tests/coreutils-8.24/chown.bc>:!4902	64
</home/chrzissis/cclyzer-souffle/tests/coreutils-8.24/chown.bc>:!4903	64
</home/chrzissis/cclyzer-souffle/tests/coreutils-8.24/chown.bc>:!4904	64
</home/chrzissis/cclyzer-souffle/tests/coreutils-8.24/chown.bc>:!4905	64
</home/chrzissis/cclyzer-souffle/tests/coreutils-8.24/chown.bc>:!4906	64
</home/chrzissis/cclyzer-souffle/tests/coreutils-8.24/chown.bc>:!4907	64
</home/chrzissis/cclyzer-souffle/tests/coreutils-8.24/chown.bc>:!4909	64
</home/chrzissis/cclyzer-souffle/tests/coreutils-8.24/chown.bc>:!4910	64
</home/chrzissis/cclyzer-souffle/tests/coreutils-8.24/chown.bc>:!4911	64
</home/chrzissis/cclyzer-souffle/tests/coreutils-8.24/chown.bc>:!4912	64
</home/chrzissis/cclyzer-souffle/tests/coreutils-8.24/chown.bc>:!4913	64
</home/chrzissis/cclyzer-souffle/tests/coreutils-8.24/chown.bc>:!5006	64
</home/chrzissis/cclyzer-souffle/tests/coreutils-8.24/chown.bc>:!5007	64
</home/chrzissis/cclyzer-souffle/tests/coreutils-8.24/chown.bc>:!5009	64
</home/chrzissis/cclyzer-souffle/tests/coreutils-8.24/chown.bc>:!5010	64
</home/chrzissis/cclyzer-souffle/tests/coreutils-8.24/chown.bc>:!5011	32
</home/chrzissis/cclyzer-souffle/tests/coreutils-8.24/chown.bc>:!5012	32
</home/chrzissis/cclyzer-souffle/tests/coreutils-8.24/chown.bc>:!5013	64
</home/chrzissis/cclyzer-souffle/tests/coreutils-8.24/chown.bc>:!5014	64
</home/chrzissis/cclyzer-souffle/tests/coreutils-8.24/chown.bc>:!5015	64
</home/chrzissis/cclyzer-souffle/tests/coreutils-8.24/chown.bc>:!5018	64
</home/chrzissis/cclyzer-souffle/tests/coreutils-8.24/chown.bc>:!5019	64
</home/chrzissis/cclyzer-souffle/tests/coreutils-8.24/chown.bc>:!5021	64
</home/chrzissis/cclyzer-souffle/tests/coreutils-8.24/chown.bc>:!5022	64
</home/chrzissis/cclyzer-souffle/tests/coreutils-8.24/chown.bc>:!5023	32
</home/chrzissis/cclyzer-souffle/tests/coreutils-8.24/chown.bc>:!5024	64
</home/chrzissis/cclyzer-souffle/tests/coreutils-8.24/chown.bc>:!5478	64
</home/chrzissis/cclyzer-souffle/tests/coreutils-8.24/chown.bc>:!5529	64
</home/chrzissis/cclyzer-souffle/tests/coreutils-8.24/chown.bc>:!7612	64
</home/chrzissis/cclyzer-souffle/tests/coreutils-8.24/chown.bc>:!7867	64
</home/chrzissis/cclyzer-souffle/tests/coreutils-8.24/chown.bc>:!7879	64
</home/chrzissis/cclyzer-souffle/tests/coreutils-8.24/chown.bc>:!7881	64
</home/chrzissis/cclyzer-souffle/tests/coreutils-8.24/chown.bc>:!7882	64
</home/chrzissis/cclyzer-souffle/tests/coreutils-8.24/chown.bc>:!7883	64
</home/chrzissis/cclyzer-souffle/tests/coreutils-8.24/chown.bc>:!8403	64
</home/chrzissis/cclyzer-souffle/tests/coreutils-8.24/chown.bc>:!8404	64
</home/chrzissis/cclyzer-souffle/tests/coreutils-8.24/chown.bc>:!8407	64
</home/chrzissis/cclyzer-souffle/tests/coreutils-8.24/chown.bc>:!8408	64
</home/chrzissis/cclyzer-souffle/tests/coreutils-8.24/chown.bc>:!8409	16
</home/chrzissis/cclyzer-souffle/tests/coreutils-8.24/chown.bc>:!8410	8
</home/chrzissis/cclyzer-souffle/tests/coreutils-8.24/chown.bc>:!8411	8
</home/chrzissis/cclyzer-souffle/tests/coreutils-8.24/chown.bc>:!8892	64
</home/chrzissis/cclyzer-souffle/tests/coreutils-8.24/chown.bc>:!8898	64
</home/chrzissis/cclyzer-souffle/tests/coreutils-8.24/chown.bc>:!8900	64
</home/chrzissis/cclyzer-souffle/tests/coreutils-8.24/chown.bc>:!8901	8
</home/chrzissis/cclyzer-souffle/tests/coreutils-8.24/chown.bc>:!8904	64
</home/chrzissis/cclyzer-souffle/tests/coreutils-8.24/chown.bc>:!9006	64
</home/chrzissis/cclyzer-souffle/tests/coreutils-8.24/chown.bc>:!9138	64
</home/chrzissis/cclyzer-souffle/tests/coreutils-8.24/chown.bc>:!9175	64
</home/chrzissis/cclyzer-souffle/tests/coreutils-8.24/chown.bc>:!9203	64
</home/chrzissis/cclyzer-souffle/tests/coreutils-8.24/chown.bc>:!9206	64
</home/chrzissis/cclyzer-souffle/tests/coreutils-8.24/chown.bc>:!9208	64
</home/chrzissis/cclyzer-souffle/tests/coreutils-8.24/chown.bc>:!9209	64
</home/chrzissis/cclyzer-souffle/tests/coreutils-8.24/chown.bc>:!9211	64
</home/chrzissis/cclyzer-souffle/tests/coreutils-8.24/chown.bc>:!9212	64
</home/chrzissis/cclyzer-souffle/tests/coreutils-8.24/chown.bc>:!9213	64
</home/chrzissis/cclyzer-souffle/tests/coreutils-8.24/chown.bc>:!9215	64
</home/chrzissis/cclyzer-souffle/tests/coreutils-8.24/chown.bc>:!9216	32
</home/chrzissis/cclyzer-souffle/tests/coreutils-8.24/chown.bc>:!9218	32
</home/chrzissis/cclyzer-souffle/tests/coreutils-8.24/chown.bc>:!9220	32
</home/chrzissis/cclyzer-souffle/tests/coreutils-8.24/chown.bc>:!9221	32
</home/chrzissis/cclyzer-souffle/tests/coreutils-8.24/chown.bc>:!9224	64
</home/chrzissis/cclyzer-souffle/tests/coreutils-8.24/chown.bc>:!9225	64
</home/chrzissis/cclyzer-souffle/tests/coreutils-8.24/chown.bc>:!9226	64
</home/chrzissis/cclyzer-souffle/tests/coreutils-8.24/chown.bc>:!9227	64
</home/chrzissis/cclyzer-souffle/tests/coreutils-8.24/chown.bc>:!9228	64
</home/chrzissis/cclyzer-souffle/tests/coreutils-8.24/chown.bc>:!9690	64
</home/chrzissis/cclyzer-souffle/tests/coreutils-8.24/chown.bc>:!9692	64
</home/chrzissis/cclyzer-souffle/tests/coreutils-8.24/chown.bc>:!9694	32
</home/chrzissis/cclyzer-souffle/tests/coreutils-8.24/chown.bc>:!9695	32
</home/chrzissis/cclyzer-souffle/tests/coreutils-8.24/chown.bc>:!9696	64
</home/chrzissis/cclyzer-souffle/tests/coreutils-8.24/chown.bc>:!9697	64
</home/chrzissis/cclyzer-souffle/tests/coreutils-8.24/chown.bc>:!11707	64
</home/chrzissis/cclyzer-souffle/tests/coreutils-8.24/chown.bc>:!11709	64
</home/chrzissis/cclyzer-souffle/tests/coreutils-8.24/chown.bc>:!11711	32
</home/chrzissis/cclyzer-souffle/tests/coreutils-8.24/chown.bc>:!11712	64
</home/chrzissis/cclyzer-souffle/tests/coreutils-8.24/chown.bc>:!11713	64
</home/chrzissis/cclyzer-souffle/tests/coreutils-8.24/chown.bc>:!11714	64
</home/chrzissis/cclyzer-souffle/tests/coreutils-8.24/chown.bc>:!11715	64
</home/chrzissis/cclyzer-souffle/tests/coreutils-8.24/chown.bc>:!11716	64
</home/chrzissis/cclyzer-souffle/tests/coreutils-8.24/chown.bc>:!11717	64
</home/chrzissis/cclyzer-souffle/tests/coreutils-8.24/chown.bc>:!11718	64
</home/chrzissis/cclyzer-souffle/tests/coreutils-8.24/chown.bc>:!11719	64
</home/chrzissis/cclyzer-souffle/tests/coreutils-8.24/chown.bc>:!11720	64
</home/chrzissis/cclyzer-souffle/tests/coreutils-8.24/chown.bc>:!11721	64
</home/chrzissis/cclyzer-souffle/tests/coreutils-8.24/chown.bc>:!11722	64
</home/chrzissis/cclyzer-souffle/tests/coreutils-8.24/chown.bc>:!11723	64
</home/chrzissis/cclyzer-souffle/tests/coreutils-8.24/chown.bc>:!11724	64
</home/chrzissis/cclyzer-souffle/tests/coreutils-8.24/chown.bc>:!11725	64
</home/chrzissis/cclyzer-souffle/tests/coreutils-8.24/chown.bc>:!11727	64
</home/chrzissis/cclyzer-souffle/tests/coreutils-8.24/chown.bc>:!11728	64
</home/chrzissis/cclyzer-souffle/tests/coreutils-8.24/chown.bc>:!11729	64
</home/chrzissis/cclyzer-souffle/tests/coreutils-8.24/chown.bc>:!11730	32
</home/chrzissis/cclyzer-souffle/tests/coreutils-8.24/chown.bc>:!11731	64
</home/chrzissis/cclyzer-souffle/tests/coreutils-8.24/chown.bc>:!11732	32
</home/chrzissis/cclyzer-souffle/tests/coreutils-8.24/chown.bc>:!11733	32
</home/chrzissis/cclyzer-souffle/tests/coreutils-8.24/chown.bc>:!11734	64
</home/chrzissis/cclyzer-souffle/tests/coreutils-8.24/chown.bc>:!11735	16
</home/chrzissis/cclyzer-souffle/tests/coreutils-8.24/chown.bc>:!11736	8
</home/chrzissis/cclyzer-souffle/tests/coreutils-8.24/chown.bc>:!11737	8
</home/chrzissis/cclyzer-souffle/tests/coreutils-8.24/chown.bc>:!11738	64
</home/chrzissis/cclyzer-souffle/tests/coreutils-8.24/chown.bc>:!11739	64
</home/chrzissis/cclyzer-souffle/tests/coreutils-8.24/chown.bc>:!11740	64
</home/chrzissis/cclyzer-souffle/tests/coreutils-8.24/chown.bc>:!11741	64
</home/chrzissis/cclyzer-souffle/tests/coreutils-8.24/chown.bc>:!11742	64
</home/chrzissis/cclyzer-souffle/tests/coreutils-8.24/chown.bc>:!11743	64
</home/chrzissis/cclyzer-souffle/tests/coreutils-8.24/chown.bc>:!11744	64
</home/chrzissis/cclyzer-souffle/tests/coreutils-8.24/chown.bc>:!11745	32
</home/chrzissis/cclyzer-souffle/tests/coreutils-8.24/chown.bc>:!11746	8
</home/chrzissis/cclyzer-souffle/tests/coreutils-8.24/chown.bc>:!11772	8
</home/chrzissis/cclyzer-souffle/tests/coreutils-8.24/chown.bc>:!11944	64
</home/chrzissis/cclyzer-souffle/tests/coreutils-8.24/chown.bc>:!11946	64
</home/chrzissis/cclyzer-souffle/tests/coreutils-8.24/chown.bc>:!11948	32
</home/chrzissis/cclyzer-souffle/tests/coreutils-8.24/chown.bc>:!11949	32
</home/chrzissis/cclyzer-souffle/tests/coreutils-8.24/chown.bc>:!11950	64
</home/chrzissis/cclyzer-souffle/tests/coreutils-8.24/chown.bc>:!11951	64
</home/chrzissis/cclyzer-souffle/tests/coreutils-8.24/chown.bc>:!12061	64
</home/chrzissis/cclyzer-souffle/tests/coreutils-8.24/chown.bc>:!12063	64
</home/chrzissis/cclyzer-souffle/tests/coreutils-8.24/chown.bc>:!12065	32
</home/chrzissis/cclyzer-souffle/tests/coreutils-8.24/chown.bc>:!12066	32
</home/chrzissis/cclyzer-souffle/tests/coreutils-8.24/chown.bc>:!12067	64
</home/chrzissis/cclyzer-souffle/tests/coreutils-8.24/chown.bc>:!12068	64
