</home/chrzissis/cclyzer-souffle/tests/coreutils-8.24/chown.bc>:!17	int
</home/chrzissis/cclyzer-souffle/tests/coreutils-8.24/chown.bc>:!11	char
</home/chrzissis/cclyzer-souffle/tests/coreutils-8.24/chown.bc>:!99	Chown_option
</home/chrzissis/cclyzer-souffle/tests/coreutils-8.24/chown.bc>:!101	verbosity
</home/chrzissis/cclyzer-souffle/tests/coreutils-8.24/chown.bc>:!3	Verbosity
</home/chrzissis/cclyzer-souffle/tests/coreutils-8.24/chown.bc>:!102	recurse
</home/chrzissis/cclyzer-souffle/tests/coreutils-8.24/chown.bc>:!103	_Bool
</home/chrzissis/cclyzer-souffle/tests/coreutils-8.24/chown.bc>:!104	root_dev_ino
</home/chrzissis/cclyzer-souffle/tests/coreutils-8.24/chown.bc>:!106	dev_ino
</home/chrzissis/cclyzer-souffle/tests/coreutils-8.24/chown.bc>:!108	st_ino
</home/chrzissis/cclyzer-souffle/tests/coreutils-8.24/chown.bc>:!41	ino_t
</home/chrzissis/cclyzer-souffle/tests/coreutils-8.24/chown.bc>:!43	__ino_t
</home/chrzissis/cclyzer-souffle/tests/coreutils-8.24/chown.bc>:!45	long unsigned int
</home/chrzissis/cclyzer-souffle/tests/coreutils-8.24/chown.bc>:!109	st_dev
</home/chrzissis/cclyzer-souffle/tests/coreutils-8.24/chown.bc>:!47	dev_t
</home/chrzissis/cclyzer-souffle/tests/coreutils-8.24/chown.bc>:!48	__dev_t
</home/chrzissis/cclyzer-souffle/tests/coreutils-8.24/chown.bc>:!110	affect_symlink_referent
</home/chrzissis/cclyzer-souffle/tests/coreutils-8.24/chown.bc>:!111	force_silent
</home/chrzissis/cclyzer-souffle/tests/coreutils-8.24/chown.bc>:!112	user_name
</home/chrzissis/cclyzer-souffle/tests/coreutils-8.24/chown.bc>:!113	group_name
</home/chrzissis/cclyzer-souffle/tests/coreutils-8.24/chown.bc>:!92	gid_t
</home/chrzissis/cclyzer-souffle/tests/coreutils-8.24/chown.bc>:!93	__gid_t
</home/chrzissis/cclyzer-souffle/tests/coreutils-8.24/chown.bc>:!91	unsigned int
</home/chrzissis/cclyzer-souffle/tests/coreutils-8.24/chown.bc>:!89	uid_t
</home/chrzissis/cclyzer-souffle/tests/coreutils-8.24/chown.bc>:!90	__uid_t
</home/chrzissis/cclyzer-souffle/tests/coreutils-8.24/chown.bc>:!130	FTS
</home/chrzissis/cclyzer-souffle/tests/coreutils-8.24/chown.bc>:!134	fts_cur
</home/chrzissis/cclyzer-souffle/tests/coreutils-8.24/chown.bc>:!136	_ftsent
</home/chrzissis/cclyzer-souffle/tests/coreutils-8.24/chown.bc>:!138	fts_cycle
</home/chrzissis/cclyzer-souffle/tests/coreutils-8.24/chown.bc>:!139	fts_parent
</home/chrzissis/cclyzer-souffle/tests/coreutils-8.24/chown.bc>:!140	fts_link
</home/chrzissis/cclyzer-souffle/tests/coreutils-8.24/chown.bc>:!141	fts_dirp
</home/chrzissis/cclyzer-souffle/tests/coreutils-8.24/chown.bc>:!143	DIR
</home/chrzissis/cclyzer-souffle/tests/coreutils-8.24/chown.bc>:!145	__dirstream
</home/chrzissis/cclyzer-souffle/tests/coreutils-8.24/chown.bc>:!146	fts_number
</home/chrzissis/cclyzer-souffle/tests/coreutils-8.24/chown.bc>:!147	long int
</home/chrzissis/cclyzer-souffle/tests/coreutils-8.24/chown.bc>:!148	fts_pointer
</home/chrzissis/cclyzer-souffle/tests/coreutils-8.24/chown.bc>:!149	fts_accpath
</home/chrzissis/cclyzer-souffle/tests/coreutils-8.24/chown.bc>:!150	fts_path
</home/chrzissis/cclyzer-souffle/tests/coreutils-8.24/chown.bc>:!151	fts_errno
</home/chrzissis/cclyzer-souffle/tests/coreutils-8.24/chown.bc>:!152	fts_symfd
</home/chrzissis/cclyzer-souffle/tests/coreutils-8.24/chown.bc>:!153	fts_pathlen
</home/chrzissis/cclyzer-souffle/tests/coreutils-8.24/chown.bc>:!154	size_t
</home/chrzissis/cclyzer-souffle/tests/coreutils-8.24/chown.bc>:!156	fts_fts
</home/chrzissis/cclyzer-souffle/tests/coreutils-8.24/chown.bc>:!157	fts_level
</home/chrzissis/cclyzer-souffle/tests/coreutils-8.24/chown.bc>:!158	ptrdiff_t
</home/chrzissis/cclyzer-souffle/tests/coreutils-8.24/chown.bc>:!159	fts_namelen
</home/chrzissis/cclyzer-souffle/tests/coreutils-8.24/chown.bc>:!160	fts_n_dirs_remaining
</home/chrzissis/cclyzer-souffle/tests/coreutils-8.24/chown.bc>:!161	nlink_t
</home/chrzissis/cclyzer-souffle/tests/coreutils-8.24/chown.bc>:!162	__nlink_t
</home/chrzissis/cclyzer-souffle/tests/coreutils-8.24/chown.bc>:!163	fts_info
</home/chrzissis/cclyzer-souffle/tests/coreutils-8.24/chown.bc>:!164	unsigned short
</home/chrzissis/cclyzer-souffle/tests/coreutils-8.24/chown.bc>:!165	fts_flags
</home/chrzissis/cclyzer-souffle/tests/coreutils-8.24/chown.bc>:!166	fts_instr
</home/chrzissis/cclyzer-souffle/tests/coreutils-8.24/chown.bc>:!167	fts_statp
</home/chrzissis/cclyzer-souffle/tests/coreutils-8.24/chown.bc>:!169	stat
</home/chrzissis/cclyzer-souffle/tests/coreutils-8.24/chown.bc>:!172	st_dev
</home/chrzissis/cclyzer-souffle/tests/coreutils-8.24/chown.bc>:!173	st_ino
</home/chrzissis/cclyzer-souffle/tests/coreutils-8.24/chown.bc>:!174	st_nlink
</home/chrzissis/cclyzer-souffle/tests/coreutils-8.24/chown.bc>:!175	st_mode
</home/chrzissis/cclyzer-souffle/tests/coreutils-8.24/chown.bc>:!176	__mode_t
</home/chrzissis/cclyzer-souffle/tests/coreutils-8.24/chown.bc>:!177	st_uid
</home/chrzissis/cclyzer-souffle/tests/coreutils-8.24/chown.bc>:!178	st_gid
</home/chrzissis/cclyzer-souffle/tests/coreutils-8.24/chown.bc>:!179	__pad0
</home/chrzissis/cclyzer-souffle/tests/coreutils-8.24/chown.bc>:!180	st_rdev
</home/chrzissis/cclyzer-souffle/tests/coreutils-8.24/chown.bc>:!181	st_size
</home/chrzissis/cclyzer-souffle/tests/coreutils-8.24/chown.bc>:!182	__off_t
</home/chrzissis/cclyzer-souffle/tests/coreutils-8.24/chown.bc>:!183	st_blksize
</home/chrzissis/cclyzer-souffle/tests/coreutils-8.24/chown.bc>:!184	__blksize_t
</home/chrzissis/cclyzer-souffle/tests/coreutils-8.24/chown.bc>:!185	st_blocks
</home/chrzissis/cclyzer-souffle/tests/coreutils-8.24/chown.bc>:!186	__blkcnt_t
</home/chrzissis/cclyzer-souffle/tests/coreutils-8.24/chown.bc>:!187	st_atim
</home/chrzissis/cclyzer-souffle/tests/coreutils-8.24/chown.bc>:!188	timespec
</home/chrzissis/cclyzer-souffle/tests/coreutils-8.24/chown.bc>:!191	tv_sec
</home/chrzissis/cclyzer-souffle/tests/coreutils-8.24/chown.bc>:!192	__time_t
</home/chrzissis/cclyzer-souffle/tests/coreutils-8.24/chown.bc>:!193	tv_nsec
</home/chrzissis/cclyzer-souffle/tests/coreutils-8.24/chown.bc>:!194	__syscall_slong_t
</home/chrzissis/cclyzer-souffle/tests/coreutils-8.24/chown.bc>:!195	st_mtim
</home/chrzissis/cclyzer-souffle/tests/coreutils-8.24/chown.bc>:!196	st_ctim
</home/chrzissis/cclyzer-souffle/tests/coreutils-8.24/chown.bc>:!197	__glibc_reserved
</home/chrzissis/cclyzer-souffle/tests/coreutils-8.24/chown.bc>:!203	fts_name
</home/chrzissis/cclyzer-souffle/tests/coreutils-8.24/chown.bc>:!207	fts_child
</home/chrzissis/cclyzer-souffle/tests/coreutils-8.24/chown.bc>:!208	fts_array
</home/chrzissis/cclyzer-souffle/tests/coreutils-8.24/chown.bc>:!210	fts_dev
</home/chrzissis/cclyzer-souffle/tests/coreutils-8.24/chown.bc>:!211	fts_path
</home/chrzissis/cclyzer-souffle/tests/coreutils-8.24/chown.bc>:!212	fts_rfd
</home/chrzissis/cclyzer-souffle/tests/coreutils-8.24/chown.bc>:!213	fts_cwd_fd
</home/chrzissis/cclyzer-souffle/tests/coreutils-8.24/chown.bc>:!214	fts_pathlen
</home/chrzissis/cclyzer-souffle/tests/coreutils-8.24/chown.bc>:!215	fts_nitems
</home/chrzissis/cclyzer-souffle/tests/coreutils-8.24/chown.bc>:!216	fts_compar
</home/chrzissis/cclyzer-souffle/tests/coreutils-8.24/chown.bc>:!223	fts_options
</home/chrzissis/cclyzer-souffle/tests/coreutils-8.24/chown.bc>:!224	fts_leaf_optimization_works_ht
</home/chrzissis/cclyzer-souffle/tests/coreutils-8.24/chown.bc>:!226	hash_table
</home/chrzissis/cclyzer-souffle/tests/coreutils-8.24/chown.bc>:!227	fts_cycle
</home/chrzissis/cclyzer-souffle/tests/coreutils-8.24/chown.bc>:!230	ht
</home/chrzissis/cclyzer-souffle/tests/coreutils-8.24/chown.bc>:!231	state
</home/chrzissis/cclyzer-souffle/tests/coreutils-8.24/chown.bc>:!233	cycle_check_state
</home/chrzissis/cclyzer-souffle/tests/coreutils-8.24/chown.bc>:!234	fts_fd_ring
</home/chrzissis/cclyzer-souffle/tests/coreutils-8.24/chown.bc>:!235	I_ring
</home/chrzissis/cclyzer-souffle/tests/coreutils-8.24/chown.bc>:!237	I_ring
</home/chrzissis/cclyzer-souffle/tests/coreutils-8.24/chown.bc>:!239	ir_data
</home/chrzissis/cclyzer-souffle/tests/coreutils-8.24/chown.bc>:!243	ir_default_val
</home/chrzissis/cclyzer-souffle/tests/coreutils-8.24/chown.bc>:!244	ir_front
</home/chrzissis/cclyzer-souffle/tests/coreutils-8.24/chown.bc>:!245	ir_back
</home/chrzissis/cclyzer-souffle/tests/coreutils-8.24/chown.bc>:!246	ir_empty
</home/chrzissis/cclyzer-souffle/tests/coreutils-8.24/chown.bc>:!248	FTSENT
</home/chrzissis/cclyzer-souffle/tests/coreutils-8.24/chown.bc>:!75	RCH_status
</home/chrzissis/cclyzer-souffle/tests/coreutils-8.24/chown.bc>:!82	Change_status
</home/chrzissis/cclyzer-souffle/tests/coreutils-8.24/chown.bc>:!291	uintmax_t
</home/chrzissis/cclyzer-souffle/tests/coreutils-8.24/chown.bc>:!346	quoting_options
</home/chrzissis/cclyzer-souffle/tests/coreutils-8.24/chown.bc>:!348	style
</home/chrzissis/cclyzer-souffle/tests/coreutils-8.24/chown.bc>:!308	quoting_style
</home/chrzissis/cclyzer-souffle/tests/coreutils-8.24/chown.bc>:!349	flags
</home/chrzissis/cclyzer-souffle/tests/coreutils-8.24/chown.bc>:!350	quote_these_too
</home/chrzissis/cclyzer-souffle/tests/coreutils-8.24/chown.bc>:!354	left_quote
</home/chrzissis/cclyzer-souffle/tests/coreutils-8.24/chown.bc>:!355	right_quote
</home/chrzissis/cclyzer-souffle/tests/coreutils-8.24/chown.bc>:!482	dev_ino
</home/chrzissis/cclyzer-souffle/tests/coreutils-8.24/chown.bc>:!484	st_ino
</home/chrzissis/cclyzer-souffle/tests/coreutils-8.24/chown.bc>:!485	st_dev
</home/chrzissis/cclyzer-souffle/tests/coreutils-8.24/chown.bc>:!523	FILE
</home/chrzissis/cclyzer-souffle/tests/coreutils-8.24/chown.bc>:!525	_IO_FILE
</home/chrzissis/cclyzer-souffle/tests/coreutils-8.24/chown.bc>:!528	_flags
</home/chrzissis/cclyzer-souffle/tests/coreutils-8.24/chown.bc>:!529	_IO_read_ptr
</home/chrzissis/cclyzer-souffle/tests/coreutils-8.24/chown.bc>:!530	_IO_read_end
</home/chrzissis/cclyzer-souffle/tests/coreutils-8.24/chown.bc>:!531	_IO_read_base
</home/chrzissis/cclyzer-souffle/tests/coreutils-8.24/chown.bc>:!532	_IO_write_base
</home/chrzissis/cclyzer-souffle/tests/coreutils-8.24/chown.bc>:!533	_IO_write_ptr
</home/chrzissis/cclyzer-souffle/tests/coreutils-8.24/chown.bc>:!534	_IO_write_end
</home/chrzissis/cclyzer-souffle/tests/coreutils-8.24/chown.bc>:!535	_IO_buf_base
</home/chrzissis/cclyzer-souffle/tests/coreutils-8.24/chown.bc>:!536	_IO_buf_end
</home/chrzissis/cclyzer-souffle/tests/coreutils-8.24/chown.bc>:!537	_IO_save_base
</home/chrzissis/cclyzer-souffle/tests/coreutils-8.24/chown.bc>:!538	_IO_backup_base
</home/chrzissis/cclyzer-souffle/tests/coreutils-8.24/chown.bc>:!539	_IO_save_end
</home/chrzissis/cclyzer-souffle/tests/coreutils-8.24/chown.bc>:!540	_markers
</home/chrzissis/cclyzer-souffle/tests/coreutils-8.24/chown.bc>:!542	_IO_marker
</home/chrzissis/cclyzer-souffle/tests/coreutils-8.24/chown.bc>:!544	_next
</home/chrzissis/cclyzer-souffle/tests/coreutils-8.24/chown.bc>:!545	_sbuf
</home/chrzissis/cclyzer-souffle/tests/coreutils-8.24/chown.bc>:!547	_pos
</home/chrzissis/cclyzer-souffle/tests/coreutils-8.24/chown.bc>:!548	_chain
</home/chrzissis/cclyzer-souffle/tests/coreutils-8.24/chown.bc>:!549	_fileno
</home/chrzissis/cclyzer-souffle/tests/coreutils-8.24/chown.bc>:!550	_flags2
</home/chrzissis/cclyzer-souffle/tests/coreutils-8.24/chown.bc>:!551	_old_offset
</home/chrzissis/cclyzer-souffle/tests/coreutils-8.24/chown.bc>:!552	_cur_column
</home/chrzissis/cclyzer-souffle/tests/coreutils-8.24/chown.bc>:!553	_vtable_offset
</home/chrzissis/cclyzer-souffle/tests/coreutils-8.24/chown.bc>:!554	signed char
</home/chrzissis/cclyzer-souffle/tests/coreutils-8.24/chown.bc>:!555	_shortbuf
</home/chrzissis/cclyzer-souffle/tests/coreutils-8.24/chown.bc>:!557	_lock
</home/chrzissis/cclyzer-souffle/tests/coreutils-8.24/chown.bc>:!559	_IO_lock_t
</home/chrzissis/cclyzer-souffle/tests/coreutils-8.24/chown.bc>:!560	_offset
</home/chrzissis/cclyzer-souffle/tests/coreutils-8.24/chown.bc>:!561	__off64_t
</home/chrzissis/cclyzer-souffle/tests/coreutils-8.24/chown.bc>:!562	__pad1
</home/chrzissis/cclyzer-souffle/tests/coreutils-8.24/chown.bc>:!563	__pad2
</home/chrzissis/cclyzer-souffle/tests/coreutils-8.24/chown.bc>:!564	__pad3
</home/chrzissis/cclyzer-souffle/tests/coreutils-8.24/chown.bc>:!565	__pad4
</home/chrzissis/cclyzer-souffle/tests/coreutils-8.24/chown.bc>:!566	__pad5
</home/chrzissis/cclyzer-souffle/tests/coreutils-8.24/chown.bc>:!567	_mode
</home/chrzissis/cclyzer-souffle/tests/coreutils-8.24/chown.bc>:!568	_unused2
</home/chrzissis/cclyzer-souffle/tests/coreutils-8.24/chown.bc>:!580	__va_list_tag
</home/chrzissis/cclyzer-souffle/tests/coreutils-8.24/chown.bc>:!581	__va_list_tag
</home/chrzissis/cclyzer-souffle/tests/coreutils-8.24/chown.bc>:!583	gp_offset
</home/chrzissis/cclyzer-souffle/tests/coreutils-8.24/chown.bc>:!584	fp_offset
</home/chrzissis/cclyzer-souffle/tests/coreutils-8.24/chown.bc>:!585	overflow_arg_area
</home/chrzissis/cclyzer-souffle/tests/coreutils-8.24/chown.bc>:!586	reg_save_area
</home/chrzissis/cclyzer-souffle/tests/coreutils-8.24/chown.bc>:!647	FTS
</home/chrzissis/cclyzer-souffle/tests/coreutils-8.24/chown.bc>:!650	fts_cur
</home/chrzissis/cclyzer-souffle/tests/coreutils-8.24/chown.bc>:!652	_ftsent
</home/chrzissis/cclyzer-souffle/tests/coreutils-8.24/chown.bc>:!654	fts_cycle
</home/chrzissis/cclyzer-souffle/tests/coreutils-8.24/chown.bc>:!655	fts_parent
</home/chrzissis/cclyzer-souffle/tests/coreutils-8.24/chown.bc>:!656	fts_link
</home/chrzissis/cclyzer-souffle/tests/coreutils-8.24/chown.bc>:!657	fts_dirp
</home/chrzissis/cclyzer-souffle/tests/coreutils-8.24/chown.bc>:!658	fts_number
</home/chrzissis/cclyzer-souffle/tests/coreutils-8.24/chown.bc>:!659	fts_pointer
</home/chrzissis/cclyzer-souffle/tests/coreutils-8.24/chown.bc>:!660	fts_accpath
</home/chrzissis/cclyzer-souffle/tests/coreutils-8.24/chown.bc>:!661	fts_path
</home/chrzissis/cclyzer-souffle/tests/coreutils-8.24/chown.bc>:!662	fts_errno
</home/chrzissis/cclyzer-souffle/tests/coreutils-8.24/chown.bc>:!663	fts_symfd
</home/chrzissis/cclyzer-souffle/tests/coreutils-8.24/chown.bc>:!664	fts_pathlen
</home/chrzissis/cclyzer-souffle/tests/coreutils-8.24/chown.bc>:!665	fts_fts
</home/chrzissis/cclyzer-souffle/tests/coreutils-8.24/chown.bc>:!666	fts_level
</home/chrzissis/cclyzer-souffle/tests/coreutils-8.24/chown.bc>:!667	fts_namelen
</home/chrzissis/cclyzer-souffle/tests/coreutils-8.24/chown.bc>:!668	fts_n_dirs_remaining
</home/chrzissis/cclyzer-souffle/tests/coreutils-8.24/chown.bc>:!669	fts_info
</home/chrzissis/cclyzer-souffle/tests/coreutils-8.24/chown.bc>:!670	fts_flags
</home/chrzissis/cclyzer-souffle/tests/coreutils-8.24/chown.bc>:!671	fts_instr
</home/chrzissis/cclyzer-souffle/tests/coreutils-8.24/chown.bc>:!672	fts_statp
</home/chrzissis/cclyzer-souffle/tests/coreutils-8.24/chown.bc>:!674	stat
</home/chrzissis/cclyzer-souffle/tests/coreutils-8.24/chown.bc>:!676	st_dev
</home/chrzissis/cclyzer-souffle/tests/coreutils-8.24/chown.bc>:!677	st_ino
</home/chrzissis/cclyzer-souffle/tests/coreutils-8.24/chown.bc>:!678	st_nlink
</home/chrzissis/cclyzer-souffle/tests/coreutils-8.24/chown.bc>:!679	st_mode
</home/chrzissis/cclyzer-souffle/tests/coreutils-8.24/chown.bc>:!680	st_uid
</home/chrzissis/cclyzer-souffle/tests/coreutils-8.24/chown.bc>:!681	st_gid
</home/chrzissis/cclyzer-souffle/tests/coreutils-8.24/chown.bc>:!682	__pad0
</home/chrzissis/cclyzer-souffle/tests/coreutils-8.24/chown.bc>:!683	st_rdev
</home/chrzissis/cclyzer-souffle/tests/coreutils-8.24/chown.bc>:!684	st_size
</home/chrzissis/cclyzer-souffle/tests/coreutils-8.24/chown.bc>:!685	st_blksize
</home/chrzissis/cclyzer-souffle/tests/coreutils-8.24/chown.bc>:!686	st_blocks
</home/chrzissis/cclyzer-souffle/tests/coreutils-8.24/chown.bc>:!687	st_atim
</home/chrzissis/cclyzer-souffle/tests/coreutils-8.24/chown.bc>:!688	timespec
</home/chrzissis/cclyzer-souffle/tests/coreutils-8.24/chown.bc>:!690	tv_sec
</home/chrzissis/cclyzer-souffle/tests/coreutils-8.24/chown.bc>:!691	tv_nsec
</home/chrzissis/cclyzer-souffle/tests/coreutils-8.24/chown.bc>:!692	st_mtim
</home/chrzissis/cclyzer-souffle/tests/coreutils-8.24/chown.bc>:!693	st_ctim
</home/chrzissis/cclyzer-souffle/tests/coreutils-8.24/chown.bc>:!694	__glibc_reserved
</home/chrzissis/cclyzer-souffle/tests/coreutils-8.24/chown.bc>:!695	fts_name
</home/chrzissis/cclyzer-souffle/tests/coreutils-8.24/chown.bc>:!696	fts_child
</home/chrzissis/cclyzer-souffle/tests/coreutils-8.24/chown.bc>:!697	fts_array
</home/chrzissis/cclyzer-souffle/tests/coreutils-8.24/chown.bc>:!699	fts_dev
</home/chrzissis/cclyzer-souffle/tests/coreutils-8.24/chown.bc>:!700	fts_path
</home/chrzissis/cclyzer-souffle/tests/coreutils-8.24/chown.bc>:!701	fts_rfd
</home/chrzissis/cclyzer-souffle/tests/coreutils-8.24/chown.bc>:!702	fts_cwd_fd
</home/chrzissis/cclyzer-souffle/tests/coreutils-8.24/chown.bc>:!703	fts_pathlen
</home/chrzissis/cclyzer-souffle/tests/coreutils-8.24/chown.bc>:!704	fts_nitems
</home/chrzissis/cclyzer-souffle/tests/coreutils-8.24/chown.bc>:!705	fts_compar
</home/chrzissis/cclyzer-souffle/tests/coreutils-8.24/chown.bc>:!712	fts_options
</home/chrzissis/cclyzer-souffle/tests/coreutils-8.24/chown.bc>:!713	fts_leaf_optimization_works_ht
</home/chrzissis/cclyzer-souffle/tests/coreutils-8.24/chown.bc>:!714	fts_cycle
</home/chrzissis/cclyzer-souffle/tests/coreutils-8.24/chown.bc>:!717	ht
</home/chrzissis/cclyzer-souffle/tests/coreutils-8.24/chown.bc>:!718	state
</home/chrzissis/cclyzer-souffle/tests/coreutils-8.24/chown.bc>:!719	fts_fd_ring
</home/chrzissis/cclyzer-souffle/tests/coreutils-8.24/chown.bc>:!720	I_ring
</home/chrzissis/cclyzer-souffle/tests/coreutils-8.24/chown.bc>:!721	I_ring
</home/chrzissis/cclyzer-souffle/tests/coreutils-8.24/chown.bc>:!723	ir_data
</home/chrzissis/cclyzer-souffle/tests/coreutils-8.24/chown.bc>:!724	ir_default_val
</home/chrzissis/cclyzer-souffle/tests/coreutils-8.24/chown.bc>:!725	ir_front
</home/chrzissis/cclyzer-souffle/tests/coreutils-8.24/chown.bc>:!726	ir_back
</home/chrzissis/cclyzer-souffle/tests/coreutils-8.24/chown.bc>:!727	ir_empty
</home/chrzissis/cclyzer-souffle/tests/coreutils-8.24/chown.bc>:!736	FTSENT
</home/chrzissis/cclyzer-souffle/tests/coreutils-8.24/chown.bc>:!751	strtol_error
</home/chrzissis/cclyzer-souffle/tests/coreutils-8.24/chown.bc>:!489	strtol_error
</home/chrzissis/cclyzer-souffle/tests/coreutils-8.24/chown.bc>:!776	FTS
</home/chrzissis/cclyzer-souffle/tests/coreutils-8.24/chown.bc>:!779	fts_cur
</home/chrzissis/cclyzer-souffle/tests/coreutils-8.24/chown.bc>:!781	_ftsent
</home/chrzissis/cclyzer-souffle/tests/coreutils-8.24/chown.bc>:!783	fts_cycle
</home/chrzissis/cclyzer-souffle/tests/coreutils-8.24/chown.bc>:!784	fts_parent
</home/chrzissis/cclyzer-souffle/tests/coreutils-8.24/chown.bc>:!785	fts_link
</home/chrzissis/cclyzer-souffle/tests/coreutils-8.24/chown.bc>:!786	fts_dirp
</home/chrzissis/cclyzer-souffle/tests/coreutils-8.24/chown.bc>:!787	fts_number
</home/chrzissis/cclyzer-souffle/tests/coreutils-8.24/chown.bc>:!788	fts_pointer
</home/chrzissis/cclyzer-souffle/tests/coreutils-8.24/chown.bc>:!789	fts_accpath
</home/chrzissis/cclyzer-souffle/tests/coreutils-8.24/chown.bc>:!790	fts_path
</home/chrzissis/cclyzer-souffle/tests/coreutils-8.24/chown.bc>:!791	fts_errno
</home/chrzissis/cclyzer-souffle/tests/coreutils-8.24/chown.bc>:!792	fts_symfd
</home/chrzissis/cclyzer-souffle/tests/coreutils-8.24/chown.bc>:!793	fts_pathlen
</home/chrzissis/cclyzer-souffle/tests/coreutils-8.24/chown.bc>:!794	fts_fts
</home/chrzissis/cclyzer-souffle/tests/coreutils-8.24/chown.bc>:!795	fts_level
</home/chrzissis/cclyzer-souffle/tests/coreutils-8.24/chown.bc>:!796	fts_namelen
</home/chrzissis/cclyzer-souffle/tests/coreutils-8.24/chown.bc>:!797	fts_n_dirs_remaining
</home/chrzissis/cclyzer-souffle/tests/coreutils-8.24/chown.bc>:!798	fts_info
</home/chrzissis/cclyzer-souffle/tests/coreutils-8.24/chown.bc>:!799	fts_flags
</home/chrzissis/cclyzer-souffle/tests/coreutils-8.24/chown.bc>:!800	fts_instr
</home/chrzissis/cclyzer-souffle/tests/coreutils-8.24/chown.bc>:!801	fts_statp
</home/chrzissis/cclyzer-souffle/tests/coreutils-8.24/chown.bc>:!803	stat
</home/chrzissis/cclyzer-souffle/tests/coreutils-8.24/chown.bc>:!805	st_dev
</home/chrzissis/cclyzer-souffle/tests/coreutils-8.24/chown.bc>:!806	st_ino
</home/chrzissis/cclyzer-souffle/tests/coreutils-8.24/chown.bc>:!807	st_nlink
</home/chrzissis/cclyzer-souffle/tests/coreutils-8.24/chown.bc>:!808	st_mode
</home/chrzissis/cclyzer-souffle/tests/coreutils-8.24/chown.bc>:!809	st_uid
</home/chrzissis/cclyzer-souffle/tests/coreutils-8.24/chown.bc>:!810	st_gid
</home/chrzissis/cclyzer-souffle/tests/coreutils-8.24/chown.bc>:!811	__pad0
</home/chrzissis/cclyzer-souffle/tests/coreutils-8.24/chown.bc>:!812	st_rdev
</home/chrzissis/cclyzer-souffle/tests/coreutils-8.24/chown.bc>:!813	st_size
</home/chrzissis/cclyzer-souffle/tests/coreutils-8.24/chown.bc>:!814	st_blksize
</home/chrzissis/cclyzer-souffle/tests/coreutils-8.24/chown.bc>:!815	st_blocks
</home/chrzissis/cclyzer-souffle/tests/coreutils-8.24/chown.bc>:!816	st_atim
</home/chrzissis/cclyzer-souffle/tests/coreutils-8.24/chown.bc>:!817	timespec
</home/chrzissis/cclyzer-souffle/tests/coreutils-8.24/chown.bc>:!819	tv_sec
</home/chrzissis/cclyzer-souffle/tests/coreutils-8.24/chown.bc>:!820	tv_nsec
</home/chrzissis/cclyzer-souffle/tests/coreutils-8.24/chown.bc>:!821	st_mtim
</home/chrzissis/cclyzer-souffle/tests/coreutils-8.24/chown.bc>:!822	st_ctim
</home/chrzissis/cclyzer-souffle/tests/coreutils-8.24/chown.bc>:!823	__glibc_reserved
</home/chrzissis/cclyzer-souffle/tests/coreutils-8.24/chown.bc>:!824	fts_name
</home/chrzissis/cclyzer-souffle/tests/coreutils-8.24/chown.bc>:!825	fts_child
</home/chrzissis/cclyzer-souffle/tests/coreutils-8.24/chown.bc>:!826	fts_array
</home/chrzissis/cclyzer-souffle/tests/coreutils-8.24/chown.bc>:!828	fts_dev
</home/chrzissis/cclyzer-souffle/tests/coreutils-8.24/chown.bc>:!829	fts_path
</home/chrzissis/cclyzer-souffle/tests/coreutils-8.24/chown.bc>:!830	fts_rfd
</home/chrzissis/cclyzer-souffle/tests/coreutils-8.24/chown.bc>:!831	fts_cwd_fd
</home/chrzissis/cclyzer-souffle/tests/coreutils-8.24/chown.bc>:!832	fts_pathlen
</home/chrzissis/cclyzer-souffle/tests/coreutils-8.24/chown.bc>:!833	fts_nitems
</home/chrzissis/cclyzer-souffle/tests/coreutils-8.24/chown.bc>:!834	fts_compar
</home/chrzissis/cclyzer-souffle/tests/coreutils-8.24/chown.bc>:!841	fts_options
</home/chrzissis/cclyzer-souffle/tests/coreutils-8.24/chown.bc>:!842	fts_leaf_optimization_works_ht
</home/chrzissis/cclyzer-souffle/tests/coreutils-8.24/chown.bc>:!843	fts_cycle
</home/chrzissis/cclyzer-souffle/tests/coreutils-8.24/chown.bc>:!846	ht
</home/chrzissis/cclyzer-souffle/tests/coreutils-8.24/chown.bc>:!847	state
</home/chrzissis/cclyzer-souffle/tests/coreutils-8.24/chown.bc>:!849	cycle_check_state
</home/chrzissis/cclyzer-souffle/tests/coreutils-8.24/chown.bc>:!852	dev_ino
</home/chrzissis/cclyzer-souffle/tests/coreutils-8.24/chown.bc>:!853	dev_ino
</home/chrzissis/cclyzer-souffle/tests/coreutils-8.24/chown.bc>:!855	st_ino
</home/chrzissis/cclyzer-souffle/tests/coreutils-8.24/chown.bc>:!856	st_dev
</home/chrzissis/cclyzer-souffle/tests/coreutils-8.24/chown.bc>:!857	chdir_counter
</home/chrzissis/cclyzer-souffle/tests/coreutils-8.24/chown.bc>:!858	magic
</home/chrzissis/cclyzer-souffle/tests/coreutils-8.24/chown.bc>:!859	fts_fd_ring
</home/chrzissis/cclyzer-souffle/tests/coreutils-8.24/chown.bc>:!860	I_ring
</home/chrzissis/cclyzer-souffle/tests/coreutils-8.24/chown.bc>:!861	I_ring
</home/chrzissis/cclyzer-souffle/tests/coreutils-8.24/chown.bc>:!863	ir_data
</home/chrzissis/cclyzer-souffle/tests/coreutils-8.24/chown.bc>:!864	ir_default_val
</home/chrzissis/cclyzer-souffle/tests/coreutils-8.24/chown.bc>:!865	ir_front
</home/chrzissis/cclyzer-souffle/tests/coreutils-8.24/chown.bc>:!866	ir_back
</home/chrzissis/cclyzer-souffle/tests/coreutils-8.24/chown.bc>:!867	ir_empty
</home/chrzissis/cclyzer-souffle/tests/coreutils-8.24/chown.bc>:!894	FTSENT
</home/chrzissis/cclyzer-souffle/tests/coreutils-8.24/chown.bc>:!995	wchar_t
</home/chrzissis/cclyzer-souffle/tests/coreutils-8.24/chown.bc>:!997	mbstate_t
</home/chrzissis/cclyzer-souffle/tests/coreutils-8.24/chown.bc>:!999	__mbstate_t
</home/chrzissis/cclyzer-souffle/tests/coreutils-8.24/chown.bc>:!1002	__count
</home/chrzissis/cclyzer-souffle/tests/coreutils-8.24/chown.bc>:!1003	__value
</home/chrzissis/cclyzer-souffle/tests/coreutils-8.24/chown.bc>:!1006	__wch
</home/chrzissis/cclyzer-souffle/tests/coreutils-8.24/chown.bc>:!1007	__wchb
</home/chrzissis/cclyzer-souffle/tests/coreutils-8.24/chown.bc>:!1035	FILE
</home/chrzissis/cclyzer-souffle/tests/coreutils-8.24/chown.bc>:!1036	_IO_FILE
</home/chrzissis/cclyzer-souffle/tests/coreutils-8.24/chown.bc>:!1038	_flags
</home/chrzissis/cclyzer-souffle/tests/coreutils-8.24/chown.bc>:!1039	_IO_read_ptr
</home/chrzissis/cclyzer-souffle/tests/coreutils-8.24/chown.bc>:!1040	_IO_read_end
</home/chrzissis/cclyzer-souffle/tests/coreutils-8.24/chown.bc>:!1041	_IO_read_base
</home/chrzissis/cclyzer-souffle/tests/coreutils-8.24/chown.bc>:!1042	_IO_write_base
</home/chrzissis/cclyzer-souffle/tests/coreutils-8.24/chown.bc>:!1043	_IO_write_ptr
</home/chrzissis/cclyzer-souffle/tests/coreutils-8.24/chown.bc>:!1044	_IO_write_end
</home/chrzissis/cclyzer-souffle/tests/coreutils-8.24/chown.bc>:!1045	_IO_buf_base
</home/chrzissis/cclyzer-souffle/tests/coreutils-8.24/chown.bc>:!1046	_IO_buf_end
</home/chrzissis/cclyzer-souffle/tests/coreutils-8.24/chown.bc>:!1047	_IO_save_base
</home/chrzissis/cclyzer-souffle/tests/coreutils-8.24/chown.bc>:!1048	_IO_backup_base
</home/chrzissis/cclyzer-souffle/tests/coreutils-8.24/chown.bc>:!1049	_IO_save_end
</home/chrzissis/cclyzer-souffle/tests/coreutils-8.24/chown.bc>:!1050	_markers
</home/chrzissis/cclyzer-souffle/tests/coreutils-8.24/chown.bc>:!1052	_IO_marker
</home/chrzissis/cclyzer-souffle/tests/coreutils-8.24/chown.bc>:!1054	_next
</home/chrzissis/cclyzer-souffle/tests/coreutils-8.24/chown.bc>:!1055	_sbuf
</home/chrzissis/cclyzer-souffle/tests/coreutils-8.24/chown.bc>:!1057	_pos
</home/chrzissis/cclyzer-souffle/tests/coreutils-8.24/chown.bc>:!1058	_chain
</home/chrzissis/cclyzer-souffle/tests/coreutils-8.24/chown.bc>:!1059	_fileno
</home/chrzissis/cclyzer-souffle/tests/coreutils-8.24/chown.bc>:!1060	_flags2
</home/chrzissis/cclyzer-souffle/tests/coreutils-8.24/chown.bc>:!1061	_old_offset
</home/chrzissis/cclyzer-souffle/tests/coreutils-8.24/chown.bc>:!1062	_cur_column
</home/chrzissis/cclyzer-souffle/tests/coreutils-8.24/chown.bc>:!1063	_vtable_offset
</home/chrzissis/cclyzer-souffle/tests/coreutils-8.24/chown.bc>:!1064	_shortbuf
</home/chrzissis/cclyzer-souffle/tests/coreutils-8.24/chown.bc>:!1065	_lock
</home/chrzissis/cclyzer-souffle/tests/coreutils-8.24/chown.bc>:!1066	_offset
</home/chrzissis/cclyzer-souffle/tests/coreutils-8.24/chown.bc>:!1067	__pad1
</home/chrzissis/cclyzer-souffle/tests/coreutils-8.24/chown.bc>:!1068	__pad2
</home/chrzissis/cclyzer-souffle/tests/coreutils-8.24/chown.bc>:!1069	__pad3
</home/chrzissis/cclyzer-souffle/tests/coreutils-8.24/chown.bc>:!1070	__pad4
</home/chrzissis/cclyzer-souffle/tests/coreutils-8.24/chown.bc>:!1071	__pad5
</home/chrzissis/cclyzer-souffle/tests/coreutils-8.24/chown.bc>:!1072	_mode
</home/chrzissis/cclyzer-souffle/tests/coreutils-8.24/chown.bc>:!1073	_unused2
</home/chrzissis/cclyzer-souffle/tests/coreutils-8.24/chown.bc>:!1081	cycle_check_state
</home/chrzissis/cclyzer-souffle/tests/coreutils-8.24/chown.bc>:!1083	dev_ino
</home/chrzissis/cclyzer-souffle/tests/coreutils-8.24/chown.bc>:!1084	dev_ino
</home/chrzissis/cclyzer-souffle/tests/coreutils-8.24/chown.bc>:!1086	st_ino
</home/chrzissis/cclyzer-souffle/tests/coreutils-8.24/chown.bc>:!1087	st_dev
</home/chrzissis/cclyzer-souffle/tests/coreutils-8.24/chown.bc>:!1088	chdir_counter
</home/chrzissis/cclyzer-souffle/tests/coreutils-8.24/chown.bc>:!1089	magic
</home/chrzissis/cclyzer-souffle/tests/coreutils-8.24/chown.bc>:!1095	stat
</home/chrzissis/cclyzer-souffle/tests/coreutils-8.24/chown.bc>:!1097	st_dev
</home/chrzissis/cclyzer-souffle/tests/coreutils-8.24/chown.bc>:!1098	st_ino
</home/chrzissis/cclyzer-souffle/tests/coreutils-8.24/chown.bc>:!1099	st_nlink
</home/chrzissis/cclyzer-souffle/tests/coreutils-8.24/chown.bc>:!1100	st_mode
</home/chrzissis/cclyzer-souffle/tests/coreutils-8.24/chown.bc>:!1101	st_uid
</home/chrzissis/cclyzer-souffle/tests/coreutils-8.24/chown.bc>:!1102	st_gid
</home/chrzissis/cclyzer-souffle/tests/coreutils-8.24/chown.bc>:!1103	__pad0
</home/chrzissis/cclyzer-souffle/tests/coreutils-8.24/chown.bc>:!1104	st_rdev
</home/chrzissis/cclyzer-souffle/tests/coreutils-8.24/chown.bc>:!1105	st_size
</home/chrzissis/cclyzer-souffle/tests/coreutils-8.24/chown.bc>:!1106	st_blksize
</home/chrzissis/cclyzer-souffle/tests/coreutils-8.24/chown.bc>:!1107	st_blocks
</home/chrzissis/cclyzer-souffle/tests/coreutils-8.24/chown.bc>:!1108	st_atim
</home/chrzissis/cclyzer-souffle/tests/coreutils-8.24/chown.bc>:!1109	timespec
</home/chrzissis/cclyzer-souffle/tests/coreutils-8.24/chown.bc>:!1111	tv_sec
</home/chrzissis/cclyzer-souffle/tests/coreutils-8.24/chown.bc>:!1112	tv_nsec
</home/chrzissis/cclyzer-souffle/tests/coreutils-8.24/chown.bc>:!1113	st_mtim
</home/chrzissis/cclyzer-souffle/tests/coreutils-8.24/chown.bc>:!1114	st_ctim
</home/chrzissis/cclyzer-souffle/tests/coreutils-8.24/chown.bc>:!1115	__glibc_reserved
</home/chrzissis/cclyzer-souffle/tests/coreutils-8.24/chown.bc>:!1134	Hash_table
</home/chrzissis/cclyzer-souffle/tests/coreutils-8.24/chown.bc>:!1136	hash_table
</home/chrzissis/cclyzer-souffle/tests/coreutils-8.24/chown.bc>:!1138	bucket
</home/chrzissis/cclyzer-souffle/tests/coreutils-8.24/chown.bc>:!1140	hash_entry
</home/chrzissis/cclyzer-souffle/tests/coreutils-8.24/chown.bc>:!1142	data
</home/chrzissis/cclyzer-souffle/tests/coreutils-8.24/chown.bc>:!1143	next
</home/chrzissis/cclyzer-souffle/tests/coreutils-8.24/chown.bc>:!1144	bucket_limit
</home/chrzissis/cclyzer-souffle/tests/coreutils-8.24/chown.bc>:!1147	n_buckets
</home/chrzissis/cclyzer-souffle/tests/coreutils-8.24/chown.bc>:!1148	n_buckets_used
</home/chrzissis/cclyzer-souffle/tests/coreutils-8.24/chown.bc>:!1149	n_entries
</home/chrzissis/cclyzer-souffle/tests/coreutils-8.24/chown.bc>:!1150	tuning
</home/chrzissis/cclyzer-souffle/tests/coreutils-8.24/chown.bc>:!1153	Hash_tuning
</home/chrzissis/cclyzer-souffle/tests/coreutils-8.24/chown.bc>:!1154	hash_tuning
</home/chrzissis/cclyzer-souffle/tests/coreutils-8.24/chown.bc>:!1156	shrink_threshold
</home/chrzissis/cclyzer-souffle/tests/coreutils-8.24/chown.bc>:!1157	float
</home/chrzissis/cclyzer-souffle/tests/coreutils-8.24/chown.bc>:!1158	shrink_factor
</home/chrzissis/cclyzer-souffle/tests/coreutils-8.24/chown.bc>:!1159	growth_threshold
</home/chrzissis/cclyzer-souffle/tests/coreutils-8.24/chown.bc>:!1160	growth_factor
</home/chrzissis/cclyzer-souffle/tests/coreutils-8.24/chown.bc>:!1161	is_n_buckets
</home/chrzissis/cclyzer-souffle/tests/coreutils-8.24/chown.bc>:!1162	hasher
</home/chrzissis/cclyzer-souffle/tests/coreutils-8.24/chown.bc>:!1163	Hash_hasher
</home/chrzissis/cclyzer-souffle/tests/coreutils-8.24/chown.bc>:!1165	comparator
</home/chrzissis/cclyzer-souffle/tests/coreutils-8.24/chown.bc>:!1166	Hash_comparator
</home/chrzissis/cclyzer-souffle/tests/coreutils-8.24/chown.bc>:!1168	data_freer
</home/chrzissis/cclyzer-souffle/tests/coreutils-8.24/chown.bc>:!1169	Hash_data_freer
</home/chrzissis/cclyzer-souffle/tests/coreutils-8.24/chown.bc>:!1173	free_entry_list
</home/chrzissis/cclyzer-souffle/tests/coreutils-8.24/chown.bc>:!1184	FILE
</home/chrzissis/cclyzer-souffle/tests/coreutils-8.24/chown.bc>:!1185	_IO_FILE
</home/chrzissis/cclyzer-souffle/tests/coreutils-8.24/chown.bc>:!1187	_flags
</home/chrzissis/cclyzer-souffle/tests/coreutils-8.24/chown.bc>:!1188	_IO_read_ptr
</home/chrzissis/cclyzer-souffle/tests/coreutils-8.24/chown.bc>:!1189	_IO_read_end
</home/chrzissis/cclyzer-souffle/tests/coreutils-8.24/chown.bc>:!1190	_IO_read_base
</home/chrzissis/cclyzer-souffle/tests/coreutils-8.24/chown.bc>:!1191	_IO_write_base
</home/chrzissis/cclyzer-souffle/tests/coreutils-8.24/chown.bc>:!1192	_IO_write_ptr
</home/chrzissis/cclyzer-souffle/tests/coreutils-8.24/chown.bc>:!1193	_IO_write_end
</home/chrzissis/cclyzer-souffle/tests/coreutils-8.24/chown.bc>:!1194	_IO_buf_base
</home/chrzissis/cclyzer-souffle/tests/coreutils-8.24/chown.bc>:!1195	_IO_buf_end
</home/chrzissis/cclyzer-souffle/tests/coreutils-8.24/chown.bc>:!1196	_IO_save_base
</home/chrzissis/cclyzer-souffle/tests/coreutils-8.24/chown.bc>:!1197	_IO_backup_base
</home/chrzissis/cclyzer-souffle/tests/coreutils-8.24/chown.bc>:!1198	_IO_save_end
</home/chrzissis/cclyzer-souffle/tests/coreutils-8.24/chown.bc>:!1199	_markers
</home/chrzissis/cclyzer-souffle/tests/coreutils-8.24/chown.bc>:!1201	_IO_marker
</home/chrzissis/cclyzer-souffle/tests/coreutils-8.24/chown.bc>:!1203	_next
</home/chrzissis/cclyzer-souffle/tests/coreutils-8.24/chown.bc>:!1204	_sbuf
</home/chrzissis/cclyzer-souffle/tests/coreutils-8.24/chown.bc>:!1206	_pos
</home/chrzissis/cclyzer-souffle/tests/coreutils-8.24/chown.bc>:!1207	_chain
</home/chrzissis/cclyzer-souffle/tests/coreutils-8.24/chown.bc>:!1208	_fileno
</home/chrzissis/cclyzer-souffle/tests/coreutils-8.24/chown.bc>:!1209	_flags2
</home/chrzissis/cclyzer-souffle/tests/coreutils-8.24/chown.bc>:!1210	_old_offset
</home/chrzissis/cclyzer-souffle/tests/coreutils-8.24/chown.bc>:!1211	_cur_column
</home/chrzissis/cclyzer-souffle/tests/coreutils-8.24/chown.bc>:!1212	_vtable_offset
</home/chrzissis/cclyzer-souffle/tests/coreutils-8.24/chown.bc>:!1213	_shortbuf
</home/chrzissis/cclyzer-souffle/tests/coreutils-8.24/chown.bc>:!1214	_lock
</home/chrzissis/cclyzer-souffle/tests/coreutils-8.24/chown.bc>:!1215	_offset
</home/chrzissis/cclyzer-souffle/tests/coreutils-8.24/chown.bc>:!1216	__pad1
</home/chrzissis/cclyzer-souffle/tests/coreutils-8.24/chown.bc>:!1217	__pad2
</home/chrzissis/cclyzer-souffle/tests/coreutils-8.24/chown.bc>:!1218	__pad3
</home/chrzissis/cclyzer-souffle/tests/coreutils-8.24/chown.bc>:!1219	__pad4
</home/chrzissis/cclyzer-souffle/tests/coreutils-8.24/chown.bc>:!1220	__pad5
</home/chrzissis/cclyzer-souffle/tests/coreutils-8.24/chown.bc>:!1221	_mode
</home/chrzissis/cclyzer-souffle/tests/coreutils-8.24/chown.bc>:!1222	_unused2
</home/chrzissis/cclyzer-souffle/tests/coreutils-8.24/chown.bc>:!1237	Hash_processor
</home/chrzissis/cclyzer-souffle/tests/coreutils-8.24/chown.bc>:!1310	I_ring
</home/chrzissis/cclyzer-souffle/tests/coreutils-8.24/chown.bc>:!1311	I_ring
</home/chrzissis/cclyzer-souffle/tests/coreutils-8.24/chown.bc>:!1313	ir_data
</home/chrzissis/cclyzer-souffle/tests/coreutils-8.24/chown.bc>:!1314	ir_default_val
</home/chrzissis/cclyzer-souffle/tests/coreutils-8.24/chown.bc>:!1315	ir_front
</home/chrzissis/cclyzer-souffle/tests/coreutils-8.24/chown.bc>:!1316	ir_back
</home/chrzissis/cclyzer-souffle/tests/coreutils-8.24/chown.bc>:!1317	ir_empty
</home/chrzissis/cclyzer-souffle/tests/coreutils-8.24/chown.bc>:!1699	FILE
</home/chrzissis/cclyzer-souffle/tests/coreutils-8.24/chown.bc>:!1700	_IO_FILE
</home/chrzissis/cclyzer-souffle/tests/coreutils-8.24/chown.bc>:!1702	_flags
</home/chrzissis/cclyzer-souffle/tests/coreutils-8.24/chown.bc>:!1703	_IO_read_ptr
</home/chrzissis/cclyzer-souffle/tests/coreutils-8.24/chown.bc>:!1704	_IO_read_end
</home/chrzissis/cclyzer-souffle/tests/coreutils-8.24/chown.bc>:!1705	_IO_read_base
</home/chrzissis/cclyzer-souffle/tests/coreutils-8.24/chown.bc>:!1706	_IO_write_base
</home/chrzissis/cclyzer-souffle/tests/coreutils-8.24/chown.bc>:!1707	_IO_write_ptr
</home/chrzissis/cclyzer-souffle/tests/coreutils-8.24/chown.bc>:!1708	_IO_write_end
</home/chrzissis/cclyzer-souffle/tests/coreutils-8.24/chown.bc>:!1709	_IO_buf_base
</home/chrzissis/cclyzer-souffle/tests/coreutils-8.24/chown.bc>:!1710	_IO_buf_end
</home/chrzissis/cclyzer-souffle/tests/coreutils-8.24/chown.bc>:!1711	_IO_save_base
</home/chrzissis/cclyzer-souffle/tests/coreutils-8.24/chown.bc>:!1712	_IO_backup_base
</home/chrzissis/cclyzer-souffle/tests/coreutils-8.24/chown.bc>:!1713	_IO_save_end
</home/chrzissis/cclyzer-souffle/tests/coreutils-8.24/chown.bc>:!1714	_markers
</home/chrzissis/cclyzer-souffle/tests/coreutils-8.24/chown.bc>:!1716	_IO_marker
</home/chrzissis/cclyzer-souffle/tests/coreutils-8.24/chown.bc>:!1718	_next
</home/chrzissis/cclyzer-souffle/tests/coreutils-8.24/chown.bc>:!1719	_sbuf
</home/chrzissis/cclyzer-souffle/tests/coreutils-8.24/chown.bc>:!1721	_pos
</home/chrzissis/cclyzer-souffle/tests/coreutils-8.24/chown.bc>:!1722	_chain
</home/chrzissis/cclyzer-souffle/tests/coreutils-8.24/chown.bc>:!1723	_fileno
</home/chrzissis/cclyzer-souffle/tests/coreutils-8.24/chown.bc>:!1724	_flags2
</home/chrzissis/cclyzer-souffle/tests/coreutils-8.24/chown.bc>:!1725	_old_offset
</home/chrzissis/cclyzer-souffle/tests/coreutils-8.24/chown.bc>:!1726	_cur_column
</home/chrzissis/cclyzer-souffle/tests/coreutils-8.24/chown.bc>:!1727	_vtable_offset
</home/chrzissis/cclyzer-souffle/tests/coreutils-8.24/chown.bc>:!1728	_shortbuf
</home/chrzissis/cclyzer-souffle/tests/coreutils-8.24/chown.bc>:!1729	_lock
</home/chrzissis/cclyzer-souffle/tests/coreutils-8.24/chown.bc>:!1730	_offset
</home/chrzissis/cclyzer-souffle/tests/coreutils-8.24/chown.bc>:!1731	__pad1
</home/chrzissis/cclyzer-souffle/tests/coreutils-8.24/chown.bc>:!1732	__pad2
</home/chrzissis/cclyzer-souffle/tests/coreutils-8.24/chown.bc>:!1733	__pad3
</home/chrzissis/cclyzer-souffle/tests/coreutils-8.24/chown.bc>:!1734	__pad4
</home/chrzissis/cclyzer-souffle/tests/coreutils-8.24/chown.bc>:!1735	__pad5
</home/chrzissis/cclyzer-souffle/tests/coreutils-8.24/chown.bc>:!1736	_mode
</home/chrzissis/cclyzer-souffle/tests/coreutils-8.24/chown.bc>:!1737	_unused2
</home/chrzissis/cclyzer-souffle/tests/coreutils-8.24/chown.bc>:!1753	FILE
</home/chrzissis/cclyzer-souffle/tests/coreutils-8.24/chown.bc>:!1754	_IO_FILE
</home/chrzissis/cclyzer-souffle/tests/coreutils-8.24/chown.bc>:!1756	_flags
</home/chrzissis/cclyzer-souffle/tests/coreutils-8.24/chown.bc>:!1757	_IO_read_ptr
</home/chrzissis/cclyzer-souffle/tests/coreutils-8.24/chown.bc>:!1758	_IO_read_end
</home/chrzissis/cclyzer-souffle/tests/coreutils-8.24/chown.bc>:!1759	_IO_read_base
</home/chrzissis/cclyzer-souffle/tests/coreutils-8.24/chown.bc>:!1760	_IO_write_base
</home/chrzissis/cclyzer-souffle/tests/coreutils-8.24/chown.bc>:!1761	_IO_write_ptr
</home/chrzissis/cclyzer-souffle/tests/coreutils-8.24/chown.bc>:!1762	_IO_write_end
</home/chrzissis/cclyzer-souffle/tests/coreutils-8.24/chown.bc>:!1763	_IO_buf_base
</home/chrzissis/cclyzer-souffle/tests/coreutils-8.24/chown.bc>:!1764	_IO_buf_end
</home/chrzissis/cclyzer-souffle/tests/coreutils-8.24/chown.bc>:!1765	_IO_save_base
</home/chrzissis/cclyzer-souffle/tests/coreutils-8.24/chown.bc>:!1766	_IO_backup_base
</home/chrzissis/cclyzer-souffle/tests/coreutils-8.24/chown.bc>:!1767	_IO_save_end
</home/chrzissis/cclyzer-souffle/tests/coreutils-8.24/chown.bc>:!1768	_markers
</home/chrzissis/cclyzer-souffle/tests/coreutils-8.24/chown.bc>:!1770	_IO_marker
</home/chrzissis/cclyzer-souffle/tests/coreutils-8.24/chown.bc>:!1772	_next
</home/chrzissis/cclyzer-souffle/tests/coreutils-8.24/chown.bc>:!1773	_sbuf
</home/chrzissis/cclyzer-souffle/tests/coreutils-8.24/chown.bc>:!1775	_pos
</home/chrzissis/cclyzer-souffle/tests/coreutils-8.24/chown.bc>:!1776	_chain
</home/chrzissis/cclyzer-souffle/tests/coreutils-8.24/chown.bc>:!1777	_fileno
</home/chrzissis/cclyzer-souffle/tests/coreutils-8.24/chown.bc>:!1778	_flags2
</home/chrzissis/cclyzer-souffle/tests/coreutils-8.24/chown.bc>:!1779	_old_offset
</home/chrzissis/cclyzer-souffle/tests/coreutils-8.24/chown.bc>:!1780	_cur_column
</home/chrzissis/cclyzer-souffle/tests/coreutils-8.24/chown.bc>:!1781	_vtable_offset
</home/chrzissis/cclyzer-souffle/tests/coreutils-8.24/chown.bc>:!1782	_shortbuf
</home/chrzissis/cclyzer-souffle/tests/coreutils-8.24/chown.bc>:!1783	_lock
</home/chrzissis/cclyzer-souffle/tests/coreutils-8.24/chown.bc>:!1784	_offset
</home/chrzissis/cclyzer-souffle/tests/coreutils-8.24/chown.bc>:!1785	__pad1
</home/chrzissis/cclyzer-souffle/tests/coreutils-8.24/chown.bc>:!1786	__pad2
</home/chrzissis/cclyzer-souffle/tests/coreutils-8.24/chown.bc>:!1787	__pad3
</home/chrzissis/cclyzer-souffle/tests/coreutils-8.24/chown.bc>:!1788	__pad4
</home/chrzissis/cclyzer-souffle/tests/coreutils-8.24/chown.bc>:!1789	__pad5
</home/chrzissis/cclyzer-souffle/tests/coreutils-8.24/chown.bc>:!1790	_mode
</home/chrzissis/cclyzer-souffle/tests/coreutils-8.24/chown.bc>:!1791	_unused2
</home/chrzissis/cclyzer-souffle/tests/coreutils-8.24/chown.bc>:!1802	FILE
</home/chrzissis/cclyzer-souffle/tests/coreutils-8.24/chown.bc>:!1803	_IO_FILE
</home/chrzissis/cclyzer-souffle/tests/coreutils-8.24/chown.bc>:!1805	_flags
</home/chrzissis/cclyzer-souffle/tests/coreutils-8.24/chown.bc>:!1806	_IO_read_ptr
</home/chrzissis/cclyzer-souffle/tests/coreutils-8.24/chown.bc>:!1807	_IO_read_end
</home/chrzissis/cclyzer-souffle/tests/coreutils-8.24/chown.bc>:!1808	_IO_read_base
</home/chrzissis/cclyzer-souffle/tests/coreutils-8.24/chown.bc>:!1809	_IO_write_base
</home/chrzissis/cclyzer-souffle/tests/coreutils-8.24/chown.bc>:!1810	_IO_write_ptr
</home/chrzissis/cclyzer-souffle/tests/coreutils-8.24/chown.bc>:!1811	_IO_write_end
</home/chrzissis/cclyzer-souffle/tests/coreutils-8.24/chown.bc>:!1812	_IO_buf_base
</home/chrzissis/cclyzer-souffle/tests/coreutils-8.24/chown.bc>:!1813	_IO_buf_end
</home/chrzissis/cclyzer-souffle/tests/coreutils-8.24/chown.bc>:!1814	_IO_save_base
</home/chrzissis/cclyzer-souffle/tests/coreutils-8.24/chown.bc>:!1815	_IO_backup_base
</home/chrzissis/cclyzer-souffle/tests/coreutils-8.24/chown.bc>:!1816	_IO_save_end
</home/chrzissis/cclyzer-souffle/tests/coreutils-8.24/chown.bc>:!1817	_markers
</home/chrzissis/cclyzer-souffle/tests/coreutils-8.24/chown.bc>:!1819	_IO_marker
</home/chrzissis/cclyzer-souffle/tests/coreutils-8.24/chown.bc>:!1821	_next
</home/chrzissis/cclyzer-souffle/tests/coreutils-8.24/chown.bc>:!1822	_sbuf
</home/chrzissis/cclyzer-souffle/tests/coreutils-8.24/chown.bc>:!1824	_pos
</home/chrzissis/cclyzer-souffle/tests/coreutils-8.24/chown.bc>:!1825	_chain
</home/chrzissis/cclyzer-souffle/tests/coreutils-8.24/chown.bc>:!1826	_fileno
</home/chrzissis/cclyzer-souffle/tests/coreutils-8.24/chown.bc>:!1827	_flags2
</home/chrzissis/cclyzer-souffle/tests/coreutils-8.24/chown.bc>:!1828	_old_offset
</home/chrzissis/cclyzer-souffle/tests/coreutils-8.24/chown.bc>:!1829	_cur_column
</home/chrzissis/cclyzer-souffle/tests/coreutils-8.24/chown.bc>:!1830	_vtable_offset
</home/chrzissis/cclyzer-souffle/tests/coreutils-8.24/chown.bc>:!1831	_shortbuf
</home/chrzissis/cclyzer-souffle/tests/coreutils-8.24/chown.bc>:!1832	_lock
</home/chrzissis/cclyzer-souffle/tests/coreutils-8.24/chown.bc>:!1833	_offset
</home/chrzissis/cclyzer-souffle/tests/coreutils-8.24/chown.bc>:!1834	__pad1
</home/chrzissis/cclyzer-souffle/tests/coreutils-8.24/chown.bc>:!1835	__pad2
</home/chrzissis/cclyzer-souffle/tests/coreutils-8.24/chown.bc>:!1836	__pad3
</home/chrzissis/cclyzer-souffle/tests/coreutils-8.24/chown.bc>:!1837	__pad4
</home/chrzissis/cclyzer-souffle/tests/coreutils-8.24/chown.bc>:!1838	__pad5
</home/chrzissis/cclyzer-souffle/tests/coreutils-8.24/chown.bc>:!1839	_mode
</home/chrzissis/cclyzer-souffle/tests/coreutils-8.24/chown.bc>:!1840	_unused2
</home/chrzissis/cclyzer-souffle/tests/coreutils-8.24/chown.bc>:!1841	off_t
</home/chrzissis/cclyzer-souffle/tests/coreutils-8.24/chown.bc>:!1849	uint64_t
</home/chrzissis/cclyzer-souffle/tests/coreutils-8.24/chown.bc>:!1854	uint32_t
</home/chrzissis/cclyzer-souffle/tests/coreutils-8.24/chown.bc>:!1863	uint16_t
</home/chrzissis/cclyzer-souffle/tests/coreutils-8.24/chown.bc>:!1868	uint8_t
</home/chrzissis/cclyzer-souffle/tests/coreutils-8.24/chown.bc>:!1014	unsigned char
</home/chrzissis/cclyzer-souffle/tests/coreutils-8.24/chown.bc>:!37	dev_ino
</home/chrzissis/cclyzer-souffle/tests/coreutils-8.24/chown.bc>:!40	st_ino
</home/chrzissis/cclyzer-souffle/tests/coreutils-8.24/chown.bc>:!46	st_dev
</home/chrzissis/cclyzer-souffle/tests/coreutils-8.24/chown.bc>:!53	infomap
</home/chrzissis/cclyzer-souffle/tests/coreutils-8.24/chown.bc>:!55	program
</home/chrzissis/cclyzer-souffle/tests/coreutils-8.24/chown.bc>:!56	node
</home/chrzissis/cclyzer-souffle/tests/coreutils-8.24/chown.bc>:!62	option
</home/chrzissis/cclyzer-souffle/tests/coreutils-8.24/chown.bc>:!65	name
</home/chrzissis/cclyzer-souffle/tests/coreutils-8.24/chown.bc>:!66	has_arg
</home/chrzissis/cclyzer-souffle/tests/coreutils-8.24/chown.bc>:!67	flag
</home/chrzissis/cclyzer-souffle/tests/coreutils-8.24/chown.bc>:!69	val
</home/chrzissis/cclyzer-souffle/tests/coreutils-8.24/chown.bc>:!469	slotvec
</home/chrzissis/cclyzer-souffle/tests/coreutils-8.24/chown.bc>:!471	size
</home/chrzissis/cclyzer-souffle/tests/coreutils-8.24/chown.bc>:!472	val
</home/chrzissis/cclyzer-souffle/tests/coreutils-8.24/chown.bc>:!320	quoting_flags
</home/chrzissis/cclyzer-souffle/tests/coreutils-8.24/chown.bc>:!766	Fts_stat
</home/chrzissis/cclyzer-souffle/tests/coreutils-8.24/chown.bc>:!1944	Chown_option
</home/chrzissis/cclyzer-souffle/tests/coreutils-8.24/chown.bc>:!1946	verbosity
</home/chrzissis/cclyzer-souffle/tests/coreutils-8.24/chown.bc>:!1947	recurse
</home/chrzissis/cclyzer-souffle/tests/coreutils-8.24/chown.bc>:!1948	root_dev_ino
</home/chrzissis/cclyzer-souffle/tests/coreutils-8.24/chown.bc>:!1950	affect_symlink_referent
</home/chrzissis/cclyzer-souffle/tests/coreutils-8.24/chown.bc>:!1951	force_silent
</home/chrzissis/cclyzer-souffle/tests/coreutils-8.24/chown.bc>:!1952	user_name
</home/chrzissis/cclyzer-souffle/tests/coreutils-8.24/chown.bc>:!1953	group_name
</home/chrzissis/cclyzer-souffle/tests/coreutils-8.24/chown.bc>:!2074	stat
</home/chrzissis/cclyzer-souffle/tests/coreutils-8.24/chown.bc>:!2076	st_dev
</home/chrzissis/cclyzer-souffle/tests/coreutils-8.24/chown.bc>:!2077	st_ino
</home/chrzissis/cclyzer-souffle/tests/coreutils-8.24/chown.bc>:!2078	st_nlink
</home/chrzissis/cclyzer-souffle/tests/coreutils-8.24/chown.bc>:!2079	st_mode
</home/chrzissis/cclyzer-souffle/tests/coreutils-8.24/chown.bc>:!2080	st_uid
</home/chrzissis/cclyzer-souffle/tests/coreutils-8.24/chown.bc>:!2081	st_gid
</home/chrzissis/cclyzer-souffle/tests/coreutils-8.24/chown.bc>:!2082	__pad0
</home/chrzissis/cclyzer-souffle/tests/coreutils-8.24/chown.bc>:!2083	st_rdev
</home/chrzissis/cclyzer-souffle/tests/coreutils-8.24/chown.bc>:!2084	st_size
</home/chrzissis/cclyzer-souffle/tests/coreutils-8.24/chown.bc>:!2085	st_blksize
</home/chrzissis/cclyzer-souffle/tests/coreutils-8.24/chown.bc>:!2086	st_blocks
</home/chrzissis/cclyzer-souffle/tests/coreutils-8.24/chown.bc>:!2087	st_atim
</home/chrzissis/cclyzer-souffle/tests/coreutils-8.24/chown.bc>:!2088	timespec
</home/chrzissis/cclyzer-souffle/tests/coreutils-8.24/chown.bc>:!2090	tv_sec
</home/chrzissis/cclyzer-souffle/tests/coreutils-8.24/chown.bc>:!2091	tv_nsec
</home/chrzissis/cclyzer-souffle/tests/coreutils-8.24/chown.bc>:!2092	st_mtim
</home/chrzissis/cclyzer-souffle/tests/coreutils-8.24/chown.bc>:!2093	st_ctim
</home/chrzissis/cclyzer-souffle/tests/coreutils-8.24/chown.bc>:!2094	__glibc_reserved
</home/chrzissis/cclyzer-souffle/tests/coreutils-8.24/chown.bc>:!2280	group
</home/chrzissis/cclyzer-souffle/tests/coreutils-8.24/chown.bc>:!2283	gr_name
</home/chrzissis/cclyzer-souffle/tests/coreutils-8.24/chown.bc>:!2284	gr_passwd
</home/chrzissis/cclyzer-souffle/tests/coreutils-8.24/chown.bc>:!2285	gr_gid
</home/chrzissis/cclyzer-souffle/tests/coreutils-8.24/chown.bc>:!2286	gr_mem
</home/chrzissis/cclyzer-souffle/tests/coreutils-8.24/chown.bc>:!2307	passwd
</home/chrzissis/cclyzer-souffle/tests/coreutils-8.24/chown.bc>:!2310	pw_name
</home/chrzissis/cclyzer-souffle/tests/coreutils-8.24/chown.bc>:!2311	pw_passwd
</home/chrzissis/cclyzer-souffle/tests/coreutils-8.24/chown.bc>:!2312	pw_uid
</home/chrzissis/cclyzer-souffle/tests/coreutils-8.24/chown.bc>:!2313	pw_gid
</home/chrzissis/cclyzer-souffle/tests/coreutils-8.24/chown.bc>:!2314	pw_gecos
</home/chrzissis/cclyzer-souffle/tests/coreutils-8.24/chown.bc>:!2315	pw_dir
</home/chrzissis/cclyzer-souffle/tests/coreutils-8.24/chown.bc>:!2316	pw_shell
</home/chrzissis/cclyzer-souffle/tests/coreutils-8.24/chown.bc>:!4348	mbstate_t
</home/chrzissis/cclyzer-souffle/tests/coreutils-8.24/chown.bc>:!4349	__mbstate_t
</home/chrzissis/cclyzer-souffle/tests/coreutils-8.24/chown.bc>:!4352	__count
</home/chrzissis/cclyzer-souffle/tests/coreutils-8.24/chown.bc>:!4353	__value
</home/chrzissis/cclyzer-souffle/tests/coreutils-8.24/chown.bc>:!4356	__wch
</home/chrzissis/cclyzer-souffle/tests/coreutils-8.24/chown.bc>:!4357	__wchb
</home/chrzissis/cclyzer-souffle/tests/coreutils-8.24/chown.bc>:!4893	stat
</home/chrzissis/cclyzer-souffle/tests/coreutils-8.24/chown.bc>:!4895	st_dev
</home/chrzissis/cclyzer-souffle/tests/coreutils-8.24/chown.bc>:!4896	st_ino
</home/chrzissis/cclyzer-souffle/tests/coreutils-8.24/chown.bc>:!4897	st_nlink
</home/chrzissis/cclyzer-souffle/tests/coreutils-8.24/chown.bc>:!4898	st_mode
</home/chrzissis/cclyzer-souffle/tests/coreutils-8.24/chown.bc>:!4899	st_uid
</home/chrzissis/cclyzer-souffle/tests/coreutils-8.24/chown.bc>:!4900	st_gid
</home/chrzissis/cclyzer-souffle/tests/coreutils-8.24/chown.bc>:!4901	__pad0
</home/chrzissis/cclyzer-souffle/tests/coreutils-8.24/chown.bc>:!4902	st_rdev
</home/chrzissis/cclyzer-souffle/tests/coreutils-8.24/chown.bc>:!4903	st_size
</home/chrzissis/cclyzer-souffle/tests/coreutils-8.24/chown.bc>:!4904	st_blksize
</home/chrzissis/cclyzer-souffle/tests/coreutils-8.24/chown.bc>:!4905	st_blocks
</home/chrzissis/cclyzer-souffle/tests/coreutils-8.24/chown.bc>:!4906	st_atim
</home/chrzissis/cclyzer-souffle/tests/coreutils-8.24/chown.bc>:!4907	timespec
</home/chrzissis/cclyzer-souffle/tests/coreutils-8.24/chown.bc>:!4909	tv_sec
</home/chrzissis/cclyzer-souffle/tests/coreutils-8.24/chown.bc>:!4910	tv_nsec
</home/chrzissis/cclyzer-souffle/tests/coreutils-8.24/chown.bc>:!4911	st_mtim
</home/chrzissis/cclyzer-souffle/tests/coreutils-8.24/chown.bc>:!4912	st_ctim
</home/chrzissis/cclyzer-souffle/tests/coreutils-8.24/chown.bc>:!4913	__glibc_reserved
</home/chrzissis/cclyzer-souffle/tests/coreutils-8.24/chown.bc>:!5007	passwd
</home/chrzissis/cclyzer-souffle/tests/coreutils-8.24/chown.bc>:!5009	pw_name
</home/chrzissis/cclyzer-souffle/tests/coreutils-8.24/chown.bc>:!5010	pw_passwd
</home/chrzissis/cclyzer-souffle/tests/coreutils-8.24/chown.bc>:!5011	pw_uid
</home/chrzissis/cclyzer-souffle/tests/coreutils-8.24/chown.bc>:!5012	pw_gid
</home/chrzissis/cclyzer-souffle/tests/coreutils-8.24/chown.bc>:!5013	pw_gecos
</home/chrzissis/cclyzer-souffle/tests/coreutils-8.24/chown.bc>:!5014	pw_dir
</home/chrzissis/cclyzer-souffle/tests/coreutils-8.24/chown.bc>:!5015	pw_shell
</home/chrzissis/cclyzer-souffle/tests/coreutils-8.24/chown.bc>:!5019	group
</home/chrzissis/cclyzer-souffle/tests/coreutils-8.24/chown.bc>:!5021	gr_name
</home/chrzissis/cclyzer-souffle/tests/coreutils-8.24/chown.bc>:!5022	gr_passwd
</home/chrzissis/cclyzer-souffle/tests/coreutils-8.24/chown.bc>:!5023	gr_gid
</home/chrzissis/cclyzer-souffle/tests/coreutils-8.24/chown.bc>:!5024	gr_mem
</home/chrzissis/cclyzer-souffle/tests/coreutils-8.24/chown.bc>:!5525	va_list
</home/chrzissis/cclyzer-souffle/tests/coreutils-8.24/chown.bc>:!5526	__gnuc_va_list
</home/chrzissis/cclyzer-souffle/tests/coreutils-8.24/chown.bc>:!5528	__builtin_va_list
</home/chrzissis/cclyzer-souffle/tests/coreutils-8.24/chown.bc>:!7879	Active_dir
</home/chrzissis/cclyzer-souffle/tests/coreutils-8.24/chown.bc>:!7881	dev
</home/chrzissis/cclyzer-souffle/tests/coreutils-8.24/chown.bc>:!7882	ino
</home/chrzissis/cclyzer-souffle/tests/coreutils-8.24/chown.bc>:!7883	fts_ent
</home/chrzissis/cclyzer-souffle/tests/coreutils-8.24/chown.bc>:!8404	dirent
</home/chrzissis/cclyzer-souffle/tests/coreutils-8.24/chown.bc>:!8407	d_ino
</home/chrzissis/cclyzer-souffle/tests/coreutils-8.24/chown.bc>:!8408	d_off
</home/chrzissis/cclyzer-souffle/tests/coreutils-8.24/chown.bc>:!8409	d_reclen
</home/chrzissis/cclyzer-souffle/tests/coreutils-8.24/chown.bc>:!8410	d_type
</home/chrzissis/cclyzer-souffle/tests/coreutils-8.24/chown.bc>:!8411	d_name
</home/chrzissis/cclyzer-souffle/tests/coreutils-8.24/chown.bc>:!8893	Hash_table
</home/chrzissis/cclyzer-souffle/tests/coreutils-8.24/chown.bc>:!8898	LCO_ent
</home/chrzissis/cclyzer-souffle/tests/coreutils-8.24/chown.bc>:!8900	st_dev
</home/chrzissis/cclyzer-souffle/tests/coreutils-8.24/chown.bc>:!8901	opt_ok
</home/chrzissis/cclyzer-souffle/tests/coreutils-8.24/chown.bc>:!9203	statfs
</home/chrzissis/cclyzer-souffle/tests/coreutils-8.24/chown.bc>:!9206	f_type
</home/chrzissis/cclyzer-souffle/tests/coreutils-8.24/chown.bc>:!9207	__fsword_t
</home/chrzissis/cclyzer-souffle/tests/coreutils-8.24/chown.bc>:!9208	f_bsize
</home/chrzissis/cclyzer-souffle/tests/coreutils-8.24/chown.bc>:!9209	f_blocks
</home/chrzissis/cclyzer-souffle/tests/coreutils-8.24/chown.bc>:!9210	__fsblkcnt_t
</home/chrzissis/cclyzer-souffle/tests/coreutils-8.24/chown.bc>:!9211	f_bfree
</home/chrzissis/cclyzer-souffle/tests/coreutils-8.24/chown.bc>:!9212	f_bavail
</home/chrzissis/cclyzer-souffle/tests/coreutils-8.24/chown.bc>:!9213	f_files
</home/chrzissis/cclyzer-souffle/tests/coreutils-8.24/chown.bc>:!9214	__fsfilcnt_t
</home/chrzissis/cclyzer-souffle/tests/coreutils-8.24/chown.bc>:!9215	f_ffree
</home/chrzissis/cclyzer-souffle/tests/coreutils-8.24/chown.bc>:!9216	f_fsid
</home/chrzissis/cclyzer-souffle/tests/coreutils-8.24/chown.bc>:!9217	__fsid_t
</home/chrzissis/cclyzer-souffle/tests/coreutils-8.24/chown.bc>:!9220	__val
</home/chrzissis/cclyzer-souffle/tests/coreutils-8.24/chown.bc>:!9224	f_namelen
</home/chrzissis/cclyzer-souffle/tests/coreutils-8.24/chown.bc>:!9225	f_frsize
</home/chrzissis/cclyzer-souffle/tests/coreutils-8.24/chown.bc>:!9226	f_flags
</home/chrzissis/cclyzer-souffle/tests/coreutils-8.24/chown.bc>:!9227	f_spare
</home/chrzissis/cclyzer-souffle/tests/coreutils-8.24/chown.bc>:!9293	mode_t
</home/chrzissis/cclyzer-souffle/tests/coreutils-8.24/chown.bc>:!9688	va_list
</home/chrzissis/cclyzer-souffle/tests/coreutils-8.24/chown.bc>:!9689	__builtin_va_list
</home/chrzissis/cclyzer-souffle/tests/coreutils-8.24/chown.bc>:!9691	__va_list_tag
</home/chrzissis/cclyzer-souffle/tests/coreutils-8.24/chown.bc>:!9692	__va_list_tag
</home/chrzissis/cclyzer-souffle/tests/coreutils-8.24/chown.bc>:!9694	gp_offset
</home/chrzissis/cclyzer-souffle/tests/coreutils-8.24/chown.bc>:!9695	fp_offset
</home/chrzissis/cclyzer-souffle/tests/coreutils-8.24/chown.bc>:!9696	overflow_arg_area
</home/chrzissis/cclyzer-souffle/tests/coreutils-8.24/chown.bc>:!9697	reg_save_area
</home/chrzissis/cclyzer-souffle/tests/coreutils-8.24/chown.bc>:!11708	FILE
</home/chrzissis/cclyzer-souffle/tests/coreutils-8.24/chown.bc>:!11709	_IO_FILE
</home/chrzissis/cclyzer-souffle/tests/coreutils-8.24/chown.bc>:!11711	_flags
</home/chrzissis/cclyzer-souffle/tests/coreutils-8.24/chown.bc>:!11712	_IO_read_ptr
</home/chrzissis/cclyzer-souffle/tests/coreutils-8.24/chown.bc>:!11713	_IO_read_end
</home/chrzissis/cclyzer-souffle/tests/coreutils-8.24/chown.bc>:!11714	_IO_read_base
</home/chrzissis/cclyzer-souffle/tests/coreutils-8.24/chown.bc>:!11715	_IO_write_base
</home/chrzissis/cclyzer-souffle/tests/coreutils-8.24/chown.bc>:!11716	_IO_write_ptr
</home/chrzissis/cclyzer-souffle/tests/coreutils-8.24/chown.bc>:!11717	_IO_write_end
</home/chrzissis/cclyzer-souffle/tests/coreutils-8.24/chown.bc>:!11718	_IO_buf_base
</home/chrzissis/cclyzer-souffle/tests/coreutils-8.24/chown.bc>:!11719	_IO_buf_end
</home/chrzissis/cclyzer-souffle/tests/coreutils-8.24/chown.bc>:!11720	_IO_save_base
</home/chrzissis/cclyzer-souffle/tests/coreutils-8.24/chown.bc>:!11721	_IO_backup_base
</home/chrzissis/cclyzer-souffle/tests/coreutils-8.24/chown.bc>:!11722	_IO_save_end
</home/chrzissis/cclyzer-souffle/tests/coreutils-8.24/chown.bc>:!11723	_markers
</home/chrzissis/cclyzer-souffle/tests/coreutils-8.24/chown.bc>:!11725	_IO_marker
</home/chrzissis/cclyzer-souffle/tests/coreutils-8.24/chown.bc>:!11727	_next
</home/chrzissis/cclyzer-souffle/tests/coreutils-8.24/chown.bc>:!11728	_sbuf
</home/chrzissis/cclyzer-souffle/tests/coreutils-8.24/chown.bc>:!11730	_pos
</home/chrzissis/cclyzer-souffle/tests/coreutils-8.24/chown.bc>:!11731	_chain
</home/chrzissis/cclyzer-souffle/tests/coreutils-8.24/chown.bc>:!11732	_fileno
</home/chrzissis/cclyzer-souffle/tests/coreutils-8.24/chown.bc>:!11733	_flags2
</home/chrzissis/cclyzer-souffle/tests/coreutils-8.24/chown.bc>:!11734	_old_offset
</home/chrzissis/cclyzer-souffle/tests/coreutils-8.24/chown.bc>:!11735	_cur_column
</home/chrzissis/cclyzer-souffle/tests/coreutils-8.24/chown.bc>:!11736	_vtable_offset
</home/chrzissis/cclyzer-souffle/tests/coreutils-8.24/chown.bc>:!11737	_shortbuf
</home/chrzissis/cclyzer-souffle/tests/coreutils-8.24/chown.bc>:!11738	_lock
</home/chrzissis/cclyzer-souffle/tests/coreutils-8.24/chown.bc>:!11739	_offset
</home/chrzissis/cclyzer-souffle/tests/coreutils-8.24/chown.bc>:!11740	__pad1
</home/chrzissis/cclyzer-souffle/tests/coreutils-8.24/chown.bc>:!11741	__pad2
</home/chrzissis/cclyzer-souffle/tests/coreutils-8.24/chown.bc>:!11742	__pad3
</home/chrzissis/cclyzer-souffle/tests/coreutils-8.24/chown.bc>:!11743	__pad4
</home/chrzissis/cclyzer-souffle/tests/coreutils-8.24/chown.bc>:!11744	__pad5
</home/chrzissis/cclyzer-souffle/tests/coreutils-8.24/chown.bc>:!11745	_mode
</home/chrzissis/cclyzer-souffle/tests/coreutils-8.24/chown.bc>:!11746	_unused2
</home/chrzissis/cclyzer-souffle/tests/coreutils-8.24/chown.bc>:!11942	va_list
</home/chrzissis/cclyzer-souffle/tests/coreutils-8.24/chown.bc>:!11943	__builtin_va_list
</home/chrzissis/cclyzer-souffle/tests/coreutils-8.24/chown.bc>:!11945	__va_list_tag
</home/chrzissis/cclyzer-souffle/tests/coreutils-8.24/chown.bc>:!11946	__va_list_tag
</home/chrzissis/cclyzer-souffle/tests/coreutils-8.24/chown.bc>:!11948	gp_offset
</home/chrzissis/cclyzer-souffle/tests/coreutils-8.24/chown.bc>:!11949	fp_offset
</home/chrzissis/cclyzer-souffle/tests/coreutils-8.24/chown.bc>:!11950	overflow_arg_area
</home/chrzissis/cclyzer-souffle/tests/coreutils-8.24/chown.bc>:!11951	reg_save_area
</home/chrzissis/cclyzer-souffle/tests/coreutils-8.24/chown.bc>:!12059	va_list
</home/chrzissis/cclyzer-souffle/tests/coreutils-8.24/chown.bc>:!12060	__builtin_va_list
</home/chrzissis/cclyzer-souffle/tests/coreutils-8.24/chown.bc>:!12062	__va_list_tag
</home/chrzissis/cclyzer-souffle/tests/coreutils-8.24/chown.bc>:!12063	__va_list_tag
</home/chrzissis/cclyzer-souffle/tests/coreutils-8.24/chown.bc>:!12065	gp_offset
</home/chrzissis/cclyzer-souffle/tests/coreutils-8.24/chown.bc>:!12066	fp_offset
</home/chrzissis/cclyzer-souffle/tests/coreutils-8.24/chown.bc>:!12067	overflow_arg_area
</home/chrzissis/cclyzer-souffle/tests/coreutils-8.24/chown.bc>:!12068	reg_save_area
