</home/chrzissis/cclyzer-souffle/tests/coreutils-8.24/chown.bc>:!36	315
</home/chrzissis/cclyzer-souffle/tests/coreutils-8.24/chown.bc>:!49	41
</home/chrzissis/cclyzer-souffle/tests/coreutils-8.24/chown.bc>:!50	571
</home/chrzissis/cclyzer-souffle/tests/coreutils-8.24/chown.bc>:!59	54
</home/chrzissis/cclyzer-souffle/tests/coreutils-8.24/chown.bc>:!263	2
</home/chrzissis/cclyzer-souffle/tests/coreutils-8.24/chown.bc>:!273	36
</home/chrzissis/cclyzer-souffle/tests/coreutils-8.24/chown.bc>:!274	46
</home/chrzissis/cclyzer-souffle/tests/coreutils-8.24/chown.bc>:!278	24
</home/chrzissis/cclyzer-souffle/tests/coreutils-8.24/chown.bc>:!304	33
</home/chrzissis/cclyzer-souffle/tests/coreutils-8.24/chown.bc>:!453	75
</home/chrzissis/cclyzer-souffle/tests/coreutils-8.24/chown.bc>:!458	89
</home/chrzissis/cclyzer-souffle/tests/coreutils-8.24/chown.bc>:!461	938
</home/chrzissis/cclyzer-souffle/tests/coreutils-8.24/chown.bc>:!462	102
</home/chrzissis/cclyzer-souffle/tests/coreutils-8.24/chown.bc>:!463	731
</home/chrzissis/cclyzer-souffle/tests/coreutils-8.24/chown.bc>:!467	734
</home/chrzissis/cclyzer-souffle/tests/coreutils-8.24/chown.bc>:!473	732
</home/chrzissis/cclyzer-souffle/tests/coreutils-8.24/chown.bc>:!474	733
</home/chrzissis/cclyzer-souffle/tests/coreutils-8.24/chown.bc>:!508	106
</home/chrzissis/cclyzer-souffle/tests/coreutils-8.24/chown.bc>:!509	107
</home/chrzissis/cclyzer-souffle/tests/coreutils-8.24/chown.bc>:!510	108
</home/chrzissis/cclyzer-souffle/tests/coreutils-8.24/chown.bc>:!594	26
</home/chrzissis/cclyzer-souffle/tests/coreutils-8.24/chown.bc>:!1298	130
</home/chrzissis/cclyzer-souffle/tests/coreutils-8.24/chown.bc>:!1676	120
</home/chrzissis/cclyzer-souffle/tests/coreutils-8.24/chown.bc>:!1745	248
</home/chrzissis/cclyzer-souffle/tests/coreutils-8.24/chown.bc>:!11771	196
</home/chrzissis/cclyzer-souffle/tests/coreutils-8.24/chown.bc>:!3348	127
</home/chrzissis/cclyzer-souffle/tests/coreutils-8.24/chown.bc>:!3350	127
</home/chrzissis/cclyzer-souffle/tests/coreutils-8.24/chown.bc>:!3363	138
</home/chrzissis/cclyzer-souffle/tests/coreutils-8.24/chown.bc>:!3365	138
</home/chrzissis/cclyzer-souffle/tests/coreutils-8.24/chown.bc>:!3367	138
</home/chrzissis/cclyzer-souffle/tests/coreutils-8.24/chown.bc>:!3369	140
</home/chrzissis/cclyzer-souffle/tests/coreutils-8.24/chown.bc>:!3372	141
</home/chrzissis/cclyzer-souffle/tests/coreutils-8.24/chown.bc>:!3387	143
</home/chrzissis/cclyzer-souffle/tests/coreutils-8.24/chown.bc>:!3391	144
</home/chrzissis/cclyzer-souffle/tests/coreutils-8.24/chown.bc>:!3408	154
</home/chrzissis/cclyzer-souffle/tests/coreutils-8.24/chown.bc>:!3410	154
</home/chrzissis/cclyzer-souffle/tests/coreutils-8.24/chown.bc>:!3412	156
</home/chrzissis/cclyzer-souffle/tests/coreutils-8.24/chown.bc>:!3428	165
</home/chrzissis/cclyzer-souffle/tests/coreutils-8.24/chown.bc>:!3430	166
</home/chrzissis/cclyzer-souffle/tests/coreutils-8.24/chown.bc>:!3432	166
</home/chrzissis/cclyzer-souffle/tests/coreutils-8.24/chown.bc>:!3458	673
</home/chrzissis/cclyzer-souffle/tests/coreutils-8.24/chown.bc>:!3460	673
</home/chrzissis/cclyzer-souffle/tests/coreutils-8.24/chown.bc>:!3462	674
</home/chrzissis/cclyzer-souffle/tests/coreutils-8.24/chown.bc>:!3464	674
</home/chrzissis/cclyzer-souffle/tests/coreutils-8.24/chown.bc>:!3466	675
</home/chrzissis/cclyzer-souffle/tests/coreutils-8.24/chown.bc>:!3468	677
</home/chrzissis/cclyzer-souffle/tests/coreutils-8.24/chown.bc>:!4478	598
</home/chrzissis/cclyzer-souffle/tests/coreutils-8.24/chown.bc>:!3478	678
</home/chrzissis/cclyzer-souffle/tests/coreutils-8.24/chown.bc>:!3481	679
</home/chrzissis/cclyzer-souffle/tests/coreutils-8.24/chown.bc>:!3503	688
</home/chrzissis/cclyzer-souffle/tests/coreutils-8.24/chown.bc>:!3505	688
</home/chrzissis/cclyzer-souffle/tests/coreutils-8.24/chown.bc>:!3507	689
</home/chrzissis/cclyzer-souffle/tests/coreutils-8.24/chown.bc>:!3514	701
</home/chrzissis/cclyzer-souffle/tests/coreutils-8.24/chown.bc>:!3516	701
</home/chrzissis/cclyzer-souffle/tests/coreutils-8.24/chown.bc>:!3518	701
</home/chrzissis/cclyzer-souffle/tests/coreutils-8.24/chown.bc>:!3520	702
</home/chrzissis/cclyzer-souffle/tests/coreutils-8.24/chown.bc>:!3522	704
</home/chrzissis/cclyzer-souffle/tests/coreutils-8.24/chown.bc>:!3532	705
</home/chrzissis/cclyzer-souffle/tests/coreutils-8.24/chown.bc>:!3535	707
</home/chrzissis/cclyzer-souffle/tests/coreutils-8.24/chown.bc>:!3541	708
</home/chrzissis/cclyzer-souffle/tests/coreutils-8.24/chown.bc>:!3556	712
</home/chrzissis/cclyzer-souffle/tests/coreutils-8.24/chown.bc>:!3587	739
</home/chrzissis/cclyzer-souffle/tests/coreutils-8.24/chown.bc>:!3590	740
</home/chrzissis/cclyzer-souffle/tests/coreutils-8.24/chown.bc>:!3631	826
</home/chrzissis/cclyzer-souffle/tests/coreutils-8.24/chown.bc>:!3633	826
</home/chrzissis/cclyzer-souffle/tests/coreutils-8.24/chown.bc>:!3639	832
</home/chrzissis/cclyzer-souffle/tests/coreutils-8.24/chown.bc>:!3641	832
</home/chrzissis/cclyzer-souffle/tests/coreutils-8.24/chown.bc>:!3643	832
</home/chrzissis/cclyzer-souffle/tests/coreutils-8.24/chown.bc>:!3650	838
</home/chrzissis/cclyzer-souffle/tests/coreutils-8.24/chown.bc>:!3655	844
</home/chrzissis/cclyzer-souffle/tests/coreutils-8.24/chown.bc>:!3657	844
</home/chrzissis/cclyzer-souffle/tests/coreutils-8.24/chown.bc>:!3663	850
</home/chrzissis/cclyzer-souffle/tests/coreutils-8.24/chown.bc>:!3665	850
</home/chrzissis/cclyzer-souffle/tests/coreutils-8.24/chown.bc>:!3667	850
</home/chrzissis/cclyzer-souffle/tests/coreutils-8.24/chown.bc>:!3669	852
</home/chrzissis/cclyzer-souffle/tests/coreutils-8.24/chown.bc>:!3677	857
</home/chrzissis/cclyzer-souffle/tests/coreutils-8.24/chown.bc>:!3679	857
</home/chrzissis/cclyzer-souffle/tests/coreutils-8.24/chown.bc>:!3681	858
</home/chrzissis/cclyzer-souffle/tests/coreutils-8.24/chown.bc>:!3683	858
</home/chrzissis/cclyzer-souffle/tests/coreutils-8.24/chown.bc>:!3685	860
</home/chrzissis/cclyzer-souffle/tests/coreutils-8.24/chown.bc>:!3694	865
</home/chrzissis/cclyzer-souffle/tests/coreutils-8.24/chown.bc>:!3696	865
</home/chrzissis/cclyzer-souffle/tests/coreutils-8.24/chown.bc>:!3702	871
</home/chrzissis/cclyzer-souffle/tests/coreutils-8.24/chown.bc>:!3704	871
</home/chrzissis/cclyzer-souffle/tests/coreutils-8.24/chown.bc>:!3706	871
</home/chrzissis/cclyzer-souffle/tests/coreutils-8.24/chown.bc>:!3713	877
</home/chrzissis/cclyzer-souffle/tests/coreutils-8.24/chown.bc>:!3715	877
</home/chrzissis/cclyzer-souffle/tests/coreutils-8.24/chown.bc>:!3717	877
</home/chrzissis/cclyzer-souffle/tests/coreutils-8.24/chown.bc>:!3719	879
</home/chrzissis/cclyzer-souffle/tests/coreutils-8.24/chown.bc>:!3728	886
</home/chrzissis/cclyzer-souffle/tests/coreutils-8.24/chown.bc>:!3730	886
</home/chrzissis/cclyzer-souffle/tests/coreutils-8.24/chown.bc>:!3736	892
</home/chrzissis/cclyzer-souffle/tests/coreutils-8.24/chown.bc>:!3741	898
</home/chrzissis/cclyzer-souffle/tests/coreutils-8.24/chown.bc>:!3743	898
</home/chrzissis/cclyzer-souffle/tests/coreutils-8.24/chown.bc>:!3749	904
</home/chrzissis/cclyzer-souffle/tests/coreutils-8.24/chown.bc>:!3751	904
</home/chrzissis/cclyzer-souffle/tests/coreutils-8.24/chown.bc>:!3753	905
</home/chrzissis/cclyzer-souffle/tests/coreutils-8.24/chown.bc>:!3755	905
</home/chrzissis/cclyzer-souffle/tests/coreutils-8.24/chown.bc>:!3763	912
</home/chrzissis/cclyzer-souffle/tests/coreutils-8.24/chown.bc>:!3765	912
</home/chrzissis/cclyzer-souffle/tests/coreutils-8.24/chown.bc>:!3767	913
</home/chrzissis/cclyzer-souffle/tests/coreutils-8.24/chown.bc>:!3769	914
</home/chrzissis/cclyzer-souffle/tests/coreutils-8.24/chown.bc>:!3771	914
</home/chrzissis/cclyzer-souffle/tests/coreutils-8.24/chown.bc>:!3773	916
</home/chrzissis/cclyzer-souffle/tests/coreutils-8.24/chown.bc>:!3784	922
</home/chrzissis/cclyzer-souffle/tests/coreutils-8.24/chown.bc>:!3786	922
</home/chrzissis/cclyzer-souffle/tests/coreutils-8.24/chown.bc>:!3788	923
</home/chrzissis/cclyzer-souffle/tests/coreutils-8.24/chown.bc>:!3795	929
</home/chrzissis/cclyzer-souffle/tests/coreutils-8.24/chown.bc>:!3797	929
</home/chrzissis/cclyzer-souffle/tests/coreutils-8.24/chown.bc>:!3799	930
</home/chrzissis/cclyzer-souffle/tests/coreutils-8.24/chown.bc>:!3801	930
</home/chrzissis/cclyzer-souffle/tests/coreutils-8.24/chown.bc>:!3809	947
</home/chrzissis/cclyzer-souffle/tests/coreutils-8.24/chown.bc>:!3811	947
</home/chrzissis/cclyzer-souffle/tests/coreutils-8.24/chown.bc>:!7347	1959
</home/chrzissis/cclyzer-souffle/tests/coreutils-8.24/chown.bc>:!7349	1959
</home/chrzissis/cclyzer-souffle/tests/coreutils-8.24/chown.bc>:!7351	1961
</home/chrzissis/cclyzer-souffle/tests/coreutils-8.24/chown.bc>:!7353	1962
</home/chrzissis/cclyzer-souffle/tests/coreutils-8.24/chown.bc>:!7403	1900
</home/chrzissis/cclyzer-souffle/tests/coreutils-8.24/chown.bc>:!7405	1900
</home/chrzissis/cclyzer-souffle/tests/coreutils-8.24/chown.bc>:!7407	1900
</home/chrzissis/cclyzer-souffle/tests/coreutils-8.24/chown.bc>:!7409	1902
</home/chrzissis/cclyzer-souffle/tests/coreutils-8.24/chown.bc>:!7411	1903
</home/chrzissis/cclyzer-souffle/tests/coreutils-8.24/chown.bc>:!7472	284
</home/chrzissis/cclyzer-souffle/tests/coreutils-8.24/chown.bc>:!7474	284
</home/chrzissis/cclyzer-souffle/tests/coreutils-8.24/chown.bc>:!7493	1787
</home/chrzissis/cclyzer-souffle/tests/coreutils-8.24/chown.bc>:!7495	1787
</home/chrzissis/cclyzer-souffle/tests/coreutils-8.24/chown.bc>:!7497	1787
</home/chrzissis/cclyzer-souffle/tests/coreutils-8.24/chown.bc>:!3873	255
</home/chrzissis/cclyzer-souffle/tests/coreutils-8.24/chown.bc>:!4002	345
</home/chrzissis/cclyzer-souffle/tests/coreutils-8.24/chown.bc>:!1891	73
</home/chrzissis/cclyzer-souffle/tests/coreutils-8.24/chown.bc>:!1925	156
</home/chrzissis/cclyzer-souffle/tests/coreutils-8.24/chown.bc>:!1927	156
</home/chrzissis/cclyzer-souffle/tests/coreutils-8.24/chown.bc>:!1929	158
</home/chrzissis/cclyzer-souffle/tests/coreutils-8.24/chown.bc>:!1931	160
</home/chrzissis/cclyzer-souffle/tests/coreutils-8.24/chown.bc>:!1933	161
</home/chrzissis/cclyzer-souffle/tests/coreutils-8.24/chown.bc>:!1935	165
</home/chrzissis/cclyzer-souffle/tests/coreutils-8.24/chown.bc>:!1937	166
</home/chrzissis/cclyzer-souffle/tests/coreutils-8.24/chown.bc>:!1939	169
</home/chrzissis/cclyzer-souffle/tests/coreutils-8.24/chown.bc>:!1941	173
</home/chrzissis/cclyzer-souffle/tests/coreutils-8.24/chown.bc>:!1943	175
</home/chrzissis/cclyzer-souffle/tests/coreutils-8.24/chown.bc>:!1955	176
</home/chrzissis/cclyzer-souffle/tests/coreutils-8.24/chown.bc>:!1957	177
</home/chrzissis/cclyzer-souffle/tests/coreutils-8.24/chown.bc>:!1995	229
</home/chrzissis/cclyzer-souffle/tests/coreutils-8.24/chown.bc>:!2118	299
</home/chrzissis/cclyzer-souffle/tests/coreutils-8.24/chown.bc>:!2185	569
</home/chrzissis/cclyzer-souffle/tests/coreutils-8.24/chown.bc>:!2187	581
</home/chrzissis/cclyzer-souffle/tests/coreutils-8.24/chown.bc>:!2190	582
</home/chrzissis/cclyzer-souffle/tests/coreutils-8.24/chown.bc>:!2072	287
</home/chrzissis/cclyzer-souffle/tests/coreutils-8.24/chown.bc>:!2216	594
</home/chrzissis/cclyzer-souffle/tests/coreutils-8.24/chown.bc>:!2240	627
</home/chrzissis/cclyzer-souffle/tests/coreutils-8.24/chown.bc>:!2244	59
</home/chrzissis/cclyzer-souffle/tests/coreutils-8.24/chown.bc>:!2268	71
</home/chrzissis/cclyzer-souffle/tests/coreutils-8.24/chown.bc>:!2271	82
</home/chrzissis/cclyzer-souffle/tests/coreutils-8.24/chown.bc>:!2273	84
</home/chrzissis/cclyzer-souffle/tests/coreutils-8.24/chown.bc>:!2278	85
</home/chrzissis/cclyzer-souffle/tests/coreutils-8.24/chown.bc>:!2301	96
</home/chrzissis/cclyzer-souffle/tests/coreutils-8.24/chown.bc>:!2303	98
</home/chrzissis/cclyzer-souffle/tests/coreutils-8.24/chown.bc>:!2305	99
</home/chrzissis/cclyzer-souffle/tests/coreutils-8.24/chown.bc>:!2331	512
</home/chrzissis/cclyzer-souffle/tests/coreutils-8.24/chown.bc>:!2333	512
</home/chrzissis/cclyzer-souffle/tests/coreutils-8.24/chown.bc>:!2335	513
</home/chrzissis/cclyzer-souffle/tests/coreutils-8.24/chown.bc>:!2337	513
</home/chrzissis/cclyzer-souffle/tests/coreutils-8.24/chown.bc>:!2339	514
</home/chrzissis/cclyzer-souffle/tests/coreutils-8.24/chown.bc>:!2341	514
</home/chrzissis/cclyzer-souffle/tests/coreutils-8.24/chown.bc>:!2343	515
</home/chrzissis/cclyzer-souffle/tests/coreutils-8.24/chown.bc>:!2345	517
</home/chrzissis/cclyzer-souffle/tests/coreutils-8.24/chown.bc>:!2347	520
</home/chrzissis/cclyzer-souffle/tests/coreutils-8.24/chown.bc>:!2364	526
</home/chrzissis/cclyzer-souffle/tests/coreutils-8.24/chown.bc>:!2372	530
</home/chrzissis/cclyzer-souffle/tests/coreutils-8.24/chown.bc>:!2420	272
</home/chrzissis/cclyzer-souffle/tests/coreutils-8.24/chown.bc>:!2422	272
</home/chrzissis/cclyzer-souffle/tests/coreutils-8.24/chown.bc>:!2424	273
</home/chrzissis/cclyzer-souffle/tests/coreutils-8.24/chown.bc>:!2426	273
</home/chrzissis/cclyzer-souffle/tests/coreutils-8.24/chown.bc>:!2428	274
</home/chrzissis/cclyzer-souffle/tests/coreutils-8.24/chown.bc>:!2430	274
</home/chrzissis/cclyzer-souffle/tests/coreutils-8.24/chown.bc>:!2432	275
</home/chrzissis/cclyzer-souffle/tests/coreutils-8.24/chown.bc>:!2434	277
</home/chrzissis/cclyzer-souffle/tests/coreutils-8.24/chown.bc>:!2438	278
</home/chrzissis/cclyzer-souffle/tests/coreutils-8.24/chown.bc>:!2442	279
</home/chrzissis/cclyzer-souffle/tests/coreutils-8.24/chown.bc>:!2444	280
</home/chrzissis/cclyzer-souffle/tests/coreutils-8.24/chown.bc>:!2446	281
</home/chrzissis/cclyzer-souffle/tests/coreutils-8.24/chown.bc>:!2448	282
</home/chrzissis/cclyzer-souffle/tests/coreutils-8.24/chown.bc>:!2450	283
</home/chrzissis/cclyzer-souffle/tests/coreutils-8.24/chown.bc>:!2484	298
</home/chrzissis/cclyzer-souffle/tests/coreutils-8.24/chown.bc>:!2705	430
</home/chrzissis/cclyzer-souffle/tests/coreutils-8.24/chown.bc>:!2760	474
</home/chrzissis/cclyzer-souffle/tests/coreutils-8.24/chown.bc>:!2795	481
</home/chrzissis/cclyzer-souffle/tests/coreutils-8.24/chown.bc>:!2807	486
</home/chrzissis/cclyzer-souffle/tests/coreutils-8.24/chown.bc>:!2818	487
</home/chrzissis/cclyzer-souffle/tests/coreutils-8.24/chown.bc>:!2851	213
</home/chrzissis/cclyzer-souffle/tests/coreutils-8.24/chown.bc>:!2853	213
</home/chrzissis/cclyzer-souffle/tests/coreutils-8.24/chown.bc>:!2855	214
</home/chrzissis/cclyzer-souffle/tests/coreutils-8.24/chown.bc>:!2857	215
</home/chrzissis/cclyzer-souffle/tests/coreutils-8.24/chown.bc>:!2859	215
</home/chrzissis/cclyzer-souffle/tests/coreutils-8.24/chown.bc>:!2861	216
</home/chrzissis/cclyzer-souffle/tests/coreutils-8.24/chown.bc>:!2863	216
</home/chrzissis/cclyzer-souffle/tests/coreutils-8.24/chown.bc>:!2865	218
</home/chrzissis/cclyzer-souffle/tests/coreutils-8.24/chown.bc>:!2867	219
</home/chrzissis/cclyzer-souffle/tests/coreutils-8.24/chown.bc>:!2869	220
</home/chrzissis/cclyzer-souffle/tests/coreutils-8.24/chown.bc>:!2871	221
</home/chrzissis/cclyzer-souffle/tests/coreutils-8.24/chown.bc>:!2970	259
</home/chrzissis/cclyzer-souffle/tests/coreutils-8.24/chown.bc>:!2981	137
</home/chrzissis/cclyzer-souffle/tests/coreutils-8.24/chown.bc>:!2983	137
</home/chrzissis/cclyzer-souffle/tests/coreutils-8.24/chown.bc>:!2985	138
</home/chrzissis/cclyzer-souffle/tests/coreutils-8.24/chown.bc>:!2987	138
</home/chrzissis/cclyzer-souffle/tests/coreutils-8.24/chown.bc>:!2989	139
</home/chrzissis/cclyzer-souffle/tests/coreutils-8.24/chown.bc>:!2991	139
</home/chrzissis/cclyzer-souffle/tests/coreutils-8.24/chown.bc>:!2993	141
</home/chrzissis/cclyzer-souffle/tests/coreutils-8.24/chown.bc>:!2995	142
</home/chrzissis/cclyzer-souffle/tests/coreutils-8.24/chown.bc>:!2997	143
</home/chrzissis/cclyzer-souffle/tests/coreutils-8.24/chown.bc>:!3093	108
</home/chrzissis/cclyzer-souffle/tests/coreutils-8.24/chown.bc>:!3095	108
</home/chrzissis/cclyzer-souffle/tests/coreutils-8.24/chown.bc>:!3097	110
</home/chrzissis/cclyzer-souffle/tests/coreutils-8.24/chown.bc>:!3138	41
</home/chrzissis/cclyzer-souffle/tests/coreutils-8.24/chown.bc>:!3143	78
</home/chrzissis/cclyzer-souffle/tests/coreutils-8.24/chown.bc>:!3160	112
</home/chrzissis/cclyzer-souffle/tests/coreutils-8.24/chown.bc>:!3185	62
</home/chrzissis/cclyzer-souffle/tests/coreutils-8.24/chown.bc>:!3187	62
</home/chrzissis/cclyzer-souffle/tests/coreutils-8.24/chown.bc>:!3189	62
</home/chrzissis/cclyzer-souffle/tests/coreutils-8.24/chown.bc>:!3191	62
</home/chrzissis/cclyzer-souffle/tests/coreutils-8.24/chown.bc>:!3199	68
</home/chrzissis/cclyzer-souffle/tests/coreutils-8.24/chown.bc>:!3201	68
</home/chrzissis/cclyzer-souffle/tests/coreutils-8.24/chown.bc>:!3203	68
</home/chrzissis/cclyzer-souffle/tests/coreutils-8.24/chown.bc>:!3205	68
</home/chrzissis/cclyzer-souffle/tests/coreutils-8.24/chown.bc>:!3213	36
</home/chrzissis/cclyzer-souffle/tests/coreutils-8.24/chown.bc>:!3813	947
</home/chrzissis/cclyzer-souffle/tests/coreutils-8.24/chown.bc>:!3820	953
</home/chrzissis/cclyzer-souffle/tests/coreutils-8.24/chown.bc>:!3822	953
</home/chrzissis/cclyzer-souffle/tests/coreutils-8.24/chown.bc>:!3828	959
</home/chrzissis/cclyzer-souffle/tests/coreutils-8.24/chown.bc>:!3830	959
</home/chrzissis/cclyzer-souffle/tests/coreutils-8.24/chown.bc>:!3836	965
</home/chrzissis/cclyzer-souffle/tests/coreutils-8.24/chown.bc>:!3841	242
</home/chrzissis/cclyzer-souffle/tests/coreutils-8.24/chown.bc>:!3843	242
</home/chrzissis/cclyzer-souffle/tests/coreutils-8.24/chown.bc>:!3845	243
</home/chrzissis/cclyzer-souffle/tests/coreutils-8.24/chown.bc>:!3847	243
</home/chrzissis/cclyzer-souffle/tests/coreutils-8.24/chown.bc>:!3849	244
</home/chrzissis/cclyzer-souffle/tests/coreutils-8.24/chown.bc>:!3851	244
</home/chrzissis/cclyzer-souffle/tests/coreutils-8.24/chown.bc>:!3853	245
</home/chrzissis/cclyzer-souffle/tests/coreutils-8.24/chown.bc>:!3855	246
</home/chrzissis/cclyzer-souffle/tests/coreutils-8.24/chown.bc>:!3857	247
</home/chrzissis/cclyzer-souffle/tests/coreutils-8.24/chown.bc>:!3859	249
</home/chrzissis/cclyzer-souffle/tests/coreutils-8.24/chown.bc>:!3861	250
</home/chrzissis/cclyzer-souffle/tests/coreutils-8.24/chown.bc>:!3863	251
</home/chrzissis/cclyzer-souffle/tests/coreutils-8.24/chown.bc>:!3865	252
</home/chrzissis/cclyzer-souffle/tests/coreutils-8.24/chown.bc>:!3867	253
</home/chrzissis/cclyzer-souffle/tests/coreutils-8.24/chown.bc>:!3869	254
</home/chrzissis/cclyzer-souffle/tests/coreutils-8.24/chown.bc>:!3215	36
</home/chrzissis/cclyzer-souffle/tests/coreutils-8.24/chown.bc>:!3217	38
</home/chrzissis/cclyzer-souffle/tests/coreutils-8.24/chown.bc>:!3256	39
</home/chrzissis/cclyzer-souffle/tests/coreutils-8.24/chown.bc>:!3258	46
</home/chrzissis/cclyzer-souffle/tests/coreutils-8.24/chown.bc>:!3260	47
</home/chrzissis/cclyzer-souffle/tests/coreutils-8.24/chown.bc>:!3316	108
</home/chrzissis/cclyzer-souffle/tests/coreutils-8.24/chown.bc>:!3318	110
</home/chrzissis/cclyzer-souffle/tests/coreutils-8.24/chown.bc>:!3321	111
</home/chrzissis/cclyzer-souffle/tests/coreutils-8.24/chown.bc>:!3337	119
</home/chrzissis/cclyzer-souffle/tests/coreutils-8.24/chown.bc>:!4005	346
</home/chrzissis/cclyzer-souffle/tests/coreutils-8.24/chown.bc>:!4007	347
</home/chrzissis/cclyzer-souffle/tests/coreutils-8.24/chown.bc>:!6150	427
</home/chrzissis/cclyzer-souffle/tests/coreutils-8.24/chown.bc>:!6166	462
</home/chrzissis/cclyzer-souffle/tests/coreutils-8.24/chown.bc>:!6218	490
</home/chrzissis/cclyzer-souffle/tests/coreutils-8.24/chown.bc>:!6228	496
</home/chrzissis/cclyzer-souffle/tests/coreutils-8.24/chown.bc>:!6402	595
</home/chrzissis/cclyzer-souffle/tests/coreutils-8.24/chown.bc>:!4332	526
</home/chrzissis/cclyzer-souffle/tests/coreutils-8.24/chown.bc>:!4335	528
</home/chrzissis/cclyzer-souffle/tests/coreutils-8.24/chown.bc>:!4346	537
</home/chrzissis/cclyzer-souffle/tests/coreutils-8.24/chown.bc>:!4371	547
</home/chrzissis/cclyzer-souffle/tests/coreutils-8.24/chown.bc>:!4374	548
</home/chrzissis/cclyzer-souffle/tests/coreutils-8.24/chown.bc>:!4430	573
</home/chrzissis/cclyzer-souffle/tests/coreutils-8.24/chown.bc>:!7605	1850
</home/chrzissis/cclyzer-souffle/tests/coreutils-8.24/chown.bc>:!7607	1850
</home/chrzissis/cclyzer-souffle/tests/coreutils-8.24/chown.bc>:!7609	1850
</home/chrzissis/cclyzer-souffle/tests/coreutils-8.24/chown.bc>:!7611	1852
</home/chrzissis/cclyzer-souffle/tests/coreutils-8.24/chown.bc>:!7614	1852
</home/chrzissis/cclyzer-souffle/tests/coreutils-8.24/chown.bc>:!7616	1861
</home/chrzissis/cclyzer-souffle/tests/coreutils-8.24/chown.bc>:!7618	1862
</home/chrzissis/cclyzer-souffle/tests/coreutils-8.24/chown.bc>:!7636	1876
</home/chrzissis/cclyzer-souffle/tests/coreutils-8.24/chown.bc>:!7726	50
</home/chrzissis/cclyzer-souffle/tests/coreutils-8.24/chown.bc>:!4694	766
</home/chrzissis/cclyzer-souffle/tests/coreutils-8.24/chown.bc>:!4696	766
</home/chrzissis/cclyzer-souffle/tests/coreutils-8.24/chown.bc>:!4698	766
</home/chrzissis/cclyzer-souffle/tests/coreutils-8.24/chown.bc>:!4700	767
</home/chrzissis/cclyzer-souffle/tests/coreutils-8.24/chown.bc>:!4702	769
</home/chrzissis/cclyzer-souffle/tests/coreutils-8.24/chown.bc>:!4705	771
</home/chrzissis/cclyzer-souffle/tests/coreutils-8.24/chown.bc>:!4708	772
</home/chrzissis/cclyzer-souffle/tests/coreutils-8.24/chown.bc>:!4721	784
</home/chrzissis/cclyzer-souffle/tests/coreutils-8.24/chown.bc>:!4726	785
</home/chrzissis/cclyzer-souffle/tests/coreutils-8.24/chown.bc>:!4764	798
</home/chrzissis/cclyzer-souffle/tests/coreutils-8.24/chown.bc>:!4770	799
</home/chrzissis/cclyzer-souffle/tests/coreutils-8.24/chown.bc>:!4775	801
</home/chrzissis/cclyzer-souffle/tests/coreutils-8.24/chown.bc>:!4780	802
</home/chrzissis/cclyzer-souffle/tests/coreutils-8.24/chown.bc>:!4842	179
</home/chrzissis/cclyzer-souffle/tests/coreutils-8.24/chown.bc>:!4844	181
</home/chrzissis/cclyzer-souffle/tests/coreutils-8.24/chown.bc>:!4856	193
</home/chrzissis/cclyzer-souffle/tests/coreutils-8.24/chown.bc>:!4858	193
</home/chrzissis/cclyzer-souffle/tests/coreutils-8.24/chown.bc>:!4860	195
</home/chrzissis/cclyzer-souffle/tests/coreutils-8.24/chown.bc>:!4863	196
</home/chrzissis/cclyzer-souffle/tests/coreutils-8.24/chown.bc>:!4890	29
</home/chrzissis/cclyzer-souffle/tests/coreutils-8.24/chown.bc>:!4930	259
</home/chrzissis/cclyzer-souffle/tests/coreutils-8.24/chown.bc>:!4932	259
</home/chrzissis/cclyzer-souffle/tests/coreutils-8.24/chown.bc>:!4934	259
</home/chrzissis/cclyzer-souffle/tests/coreutils-8.24/chown.bc>:!4936	260
</home/chrzissis/cclyzer-souffle/tests/coreutils-8.24/chown.bc>:!4938	260
</home/chrzissis/cclyzer-souffle/tests/coreutils-8.24/chown.bc>:!4940	262
</home/chrzissis/cclyzer-souffle/tests/coreutils-8.24/chown.bc>:!4951	263
</home/chrzissis/cclyzer-souffle/tests/coreutils-8.24/chown.bc>:!4969	274
</home/chrzissis/cclyzer-souffle/tests/coreutils-8.24/chown.bc>:!4892	31
</home/chrzissis/cclyzer-souffle/tests/coreutils-8.24/chown.bc>:!4991	102
</home/chrzissis/cclyzer-souffle/tests/coreutils-8.24/chown.bc>:!4993	102
</home/chrzissis/cclyzer-souffle/tests/coreutils-8.24/chown.bc>:!4995	103
</home/chrzissis/cclyzer-souffle/tests/coreutils-8.24/chown.bc>:!4997	103
</home/chrzissis/cclyzer-souffle/tests/coreutils-8.24/chown.bc>:!4999	104
</home/chrzissis/cclyzer-souffle/tests/coreutils-8.24/chown.bc>:!5001	104
</home/chrzissis/cclyzer-souffle/tests/coreutils-8.24/chown.bc>:!5003	110
</home/chrzissis/cclyzer-souffle/tests/coreutils-8.24/chown.bc>:!5005	111
</home/chrzissis/cclyzer-souffle/tests/coreutils-8.24/chown.bc>:!5017	112
</home/chrzissis/cclyzer-souffle/tests/coreutils-8.24/chown.bc>:!5026	113
</home/chrzissis/cclyzer-souffle/tests/coreutils-8.24/chown.bc>:!5028	114
</home/chrzissis/cclyzer-souffle/tests/coreutils-8.24/chown.bc>:!5030	115
</home/chrzissis/cclyzer-souffle/tests/coreutils-8.24/chown.bc>:!5032	116
</home/chrzissis/cclyzer-souffle/tests/coreutils-8.24/chown.bc>:!5036	117
</home/chrzissis/cclyzer-souffle/tests/coreutils-8.24/chown.bc>:!5075	137
</home/chrzissis/cclyzer-souffle/tests/coreutils-8.24/chown.bc>:!5129	164
</home/chrzissis/cclyzer-souffle/tests/coreutils-8.24/chown.bc>:!5147	173
</home/chrzissis/cclyzer-souffle/tests/coreutils-8.24/chown.bc>:!5182	188
</home/chrzissis/cclyzer-souffle/tests/coreutils-8.24/chown.bc>:!5231	205
</home/chrzissis/cclyzer-souffle/tests/coreutils-8.24/chown.bc>:!5304	62
</home/chrzissis/cclyzer-souffle/tests/coreutils-8.24/chown.bc>:!5306	63
</home/chrzissis/cclyzer-souffle/tests/coreutils-8.24/chown.bc>:!5308	63
</home/chrzissis/cclyzer-souffle/tests/coreutils-8.24/chown.bc>:!5310	64
</home/chrzissis/cclyzer-souffle/tests/coreutils-8.24/chown.bc>:!5312	65
</home/chrzissis/cclyzer-souffle/tests/coreutils-8.24/chown.bc>:!5314	65
</home/chrzissis/cclyzer-souffle/tests/coreutils-8.24/chown.bc>:!5431	180
</home/chrzissis/cclyzer-souffle/tests/coreutils-8.24/chown.bc>:!5433	181
</home/chrzissis/cclyzer-souffle/tests/coreutils-8.24/chown.bc>:!5435	181
</home/chrzissis/cclyzer-souffle/tests/coreutils-8.24/chown.bc>:!5437	182
</home/chrzissis/cclyzer-souffle/tests/coreutils-8.24/chown.bc>:!5439	182
</home/chrzissis/cclyzer-souffle/tests/coreutils-8.24/chown.bc>:!5441	184
</home/chrzissis/cclyzer-souffle/tests/coreutils-8.24/chown.bc>:!5465	196
</home/chrzissis/cclyzer-souffle/tests/coreutils-8.24/chown.bc>:!5467	197
</home/chrzissis/cclyzer-souffle/tests/coreutils-8.24/chown.bc>:!5469	197
</home/chrzissis/cclyzer-souffle/tests/coreutils-8.24/chown.bc>:!5471	198
</home/chrzissis/cclyzer-souffle/tests/coreutils-8.24/chown.bc>:!5473	198
</home/chrzissis/cclyzer-souffle/tests/coreutils-8.24/chown.bc>:!5475	200
</home/chrzissis/cclyzer-souffle/tests/coreutils-8.24/chown.bc>:!5477	201
</home/chrzissis/cclyzer-souffle/tests/coreutils-8.24/chown.bc>:!5516	227
</home/chrzissis/cclyzer-souffle/tests/coreutils-8.24/chown.bc>:!5518	228
</home/chrzissis/cclyzer-souffle/tests/coreutils-8.24/chown.bc>:!5520	228
</home/chrzissis/cclyzer-souffle/tests/coreutils-8.24/chown.bc>:!5522	229
</home/chrzissis/cclyzer-souffle/tests/coreutils-8.24/chown.bc>:!5524	231
</home/chrzissis/cclyzer-souffle/tests/coreutils-8.24/chown.bc>:!5546	104
</home/chrzissis/cclyzer-souffle/tests/coreutils-8.24/chown.bc>:!5548	104
</home/chrzissis/cclyzer-souffle/tests/coreutils-8.24/chown.bc>:!5559	39
</home/chrzissis/cclyzer-souffle/tests/coreutils-8.24/chown.bc>:!5561	41
</home/chrzissis/cclyzer-souffle/tests/coreutils-8.24/chown.bc>:!5575	117
</home/chrzissis/cclyzer-souffle/tests/coreutils-8.24/chown.bc>:!5577	117
</home/chrzissis/cclyzer-souffle/tests/coreutils-8.24/chown.bc>:!5579	117
</home/chrzissis/cclyzer-souffle/tests/coreutils-8.24/chown.bc>:!5591	51
</home/chrzissis/cclyzer-souffle/tests/coreutils-8.24/chown.bc>:!5593	51
</home/chrzissis/cclyzer-souffle/tests/coreutils-8.24/chown.bc>:!5619	179
</home/chrzissis/cclyzer-souffle/tests/coreutils-8.24/chown.bc>:!5621	179
</home/chrzissis/cclyzer-souffle/tests/coreutils-8.24/chown.bc>:!5623	179
</home/chrzissis/cclyzer-souffle/tests/coreutils-8.24/chown.bc>:!5625	181
</home/chrzissis/cclyzer-souffle/tests/coreutils-8.24/chown.bc>:!5666	218
</home/chrzissis/cclyzer-souffle/tests/coreutils-8.24/chown.bc>:!5670	74
</home/chrzissis/cclyzer-souffle/tests/coreutils-8.24/chown.bc>:!5672	74
</home/chrzissis/cclyzer-souffle/tests/coreutils-8.24/chown.bc>:!5678	84
</home/chrzissis/cclyzer-souffle/tests/coreutils-8.24/chown.bc>:!5685	93
</home/chrzissis/cclyzer-souffle/tests/coreutils-8.24/chown.bc>:!5687	93
</home/chrzissis/cclyzer-souffle/tests/coreutils-8.24/chown.bc>:!5689	95
</home/chrzissis/cclyzer-souffle/tests/coreutils-8.24/chown.bc>:!5700	111
</home/chrzissis/cclyzer-souffle/tests/coreutils-8.24/chown.bc>:!5702	111
</home/chrzissis/cclyzer-souffle/tests/coreutils-8.24/chown.bc>:!5710	119
</home/chrzissis/cclyzer-souffle/tests/coreutils-8.24/chown.bc>:!5723	33
</home/chrzissis/cclyzer-souffle/tests/coreutils-8.24/chown.bc>:!5725	33
</home/chrzissis/cclyzer-souffle/tests/coreutils-8.24/chown.bc>:!5727	34
</home/chrzissis/cclyzer-souffle/tests/coreutils-8.24/chown.bc>:!5729	36
</home/chrzissis/cclyzer-souffle/tests/coreutils-8.24/chown.bc>:!5749	56
</home/chrzissis/cclyzer-souffle/tests/coreutils-8.24/chown.bc>:!5751	56
</home/chrzissis/cclyzer-souffle/tests/coreutils-8.24/chown.bc>:!5769	88
</home/chrzissis/cclyzer-souffle/tests/coreutils-8.24/chown.bc>:!5771	88
</home/chrzissis/cclyzer-souffle/tests/coreutils-8.24/chown.bc>:!5773	88
</home/chrzissis/cclyzer-souffle/tests/coreutils-8.24/chown.bc>:!5775	89
</home/chrzissis/cclyzer-souffle/tests/coreutils-8.24/chown.bc>:!5777	89
</home/chrzissis/cclyzer-souffle/tests/coreutils-8.24/chown.bc>:!5779	91
</home/chrzissis/cclyzer-souffle/tests/coreutils-8.24/chown.bc>:!5781	92
</home/chrzissis/cclyzer-souffle/tests/coreutils-8.24/chown.bc>:!5783	93
</home/chrzissis/cclyzer-souffle/tests/coreutils-8.24/chown.bc>:!5785	94
</home/chrzissis/cclyzer-souffle/tests/coreutils-8.24/chown.bc>:!5802	104
</home/chrzissis/cclyzer-souffle/tests/coreutils-8.24/chown.bc>:!5807	105
</home/chrzissis/cclyzer-souffle/tests/coreutils-8.24/chown.bc>:!5881	141
</home/chrzissis/cclyzer-souffle/tests/coreutils-8.24/chown.bc>:!5884	142
</home/chrzissis/cclyzer-souffle/tests/coreutils-8.24/chown.bc>:!5886	143
</home/chrzissis/cclyzer-souffle/tests/coreutils-8.24/chown.bc>:!5994	60
</home/chrzissis/cclyzer-souffle/tests/coreutils-8.24/chown.bc>:!5996	60
</home/chrzissis/cclyzer-souffle/tests/coreutils-8.24/chown.bc>:!6014	77
</home/chrzissis/cclyzer-souffle/tests/coreutils-8.24/chown.bc>:!6016	77
</home/chrzissis/cclyzer-souffle/tests/coreutils-8.24/chown.bc>:!6018	77
</home/chrzissis/cclyzer-souffle/tests/coreutils-8.24/chown.bc>:!6020	79
</home/chrzissis/cclyzer-souffle/tests/coreutils-8.24/chown.bc>:!6032	42
</home/chrzissis/cclyzer-souffle/tests/coreutils-8.24/chown.bc>:!6034	42
</home/chrzissis/cclyzer-souffle/tests/coreutils-8.24/chown.bc>:!6036	44
</home/chrzissis/cclyzer-souffle/tests/coreutils-8.24/chown.bc>:!6050	56
</home/chrzissis/cclyzer-souffle/tests/coreutils-8.24/chown.bc>:!6074	381
</home/chrzissis/cclyzer-souffle/tests/coreutils-8.24/chown.bc>:!6076	382
</home/chrzissis/cclyzer-souffle/tests/coreutils-8.24/chown.bc>:!6078	383
</home/chrzissis/cclyzer-souffle/tests/coreutils-8.24/chown.bc>:!6080	385
</home/chrzissis/cclyzer-souffle/tests/coreutils-8.24/chown.bc>:!6082	386
</home/chrzissis/cclyzer-souffle/tests/coreutils-8.24/chown.bc>:!6084	386
</home/chrzissis/cclyzer-souffle/tests/coreutils-8.24/chown.bc>:!6086	387
</home/chrzissis/cclyzer-souffle/tests/coreutils-8.24/chown.bc>:!6088	388
</home/chrzissis/cclyzer-souffle/tests/coreutils-8.24/chown.bc>:!6090	389
</home/chrzissis/cclyzer-souffle/tests/coreutils-8.24/chown.bc>:!6092	390
</home/chrzissis/cclyzer-souffle/tests/coreutils-8.24/chown.bc>:!9965	307
</home/chrzissis/cclyzer-souffle/tests/coreutils-8.24/chown.bc>:!9967	307
</home/chrzissis/cclyzer-souffle/tests/coreutils-8.24/chown.bc>:!9969	309
</home/chrzissis/cclyzer-souffle/tests/coreutils-8.24/chown.bc>:!9974	310
</home/chrzissis/cclyzer-souffle/tests/coreutils-8.24/chown.bc>:!10017	336
</home/chrzissis/cclyzer-souffle/tests/coreutils-8.24/chown.bc>:!10019	336
</home/chrzissis/cclyzer-souffle/tests/coreutils-8.24/chown.bc>:!10021	337
</home/chrzissis/cclyzer-souffle/tests/coreutils-8.24/chown.bc>:!10023	339
</home/chrzissis/cclyzer-souffle/tests/coreutils-8.24/chown.bc>:!10025	340
</home/chrzissis/cclyzer-souffle/tests/coreutils-8.24/chown.bc>:!10027	341
</home/chrzissis/cclyzer-souffle/tests/coreutils-8.24/chown.bc>:!10082	368
</home/chrzissis/cclyzer-souffle/tests/coreutils-8.24/chown.bc>:!10084	368
</home/chrzissis/cclyzer-souffle/tests/coreutils-8.24/chown.bc>:!10086	369
</home/chrzissis/cclyzer-souffle/tests/coreutils-8.24/chown.bc>:!10088	371
</home/chrzissis/cclyzer-souffle/tests/coreutils-8.24/chown.bc>:!10090	372
</home/chrzissis/cclyzer-souffle/tests/coreutils-8.24/chown.bc>:!10092	373
</home/chrzissis/cclyzer-souffle/tests/coreutils-8.24/chown.bc>:!10144	428
</home/chrzissis/cclyzer-souffle/tests/coreutils-8.24/chown.bc>:!10146	428
</home/chrzissis/cclyzer-souffle/tests/coreutils-8.24/chown.bc>:!10148	430
</home/chrzissis/cclyzer-souffle/tests/coreutils-8.24/chown.bc>:!10150	431
</home/chrzissis/cclyzer-souffle/tests/coreutils-8.24/chown.bc>:!10173	479
</home/chrzissis/cclyzer-souffle/tests/coreutils-8.24/chown.bc>:!10178	594
</home/chrzissis/cclyzer-souffle/tests/coreutils-8.24/chown.bc>:!10180	594
</home/chrzissis/cclyzer-souffle/tests/coreutils-8.24/chown.bc>:!10182	595
</home/chrzissis/cclyzer-souffle/tests/coreutils-8.24/chown.bc>:!10184	595
</home/chrzissis/cclyzer-souffle/tests/coreutils-8.24/chown.bc>:!10186	596
</home/chrzissis/cclyzer-souffle/tests/coreutils-8.24/chown.bc>:!10188	598
</home/chrzissis/cclyzer-souffle/tests/coreutils-8.24/chown.bc>:!6404	597
</home/chrzissis/cclyzer-souffle/tests/coreutils-8.24/chown.bc>:!6406	597
</home/chrzissis/cclyzer-souffle/tests/coreutils-8.24/chown.bc>:!6408	598
</home/chrzissis/cclyzer-souffle/tests/coreutils-8.24/chown.bc>:!6530	833
</home/chrzissis/cclyzer-souffle/tests/coreutils-8.24/chown.bc>:!6532	835
</home/chrzissis/cclyzer-souffle/tests/coreutils-8.24/chown.bc>:!6534	835
</home/chrzissis/cclyzer-souffle/tests/coreutils-8.24/chown.bc>:!6536	836
</home/chrzissis/cclyzer-souffle/tests/coreutils-8.24/chown.bc>:!6538	837
</home/chrzissis/cclyzer-souffle/tests/coreutils-8.24/chown.bc>:!6942	1008
</home/chrzissis/cclyzer-souffle/tests/coreutils-8.24/chown.bc>:!7160	1112
</home/chrzissis/cclyzer-souffle/tests/coreutils-8.24/chown.bc>:!7162	1112
</home/chrzissis/cclyzer-souffle/tests/coreutils-8.24/chown.bc>:!7164	1112
</home/chrzissis/cclyzer-souffle/tests/coreutils-8.24/chown.bc>:!7193	1124
</home/chrzissis/cclyzer-souffle/tests/coreutils-8.24/chown.bc>:!7195	1124
</home/chrzissis/cclyzer-souffle/tests/coreutils-8.24/chown.bc>:!7197	1126
</home/chrzissis/cclyzer-souffle/tests/coreutils-8.24/chown.bc>:!7199	1127
</home/chrzissis/cclyzer-souffle/tests/coreutils-8.24/chown.bc>:!7300	1191
</home/chrzissis/cclyzer-souffle/tests/coreutils-8.24/chown.bc>:!7314	2015
</home/chrzissis/cclyzer-souffle/tests/coreutils-8.24/chown.bc>:!7316	2017
</home/chrzissis/cclyzer-souffle/tests/coreutils-8.24/chown.bc>:!7318	2017
</home/chrzissis/cclyzer-souffle/tests/coreutils-8.24/chown.bc>:!7499	1789
</home/chrzissis/cclyzer-souffle/tests/coreutils-8.24/chown.bc>:!7503	1790
</home/chrzissis/cclyzer-souffle/tests/coreutils-8.24/chown.bc>:!7764	366
</home/chrzissis/cclyzer-souffle/tests/coreutils-8.24/chown.bc>:!7766	366
</home/chrzissis/cclyzer-souffle/tests/coreutils-8.24/chown.bc>:!7768	368
</home/chrzissis/cclyzer-souffle/tests/coreutils-8.24/chown.bc>:!7774	372
</home/chrzissis/cclyzer-souffle/tests/coreutils-8.24/chown.bc>:!7796	1937
</home/chrzissis/cclyzer-souffle/tests/coreutils-8.24/chown.bc>:!7798	1939
</home/chrzissis/cclyzer-souffle/tests/coreutils-8.24/chown.bc>:!7819	270
</home/chrzissis/cclyzer-souffle/tests/coreutils-8.24/chown.bc>:!7827	274
</home/chrzissis/cclyzer-souffle/tests/coreutils-8.24/chown.bc>:!7839	151
</home/chrzissis/cclyzer-souffle/tests/coreutils-8.24/chown.bc>:!7862	125
</home/chrzissis/cclyzer-souffle/tests/coreutils-8.24/chown.bc>:!7864	125
</home/chrzissis/cclyzer-souffle/tests/coreutils-8.24/chown.bc>:!7866	127
</home/chrzissis/cclyzer-souffle/tests/coreutils-8.24/chown.bc>:!7877	130
</home/chrzissis/cclyzer-souffle/tests/coreutils-8.24/chown.bc>:!7885	131
</home/chrzissis/cclyzer-souffle/tests/coreutils-8.24/chown.bc>:!7908	141
</home/chrzissis/cclyzer-souffle/tests/coreutils-8.24/chown.bc>:!7945	2036
</home/chrzissis/cclyzer-souffle/tests/coreutils-8.24/chown.bc>:!7947	2036
</home/chrzissis/cclyzer-souffle/tests/coreutils-8.24/chown.bc>:!7949	2036
</home/chrzissis/cclyzer-souffle/tests/coreutils-8.24/chown.bc>:!7951	2036
</home/chrzissis/cclyzer-souffle/tests/coreutils-8.24/chown.bc>:!7953	2038
</home/chrzissis/cclyzer-souffle/tests/coreutils-8.24/chown.bc>:!7955	2039
</home/chrzissis/cclyzer-souffle/tests/coreutils-8.24/chown.bc>:!7963	2040
</home/chrzissis/cclyzer-souffle/tests/coreutils-8.24/chown.bc>:!7995	2062
</home/chrzissis/cclyzer-souffle/tests/coreutils-8.24/chown.bc>:!8037	2088
</home/chrzissis/cclyzer-souffle/tests/coreutils-8.24/chown.bc>:!8085	2113
</home/chrzissis/cclyzer-souffle/tests/coreutils-8.24/chown.bc>:!8096	1283
</home/chrzissis/cclyzer-souffle/tests/coreutils-8.24/chown.bc>:!8098	1283
</home/chrzissis/cclyzer-souffle/tests/coreutils-8.24/chown.bc>:!8100	1285
</home/chrzissis/cclyzer-souffle/tests/coreutils-8.24/chown.bc>:!8102	1285
</home/chrzissis/cclyzer-souffle/tests/coreutils-8.24/chown.bc>:!8104	1286
</home/chrzissis/cclyzer-souffle/tests/coreutils-8.24/chown.bc>:!8106	1287
</home/chrzissis/cclyzer-souffle/tests/coreutils-8.24/chown.bc>:!8108	1288
</home/chrzissis/cclyzer-souffle/tests/coreutils-8.24/chown.bc>:!8110	1289
</home/chrzissis/cclyzer-souffle/tests/coreutils-8.24/chown.bc>:!8112	1290
</home/chrzissis/cclyzer-souffle/tests/coreutils-8.24/chown.bc>:!8114	1291
</home/chrzissis/cclyzer-souffle/tests/coreutils-8.24/chown.bc>:!8116	1292
</home/chrzissis/cclyzer-souffle/tests/coreutils-8.24/chown.bc>:!8118	1293
</home/chrzissis/cclyzer-souffle/tests/coreutils-8.24/chown.bc>:!8120	1294
</home/chrzissis/cclyzer-souffle/tests/coreutils-8.24/chown.bc>:!8122	1295
</home/chrzissis/cclyzer-souffle/tests/coreutils-8.24/chown.bc>:!8124	1295
</home/chrzissis/cclyzer-souffle/tests/coreutils-8.24/chown.bc>:!8126	1295
</home/chrzissis/cclyzer-souffle/tests/coreutils-8.24/chown.bc>:!8128	1296
</home/chrzissis/cclyzer-souffle/tests/coreutils-8.24/chown.bc>:!8130	1297
</home/chrzissis/cclyzer-souffle/tests/coreutils-8.24/chown.bc>:!8132	1298
</home/chrzissis/cclyzer-souffle/tests/coreutils-8.24/chown.bc>:!8136	1299
</home/chrzissis/cclyzer-souffle/tests/coreutils-8.24/chown.bc>:!8142	1300
</home/chrzissis/cclyzer-souffle/tests/coreutils-8.24/chown.bc>:!8147	1307
</home/chrzissis/cclyzer-souffle/tests/coreutils-8.24/chown.bc>:!8397	1453
</home/chrzissis/cclyzer-souffle/tests/coreutils-8.24/chown.bc>:!8400	1454
</home/chrzissis/cclyzer-souffle/tests/coreutils-8.24/chown.bc>:!8402	1455
</home/chrzissis/cclyzer-souffle/tests/coreutils-8.24/chown.bc>:!8578	1536
</home/chrzissis/cclyzer-souffle/tests/coreutils-8.24/chown.bc>:!8790	353
</home/chrzissis/cclyzer-souffle/tests/coreutils-8.24/chown.bc>:!8792	355
</home/chrzissis/cclyzer-souffle/tests/coreutils-8.24/chown.bc>:!8825	572
</home/chrzissis/cclyzer-souffle/tests/coreutils-8.24/chown.bc>:!8827	572
</home/chrzissis/cclyzer-souffle/tests/coreutils-8.24/chown.bc>:!8829	574
</home/chrzissis/cclyzer-souffle/tests/coreutils-8.24/chown.bc>:!8831	575
</home/chrzissis/cclyzer-souffle/tests/coreutils-8.24/chown.bc>:!8885	774
</home/chrzissis/cclyzer-souffle/tests/coreutils-8.24/chown.bc>:!8887	776
</home/chrzissis/cclyzer-souffle/tests/coreutils-8.24/chown.bc>:!8891	777
</home/chrzissis/cclyzer-souffle/tests/coreutils-8.24/chown.bc>:!8897	778
</home/chrzissis/cclyzer-souffle/tests/coreutils-8.24/chown.bc>:!8903	779
</home/chrzissis/cclyzer-souffle/tests/coreutils-8.24/chown.bc>:!8906	780
</home/chrzissis/cclyzer-souffle/tests/coreutils-8.24/chown.bc>:!8908	781
</home/chrzissis/cclyzer-souffle/tests/coreutils-8.24/chown.bc>:!8991	74
</home/chrzissis/cclyzer-souffle/tests/coreutils-8.24/chown.bc>:!8993	74
</home/chrzissis/cclyzer-souffle/tests/coreutils-8.24/chown.bc>:!9000	78
</home/chrzissis/cclyzer-souffle/tests/coreutils-8.24/chown.bc>:!9005	79
</home/chrzissis/cclyzer-souffle/tests/coreutils-8.24/chown.bc>:!9009	80
</home/chrzissis/cclyzer-souffle/tests/coreutils-8.24/chown.bc>:!9077	325
</home/chrzissis/cclyzer-souffle/tests/coreutils-8.24/chown.bc>:!9079	325
</home/chrzissis/cclyzer-souffle/tests/coreutils-8.24/chown.bc>:!9081	325
</home/chrzissis/cclyzer-souffle/tests/coreutils-8.24/chown.bc>:!9083	327
</home/chrzissis/cclyzer-souffle/tests/coreutils-8.24/chown.bc>:!9103	334
</home/chrzissis/cclyzer-souffle/tests/coreutils-8.24/chown.bc>:!9133	41
</home/chrzissis/cclyzer-souffle/tests/coreutils-8.24/chown.bc>:!9135	41
</home/chrzissis/cclyzer-souffle/tests/coreutils-8.24/chown.bc>:!9137	43
</home/chrzissis/cclyzer-souffle/tests/coreutils-8.24/chown.bc>:!9147	32
</home/chrzissis/cclyzer-souffle/tests/coreutils-8.24/chown.bc>:!9149	32
</home/chrzissis/cclyzer-souffle/tests/coreutils-8.24/chown.bc>:!9151	34
</home/chrzissis/cclyzer-souffle/tests/coreutils-8.24/chown.bc>:!9154	35
</home/chrzissis/cclyzer-souffle/tests/coreutils-8.24/chown.bc>:!9170	756
</home/chrzissis/cclyzer-souffle/tests/coreutils-8.24/chown.bc>:!9172	756
</home/chrzissis/cclyzer-souffle/tests/coreutils-8.24/chown.bc>:!9174	758
</home/chrzissis/cclyzer-souffle/tests/coreutils-8.24/chown.bc>:!9184	763
</home/chrzissis/cclyzer-souffle/tests/coreutils-8.24/chown.bc>:!9186	763
</home/chrzissis/cclyzer-souffle/tests/coreutils-8.24/chown.bc>:!9188	765
</home/chrzissis/cclyzer-souffle/tests/coreutils-8.24/chown.bc>:!9191	766
</home/chrzissis/cclyzer-souffle/tests/coreutils-8.24/chown.bc>:!9200	706
</home/chrzissis/cclyzer-souffle/tests/coreutils-8.24/chown.bc>:!9202	708
</home/chrzissis/cclyzer-souffle/tests/coreutils-8.24/chown.bc>:!9242	296
</home/chrzissis/cclyzer-souffle/tests/coreutils-8.24/chown.bc>:!9244	296
</home/chrzissis/cclyzer-souffle/tests/coreutils-8.24/chown.bc>:!9246	296
</home/chrzissis/cclyzer-souffle/tests/coreutils-8.24/chown.bc>:!9248	296
</home/chrzissis/cclyzer-souffle/tests/coreutils-8.24/chown.bc>:!9250	298
</home/chrzissis/cclyzer-souffle/tests/coreutils-8.24/chown.bc>:!9257	301
</home/chrzissis/cclyzer-souffle/tests/coreutils-8.24/chown.bc>:!9276	311
</home/chrzissis/cclyzer-souffle/tests/coreutils-8.24/chown.bc>:!9288	1216
</home/chrzissis/cclyzer-souffle/tests/coreutils-8.24/chown.bc>:!9290	1216
</home/chrzissis/cclyzer-souffle/tests/coreutils-8.24/chown.bc>:!9292	1218
</home/chrzissis/cclyzer-souffle/tests/coreutils-8.24/chown.bc>:!9319	1990
</home/chrzissis/cclyzer-souffle/tests/coreutils-8.24/chown.bc>:!9321	1990
</home/chrzissis/cclyzer-souffle/tests/coreutils-8.24/chown.bc>:!9323	1992
</home/chrzissis/cclyzer-souffle/tests/coreutils-8.24/chown.bc>:!9325	1993
</home/chrzissis/cclyzer-souffle/tests/coreutils-8.24/chown.bc>:!9394	674
</home/chrzissis/cclyzer-souffle/tests/coreutils-8.24/chown.bc>:!9396	681
</home/chrzissis/cclyzer-souffle/tests/coreutils-8.24/chown.bc>:!9410	1207
</home/chrzissis/cclyzer-souffle/tests/coreutils-8.24/chown.bc>:!9412	1207
</home/chrzissis/cclyzer-souffle/tests/coreutils-8.24/chown.bc>:!9433	1836
</home/chrzissis/cclyzer-souffle/tests/coreutils-8.24/chown.bc>:!9435	1836
</home/chrzissis/cclyzer-souffle/tests/coreutils-8.24/chown.bc>:!9437	1843
</home/chrzissis/cclyzer-souffle/tests/coreutils-8.24/chown.bc>:!9441	1844
</home/chrzissis/cclyzer-souffle/tests/coreutils-8.24/chown.bc>:!9451	329
</home/chrzissis/cclyzer-souffle/tests/coreutils-8.24/chown.bc>:!9453	329
</home/chrzissis/cclyzer-souffle/tests/coreutils-8.24/chown.bc>:!9455	329
</home/chrzissis/cclyzer-souffle/tests/coreutils-8.24/chown.bc>:!9457	329
</home/chrzissis/cclyzer-souffle/tests/coreutils-8.24/chown.bc>:!9481	27
</home/chrzissis/cclyzer-souffle/tests/coreutils-8.24/chown.bc>:!9483	27
</home/chrzissis/cclyzer-souffle/tests/coreutils-8.24/chown.bc>:!9485	29
</home/chrzissis/cclyzer-souffle/tests/coreutils-8.24/chown.bc>:!9488	30
</home/chrzissis/cclyzer-souffle/tests/coreutils-8.24/chown.bc>:!9491	31
</home/chrzissis/cclyzer-souffle/tests/coreutils-8.24/chown.bc>:!9493	31
</home/chrzissis/cclyzer-souffle/tests/coreutils-8.24/chown.bc>:!9528	39
</home/chrzissis/cclyzer-souffle/tests/coreutils-8.24/chown.bc>:!9530	39
</home/chrzissis/cclyzer-souffle/tests/coreutils-8.24/chown.bc>:!9532	43
</home/chrzissis/cclyzer-souffle/tests/coreutils-8.24/chown.bc>:!9540	47
</home/chrzissis/cclyzer-souffle/tests/coreutils-8.24/chown.bc>:!9568	80
</home/chrzissis/cclyzer-souffle/tests/coreutils-8.24/chown.bc>:!9573	56
</home/chrzissis/cclyzer-souffle/tests/coreutils-8.24/chown.bc>:!9575	58
</home/chrzissis/cclyzer-souffle/tests/coreutils-8.24/chown.bc>:!9581	59
</home/chrzissis/cclyzer-souffle/tests/coreutils-8.24/chown.bc>:!9585	60
</home/chrzissis/cclyzer-souffle/tests/coreutils-8.24/chown.bc>:!9612	43
</home/chrzissis/cclyzer-souffle/tests/coreutils-8.24/chown.bc>:!9621	58
</home/chrzissis/cclyzer-souffle/tests/coreutils-8.24/chown.bc>:!9623	58
</home/chrzissis/cclyzer-souffle/tests/coreutils-8.24/chown.bc>:!9668	37
</home/chrzissis/cclyzer-souffle/tests/coreutils-8.24/chown.bc>:!9676	29
</home/chrzissis/cclyzer-souffle/tests/coreutils-8.24/chown.bc>:!9678	29
</home/chrzissis/cclyzer-souffle/tests/coreutils-8.24/chown.bc>:!9680	31
</home/chrzissis/cclyzer-souffle/tests/coreutils-8.24/chown.bc>:!9686	35
</home/chrzissis/cclyzer-souffle/tests/coreutils-8.24/chown.bc>:!9717	150
</home/chrzissis/cclyzer-souffle/tests/coreutils-8.24/chown.bc>:!9722	158
</home/chrzissis/cclyzer-souffle/tests/coreutils-8.24/chown.bc>:!9727	166
</home/chrzissis/cclyzer-souffle/tests/coreutils-8.24/chown.bc>:!9732	174
</home/chrzissis/cclyzer-souffle/tests/coreutils-8.24/chown.bc>:!9734	176
</home/chrzissis/cclyzer-souffle/tests/coreutils-8.24/chown.bc>:!9736	177
</home/chrzissis/cclyzer-souffle/tests/coreutils-8.24/chown.bc>:!9756	183
</home/chrzissis/cclyzer-souffle/tests/coreutils-8.24/chown.bc>:!9760	184
</home/chrzissis/cclyzer-souffle/tests/coreutils-8.24/chown.bc>:!9784	201
</home/chrzissis/cclyzer-souffle/tests/coreutils-8.24/chown.bc>:!9786	203
</home/chrzissis/cclyzer-souffle/tests/coreutils-8.24/chown.bc>:!9788	204
</home/chrzissis/cclyzer-souffle/tests/coreutils-8.24/chown.bc>:!9790	205
</home/chrzissis/cclyzer-souffle/tests/coreutils-8.24/chown.bc>:!9810	211
</home/chrzissis/cclyzer-souffle/tests/coreutils-8.24/chown.bc>:!9843	230
</home/chrzissis/cclyzer-souffle/tests/coreutils-8.24/chown.bc>:!9845	230
</home/chrzissis/cclyzer-souffle/tests/coreutils-8.24/chown.bc>:!9847	232
</home/chrzissis/cclyzer-souffle/tests/coreutils-8.24/chown.bc>:!9851	233
</home/chrzissis/cclyzer-souffle/tests/coreutils-8.24/chown.bc>:!9855	234
</home/chrzissis/cclyzer-souffle/tests/coreutils-8.24/chown.bc>:!9859	235
</home/chrzissis/cclyzer-souffle/tests/coreutils-8.24/chown.bc>:!9880	261
</home/chrzissis/cclyzer-souffle/tests/coreutils-8.24/chown.bc>:!9882	261
</home/chrzissis/cclyzer-souffle/tests/coreutils-8.24/chown.bc>:!9884	263
</home/chrzissis/cclyzer-souffle/tests/coreutils-8.24/chown.bc>:!9889	264
</home/chrzissis/cclyzer-souffle/tests/coreutils-8.24/chown.bc>:!9931	288
</home/chrzissis/cclyzer-souffle/tests/coreutils-8.24/chown.bc>:!9933	290
</home/chrzissis/cclyzer-souffle/tests/coreutils-8.24/chown.bc>:!10282	653
</home/chrzissis/cclyzer-souffle/tests/coreutils-8.24/chown.bc>:!10284	655
</home/chrzissis/cclyzer-souffle/tests/coreutils-8.24/chown.bc>:!10304	661
</home/chrzissis/cclyzer-souffle/tests/coreutils-8.24/chown.bc>:!10307	662
</home/chrzissis/cclyzer-souffle/tests/coreutils-8.24/chown.bc>:!10372	696
</home/chrzissis/cclyzer-souffle/tests/coreutils-8.24/chown.bc>:!10374	698
</home/chrzissis/cclyzer-souffle/tests/coreutils-8.24/chown.bc>:!10376	699
</home/chrzissis/cclyzer-souffle/tests/coreutils-8.24/chown.bc>:!10378	700
</home/chrzissis/cclyzer-souffle/tests/coreutils-8.24/chown.bc>:!10494	943
</home/chrzissis/cclyzer-souffle/tests/coreutils-8.24/chown.bc>:!10496	943
</home/chrzissis/cclyzer-souffle/tests/coreutils-8.24/chown.bc>:!10498	945
</home/chrzissis/cclyzer-souffle/tests/coreutils-8.24/chown.bc>:!10500	946
</home/chrzissis/cclyzer-souffle/tests/coreutils-8.24/chown.bc>:!10502	947
</home/chrzissis/cclyzer-souffle/tests/coreutils-8.24/chown.bc>:!10629	1038
</home/chrzissis/cclyzer-souffle/tests/coreutils-8.24/chown.bc>:!10631	1038
</home/chrzissis/cclyzer-souffle/tests/coreutils-8.24/chown.bc>:!10633	1039
</home/chrzissis/cclyzer-souffle/tests/coreutils-8.24/chown.bc>:!10635	1041
</home/chrzissis/cclyzer-souffle/tests/coreutils-8.24/chown.bc>:!10637	1042
</home/chrzissis/cclyzer-souffle/tests/coreutils-8.24/chown.bc>:!10684	1072
</home/chrzissis/cclyzer-souffle/tests/coreutils-8.24/chown.bc>:!10689	1073
</home/chrzissis/cclyzer-souffle/tests/coreutils-8.24/chown.bc>:!10730	1096
</home/chrzissis/cclyzer-souffle/tests/coreutils-8.24/chown.bc>:!10769	1126
</home/chrzissis/cclyzer-souffle/tests/coreutils-8.24/chown.bc>:!10771	1126
</home/chrzissis/cclyzer-souffle/tests/coreutils-8.24/chown.bc>:!10773	1128
</home/chrzissis/cclyzer-souffle/tests/coreutils-8.24/chown.bc>:!10775	1129
</home/chrzissis/cclyzer-souffle/tests/coreutils-8.24/chown.bc>:!10791	1140
</home/chrzissis/cclyzer-souffle/tests/coreutils-8.24/chown.bc>:!10793	1140
</home/chrzissis/cclyzer-souffle/tests/coreutils-8.24/chown.bc>:!10795	1142
</home/chrzissis/cclyzer-souffle/tests/coreutils-8.24/chown.bc>:!10797	1143
</home/chrzissis/cclyzer-souffle/tests/coreutils-8.24/chown.bc>:!10843	1166
</home/chrzissis/cclyzer-souffle/tests/coreutils-8.24/chown.bc>:!10848	1167
</home/chrzissis/cclyzer-souffle/tests/coreutils-8.24/chown.bc>:!10873	1181
</home/chrzissis/cclyzer-souffle/tests/coreutils-8.24/chown.bc>:!10878	1182
</home/chrzissis/cclyzer-souffle/tests/coreutils-8.24/chown.bc>:!10902	249
</home/chrzissis/cclyzer-souffle/tests/coreutils-8.24/chown.bc>:!10904	249
</home/chrzissis/cclyzer-souffle/tests/coreutils-8.24/chown.bc>:!10906	251
</home/chrzissis/cclyzer-souffle/tests/coreutils-8.24/chown.bc>:!10925	486
</home/chrzissis/cclyzer-souffle/tests/coreutils-8.24/chown.bc>:!10927	486
</home/chrzissis/cclyzer-souffle/tests/coreutils-8.24/chown.bc>:!10929	493
</home/chrzissis/cclyzer-souffle/tests/coreutils-8.24/chown.bc>:!10938	499
</home/chrzissis/cclyzer-souffle/tests/coreutils-8.24/chown.bc>:!10940	499
</home/chrzissis/cclyzer-souffle/tests/coreutils-8.24/chown.bc>:!10946	512
</home/chrzissis/cclyzer-souffle/tests/coreutils-8.24/chown.bc>:!10948	514
</home/chrzissis/cclyzer-souffle/tests/coreutils-8.24/chown.bc>:!10952	515
</home/chrzissis/cclyzer-souffle/tests/coreutils-8.24/chown.bc>:!11009	544
</home/chrzissis/cclyzer-souffle/tests/coreutils-8.24/chown.bc>:!11011	544
</home/chrzissis/cclyzer-souffle/tests/coreutils-8.24/chown.bc>:!11017	548
</home/chrzissis/cclyzer-souffle/tests/coreutils-8.24/chown.bc>:!11042	860
</home/chrzissis/cclyzer-souffle/tests/coreutils-8.24/chown.bc>:!11044	860
</home/chrzissis/cclyzer-souffle/tests/coreutils-8.24/chown.bc>:!11046	860
</home/chrzissis/cclyzer-souffle/tests/coreutils-8.24/chown.bc>:!11048	862
</home/chrzissis/cclyzer-souffle/tests/coreutils-8.24/chown.bc>:!11050	863
</home/chrzissis/cclyzer-souffle/tests/coreutils-8.24/chown.bc>:!11052	864
</home/chrzissis/cclyzer-souffle/tests/coreutils-8.24/chown.bc>:!11071	868
</home/chrzissis/cclyzer-souffle/tests/coreutils-8.24/chown.bc>:!11074	869
</home/chrzissis/cclyzer-souffle/tests/coreutils-8.24/chown.bc>:!11145	913
</home/chrzissis/cclyzer-souffle/tests/coreutils-8.24/chown.bc>:!11190	790
</home/chrzissis/cclyzer-souffle/tests/coreutils-8.24/chown.bc>:!11192	790
</home/chrzissis/cclyzer-souffle/tests/coreutils-8.24/chown.bc>:!11194	791
</home/chrzissis/cclyzer-souffle/tests/coreutils-8.24/chown.bc>:!11196	791
</home/chrzissis/cclyzer-souffle/tests/coreutils-8.24/chown.bc>:!11198	793
</home/chrzissis/cclyzer-souffle/tests/coreutils-8.24/chown.bc>:!11203	794
</home/chrzissis/cclyzer-souffle/tests/coreutils-8.24/chown.bc>:!11228	805
</home/chrzissis/cclyzer-souffle/tests/coreutils-8.24/chown.bc>:!11241	811
</home/chrzissis/cclyzer-souffle/tests/coreutils-8.24/chown.bc>:!11287	833
</home/chrzissis/cclyzer-souffle/tests/coreutils-8.24/chown.bc>:!11296	837
</home/chrzissis/cclyzer-souffle/tests/coreutils-8.24/chown.bc>:!11319	751
</home/chrzissis/cclyzer-souffle/tests/coreutils-8.24/chown.bc>:!11321	753
</home/chrzissis/cclyzer-souffle/tests/coreutils-8.24/chown.bc>:!11342	463
</home/chrzissis/cclyzer-souffle/tests/coreutils-8.24/chown.bc>:!11366	444
</home/chrzissis/cclyzer-souffle/tests/coreutils-8.24/chown.bc>:!11368	446
</home/chrzissis/cclyzer-souffle/tests/coreutils-8.24/chown.bc>:!11370	447
</home/chrzissis/cclyzer-souffle/tests/coreutils-8.24/chown.bc>:!11399	776
</home/chrzissis/cclyzer-souffle/tests/coreutils-8.24/chown.bc>:!11401	776
</home/chrzissis/cclyzer-souffle/tests/coreutils-8.24/chown.bc>:!11416	25
</home/chrzissis/cclyzer-souffle/tests/coreutils-8.24/chown.bc>:!11418	25
</home/chrzissis/cclyzer-souffle/tests/coreutils-8.24/chown.bc>:!11420	27
</home/chrzissis/cclyzer-souffle/tests/coreutils-8.24/chown.bc>:!11452	37
</home/chrzissis/cclyzer-souffle/tests/coreutils-8.24/chown.bc>:!11457	43
</home/chrzissis/cclyzer-souffle/tests/coreutils-8.24/chown.bc>:!11459	43
</home/chrzissis/cclyzer-souffle/tests/coreutils-8.24/chown.bc>:!11461	45
</home/chrzissis/cclyzer-souffle/tests/coreutils-8.24/chown.bc>:!11470	46
</home/chrzissis/cclyzer-souffle/tests/coreutils-8.24/chown.bc>:!11505	56
</home/chrzissis/cclyzer-souffle/tests/coreutils-8.24/chown.bc>:!11507	58
</home/chrzissis/cclyzer-souffle/tests/coreutils-8.24/chown.bc>:!11546	395
</home/chrzissis/cclyzer-souffle/tests/coreutils-8.24/chown.bc>:!11548	396
</home/chrzissis/cclyzer-souffle/tests/coreutils-8.24/chown.bc>:!11608	126
</home/chrzissis/cclyzer-souffle/tests/coreutils-8.24/chown.bc>:!11616	132
</home/chrzissis/cclyzer-souffle/tests/coreutils-8.24/chown.bc>:!11619	133
</home/chrzissis/cclyzer-souffle/tests/coreutils-8.24/chown.bc>:!11621	134
</home/chrzissis/cclyzer-souffle/tests/coreutils-8.24/chown.bc>:!11635	144
</home/chrzissis/cclyzer-souffle/tests/coreutils-8.24/chown.bc>:!11640	145
</home/chrzissis/cclyzer-souffle/tests/coreutils-8.24/chown.bc>:!11644	146
</home/chrzissis/cclyzer-souffle/tests/coreutils-8.24/chown.bc>:!11693	162
</home/chrzissis/cclyzer-souffle/tests/coreutils-8.24/chown.bc>:!11705	178
</home/chrzissis/cclyzer-souffle/tests/coreutils-8.24/chown.bc>:!11760	190
</home/chrzissis/cclyzer-souffle/tests/coreutils-8.24/chown.bc>:!11763	191
</home/chrzissis/cclyzer-souffle/tests/coreutils-8.24/chown.bc>:!11766	195
</home/chrzissis/cclyzer-souffle/tests/coreutils-8.24/chown.bc>:!11776	197
</home/chrzissis/cclyzer-souffle/tests/coreutils-8.24/chown.bc>:!11778	198
</home/chrzissis/cclyzer-souffle/tests/coreutils-8.24/chown.bc>:!11780	198
</home/chrzissis/cclyzer-souffle/tests/coreutils-8.24/chown.bc>:!11782	199
</home/chrzissis/cclyzer-souffle/tests/coreutils-8.24/chown.bc>:!11928	29
</home/chrzissis/cclyzer-souffle/tests/coreutils-8.24/chown.bc>:!11930	29
</home/chrzissis/cclyzer-souffle/tests/coreutils-8.24/chown.bc>:!11932	29
</home/chrzissis/cclyzer-souffle/tests/coreutils-8.24/chown.bc>:!11934	31
</home/chrzissis/cclyzer-souffle/tests/coreutils-8.24/chown.bc>:!11940	35
</home/chrzissis/cclyzer-souffle/tests/coreutils-8.24/chown.bc>:!11972	31
</home/chrzissis/cclyzer-souffle/tests/coreutils-8.24/chown.bc>:!11977	37
</home/chrzissis/cclyzer-souffle/tests/coreutils-8.24/chown.bc>:!11987	41
</home/chrzissis/cclyzer-souffle/tests/coreutils-8.24/chown.bc>:!11992	42
</home/chrzissis/cclyzer-souffle/tests/coreutils-8.24/chown.bc>:!12005	56
</home/chrzissis/cclyzer-souffle/tests/coreutils-8.24/chown.bc>:!12007	58
</home/chrzissis/cclyzer-souffle/tests/coreutils-8.24/chown.bc>:!12009	59
</home/chrzissis/cclyzer-souffle/tests/coreutils-8.24/chown.bc>:!12011	60
</home/chrzissis/cclyzer-souffle/tests/coreutils-8.24/chown.bc>:!12054	185
</home/chrzissis/cclyzer-souffle/tests/coreutils-8.24/chown.bc>:!12056	185
</home/chrzissis/cclyzer-souffle/tests/coreutils-8.24/chown.bc>:!12058	187
</home/chrzissis/cclyzer-souffle/tests/coreutils-8.24/chown.bc>:!12070	188
</home/chrzissis/cclyzer-souffle/tests/coreutils-8.24/chown.bc>:!12075	235
</home/chrzissis/cclyzer-souffle/tests/coreutils-8.24/chown.bc>:!12132	272
</home/chrzissis/cclyzer-souffle/tests/coreutils-8.24/chown.bc>:!12148	275
</home/chrzissis/cclyzer-souffle/tests/coreutils-8.24/chown.bc>:!12161	317
</home/chrzissis/cclyzer-souffle/tests/coreutils-8.24/chown.bc>:!12181	127
</home/chrzissis/cclyzer-souffle/tests/coreutils-8.24/chown.bc>:!12199	40
</home/chrzissis/cclyzer-souffle/tests/coreutils-8.24/chown.bc>:!12209	28
</home/chrzissis/cclyzer-souffle/tests/coreutils-8.24/chown.bc>:!12211	28
</home/chrzissis/cclyzer-souffle/tests/coreutils-8.24/chown.bc>:!12213	28
</home/chrzissis/cclyzer-souffle/tests/coreutils-8.24/chown.bc>:!12233	116
</home/chrzissis/cclyzer-souffle/tests/coreutils-8.24/chown.bc>:!12261	39
</home/chrzissis/cclyzer-souffle/tests/coreutils-8.24/chown.bc>:!12263	39
</home/chrzissis/cclyzer-souffle/tests/coreutils-8.24/chown.bc>:!12274	48
</home/chrzissis/cclyzer-souffle/tests/coreutils-8.24/chown.bc>:!12276	48
</home/chrzissis/cclyzer-souffle/tests/coreutils-8.24/chown.bc>:!12287	58
</home/chrzissis/cclyzer-souffle/tests/coreutils-8.24/chown.bc>:!12289	58
</home/chrzissis/cclyzer-souffle/tests/coreutils-8.24/chown.bc>:!12300	67
</home/chrzissis/cclyzer-souffle/tests/coreutils-8.24/chown.bc>:!12302	67
</home/chrzissis/cclyzer-souffle/tests/coreutils-8.24/chown.bc>:!12313	76
</home/chrzissis/cclyzer-souffle/tests/coreutils-8.24/chown.bc>:!12315	76
</home/chrzissis/cclyzer-souffle/tests/coreutils-8.24/chown.bc>:!12326	85
</home/chrzissis/cclyzer-souffle/tests/coreutils-8.24/chown.bc>:!12328	85
</home/chrzissis/cclyzer-souffle/tests/coreutils-8.24/chown.bc>:!12339	96
</home/chrzissis/cclyzer-souffle/tests/coreutils-8.24/chown.bc>:!12341	96
</home/chrzissis/cclyzer-souffle/tests/coreutils-8.24/chown.bc>:!12354	107
</home/chrzissis/cclyzer-souffle/tests/coreutils-8.24/chown.bc>:!12356	107
</home/chrzissis/cclyzer-souffle/tests/coreutils-8.24/chown.bc>:!12369	118
</home/chrzissis/cclyzer-souffle/tests/coreutils-8.24/chown.bc>:!12371	118
</home/chrzissis/cclyzer-souffle/tests/coreutils-8.24/chown.bc>:!12384	129
</home/chrzissis/cclyzer-souffle/tests/coreutils-8.24/chown.bc>:!12386	129
</home/chrzissis/cclyzer-souffle/tests/coreutils-8.24/chown.bc>:!12399	27
</home/chrzissis/cclyzer-souffle/tests/coreutils-8.24/chown.bc>:!12409	33
</home/chrzissis/cclyzer-souffle/tests/coreutils-8.24/chown.bc>:!12429	68
</home/chrzissis/cclyzer-souffle/tests/coreutils-8.24/chown.bc>:!12441	97
</home/chrzissis/cclyzer-souffle/tests/coreutils-8.24/chown.bc>:!12452	103
</home/chrzissis/cclyzer-souffle/tests/coreutils-8.24/chown.bc>:!12464	137
</home/chrzissis/cclyzer-souffle/tests/coreutils-8.24/chown.bc>:!12474	154
</home/chrzissis/cclyzer-souffle/tests/coreutils-8.24/chown.bc>:!12484	174
</home/chrzissis/cclyzer-souffle/tests/coreutils-8.24/chown.bc>:!12494	208
</home/chrzissis/cclyzer-souffle/tests/coreutils-8.24/chown.bc>:!12504	242
</home/chrzissis/cclyzer-souffle/tests/coreutils-8.24/chown.bc>:!12531	266
</home/chrzissis/cclyzer-souffle/tests/coreutils-8.24/chown.bc>:!12555	273
</home/chrzissis/cclyzer-souffle/tests/coreutils-8.24/chown.bc>:!12565	293
</home/chrzissis/cclyzer-souffle/tests/coreutils-8.24/chown.bc>:!12585	320
</home/chrzissis/cclyzer-souffle/tests/coreutils-8.24/chown.bc>:!12603	359
