</home/chrzissis/cclyzer-souffle/tests/coreutils-8.24/chown.bc>:!36	dev_ino_buf
</home/chrzissis/cclyzer-souffle/tests/coreutils-8.24/chown.bc>:!49	reference_file
</home/chrzissis/cclyzer-souffle/tests/coreutils-8.24/chown.bc>:!50	infomap
</home/chrzissis/cclyzer-souffle/tests/coreutils-8.24/chown.bc>:!59	long_options
</home/chrzissis/cclyzer-souffle/tests/coreutils-8.24/chown.bc>:!263	Version
</home/chrzissis/cclyzer-souffle/tests/coreutils-8.24/chown.bc>:!273	file_name
</home/chrzissis/cclyzer-souffle/tests/coreutils-8.24/chown.bc>:!274	ignore_EPIPE
</home/chrzissis/cclyzer-souffle/tests/coreutils-8.24/chown.bc>:!278	exit_failure
</home/chrzissis/cclyzer-souffle/tests/coreutils-8.24/chown.bc>:!304	program_name
</home/chrzissis/cclyzer-souffle/tests/coreutils-8.24/chown.bc>:!453	quoting_style_args
</home/chrzissis/cclyzer-souffle/tests/coreutils-8.24/chown.bc>:!458	quoting_style_vals
</home/chrzissis/cclyzer-souffle/tests/coreutils-8.24/chown.bc>:!461	quote_quoting_options
</home/chrzissis/cclyzer-souffle/tests/coreutils-8.24/chown.bc>:!462	default_quoting_options
</home/chrzissis/cclyzer-souffle/tests/coreutils-8.24/chown.bc>:!463	slot0
</home/chrzissis/cclyzer-souffle/tests/coreutils-8.24/chown.bc>:!467	slotvec
</home/chrzissis/cclyzer-souffle/tests/coreutils-8.24/chown.bc>:!473	nslots
</home/chrzissis/cclyzer-souffle/tests/coreutils-8.24/chown.bc>:!474	slotvec0
</home/chrzissis/cclyzer-souffle/tests/coreutils-8.24/chown.bc>:!508	E_invalid_user
</home/chrzissis/cclyzer-souffle/tests/coreutils-8.24/chown.bc>:!509	E_invalid_group
</home/chrzissis/cclyzer-souffle/tests/coreutils-8.24/chown.bc>:!510	E_bad_spec
</home/chrzissis/cclyzer-souffle/tests/coreutils-8.24/chown.bc>:!594	version_etc_copyright
</home/chrzissis/cclyzer-souffle/tests/coreutils-8.24/chown.bc>:!1298	default_tuning
</home/chrzissis/cclyzer-souffle/tests/coreutils-8.24/chown.bc>:!1676	charset_aliases
</home/chrzissis/cclyzer-souffle/tests/coreutils-8.24/chown.bc>:!1745	have_dupfd_cloexec
</home/chrzissis/cclyzer-souffle/tests/coreutils-8.24/chown.bc>:!11771	buf1
</home/chrzissis/cclyzer-souffle/tests/coreutils-8.24/chown.bc>:!3348	o
</home/chrzissis/cclyzer-souffle/tests/coreutils-8.24/chown.bc>:!3350	s
</home/chrzissis/cclyzer-souffle/tests/coreutils-8.24/chown.bc>:!3363	o
</home/chrzissis/cclyzer-souffle/tests/coreutils-8.24/chown.bc>:!3365	c
</home/chrzissis/cclyzer-souffle/tests/coreutils-8.24/chown.bc>:!3367	i
</home/chrzissis/cclyzer-souffle/tests/coreutils-8.24/chown.bc>:!3369	uc
</home/chrzissis/cclyzer-souffle/tests/coreutils-8.24/chown.bc>:!3372	p
</home/chrzissis/cclyzer-souffle/tests/coreutils-8.24/chown.bc>:!3387	shift
</home/chrzissis/cclyzer-souffle/tests/coreutils-8.24/chown.bc>:!3391	r
</home/chrzissis/cclyzer-souffle/tests/coreutils-8.24/chown.bc>:!3408	o
</home/chrzissis/cclyzer-souffle/tests/coreutils-8.24/chown.bc>:!3410	i
</home/chrzissis/cclyzer-souffle/tests/coreutils-8.24/chown.bc>:!3412	r
</home/chrzissis/cclyzer-souffle/tests/coreutils-8.24/chown.bc>:!3428	o
</home/chrzissis/cclyzer-souffle/tests/coreutils-8.24/chown.bc>:!3430	left_quote
</home/chrzissis/cclyzer-souffle/tests/coreutils-8.24/chown.bc>:!3432	right_quote
</home/chrzissis/cclyzer-souffle/tests/coreutils-8.24/chown.bc>:!3458	buffer
</home/chrzissis/cclyzer-souffle/tests/coreutils-8.24/chown.bc>:!3460	buffersize
</home/chrzissis/cclyzer-souffle/tests/coreutils-8.24/chown.bc>:!3462	arg
</home/chrzissis/cclyzer-souffle/tests/coreutils-8.24/chown.bc>:!3464	argsize
</home/chrzissis/cclyzer-souffle/tests/coreutils-8.24/chown.bc>:!3466	o
</home/chrzissis/cclyzer-souffle/tests/coreutils-8.24/chown.bc>:!3468	p
</home/chrzissis/cclyzer-souffle/tests/coreutils-8.24/chown.bc>:!4478	ilim
</home/chrzissis/cclyzer-souffle/tests/coreutils-8.24/chown.bc>:!3478	e
</home/chrzissis/cclyzer-souffle/tests/coreutils-8.24/chown.bc>:!3481	r
</home/chrzissis/cclyzer-souffle/tests/coreutils-8.24/chown.bc>:!3503	arg
</home/chrzissis/cclyzer-souffle/tests/coreutils-8.24/chown.bc>:!3505	argsize
</home/chrzissis/cclyzer-souffle/tests/coreutils-8.24/chown.bc>:!3507	o
</home/chrzissis/cclyzer-souffle/tests/coreutils-8.24/chown.bc>:!3514	arg
</home/chrzissis/cclyzer-souffle/tests/coreutils-8.24/chown.bc>:!3516	argsize
</home/chrzissis/cclyzer-souffle/tests/coreutils-8.24/chown.bc>:!3518	size
</home/chrzissis/cclyzer-souffle/tests/coreutils-8.24/chown.bc>:!3520	o
</home/chrzissis/cclyzer-souffle/tests/coreutils-8.24/chown.bc>:!3522	p
</home/chrzissis/cclyzer-souffle/tests/coreutils-8.24/chown.bc>:!3532	e
</home/chrzissis/cclyzer-souffle/tests/coreutils-8.24/chown.bc>:!3535	flags
</home/chrzissis/cclyzer-souffle/tests/coreutils-8.24/chown.bc>:!3541	bufsize
</home/chrzissis/cclyzer-souffle/tests/coreutils-8.24/chown.bc>:!3556	buf
</home/chrzissis/cclyzer-souffle/tests/coreutils-8.24/chown.bc>:!3587	sv
</home/chrzissis/cclyzer-souffle/tests/coreutils-8.24/chown.bc>:!3590	i
</home/chrzissis/cclyzer-souffle/tests/coreutils-8.24/chown.bc>:!3631	n
</home/chrzissis/cclyzer-souffle/tests/coreutils-8.24/chown.bc>:!3633	arg
</home/chrzissis/cclyzer-souffle/tests/coreutils-8.24/chown.bc>:!3639	n
</home/chrzissis/cclyzer-souffle/tests/coreutils-8.24/chown.bc>:!3641	arg
</home/chrzissis/cclyzer-souffle/tests/coreutils-8.24/chown.bc>:!3643	argsize
</home/chrzissis/cclyzer-souffle/tests/coreutils-8.24/chown.bc>:!3650	arg
</home/chrzissis/cclyzer-souffle/tests/coreutils-8.24/chown.bc>:!3655	arg
</home/chrzissis/cclyzer-souffle/tests/coreutils-8.24/chown.bc>:!3657	argsize
</home/chrzissis/cclyzer-souffle/tests/coreutils-8.24/chown.bc>:!3663	n
</home/chrzissis/cclyzer-souffle/tests/coreutils-8.24/chown.bc>:!3665	s
</home/chrzissis/cclyzer-souffle/tests/coreutils-8.24/chown.bc>:!3667	arg
</home/chrzissis/cclyzer-souffle/tests/coreutils-8.24/chown.bc>:!3669	o
</home/chrzissis/cclyzer-souffle/tests/coreutils-8.24/chown.bc>:!3677	n
</home/chrzissis/cclyzer-souffle/tests/coreutils-8.24/chown.bc>:!3679	s
</home/chrzissis/cclyzer-souffle/tests/coreutils-8.24/chown.bc>:!3681	arg
</home/chrzissis/cclyzer-souffle/tests/coreutils-8.24/chown.bc>:!3683	argsize
</home/chrzissis/cclyzer-souffle/tests/coreutils-8.24/chown.bc>:!3685	o
</home/chrzissis/cclyzer-souffle/tests/coreutils-8.24/chown.bc>:!3694	s
</home/chrzissis/cclyzer-souffle/tests/coreutils-8.24/chown.bc>:!3696	arg
</home/chrzissis/cclyzer-souffle/tests/coreutils-8.24/chown.bc>:!3702	s
</home/chrzissis/cclyzer-souffle/tests/coreutils-8.24/chown.bc>:!3704	arg
</home/chrzissis/cclyzer-souffle/tests/coreutils-8.24/chown.bc>:!3706	argsize
</home/chrzissis/cclyzer-souffle/tests/coreutils-8.24/chown.bc>:!3713	arg
</home/chrzissis/cclyzer-souffle/tests/coreutils-8.24/chown.bc>:!3715	argsize
</home/chrzissis/cclyzer-souffle/tests/coreutils-8.24/chown.bc>:!3717	ch
</home/chrzissis/cclyzer-souffle/tests/coreutils-8.24/chown.bc>:!3719	options
</home/chrzissis/cclyzer-souffle/tests/coreutils-8.24/chown.bc>:!3728	arg
</home/chrzissis/cclyzer-souffle/tests/coreutils-8.24/chown.bc>:!3730	ch
</home/chrzissis/cclyzer-souffle/tests/coreutils-8.24/chown.bc>:!3736	arg
</home/chrzissis/cclyzer-souffle/tests/coreutils-8.24/chown.bc>:!3741	arg
</home/chrzissis/cclyzer-souffle/tests/coreutils-8.24/chown.bc>:!3743	argsize
</home/chrzissis/cclyzer-souffle/tests/coreutils-8.24/chown.bc>:!3749	n
</home/chrzissis/cclyzer-souffle/tests/coreutils-8.24/chown.bc>:!3751	left_quote
</home/chrzissis/cclyzer-souffle/tests/coreutils-8.24/chown.bc>:!3753	right_quote
</home/chrzissis/cclyzer-souffle/tests/coreutils-8.24/chown.bc>:!3755	arg
</home/chrzissis/cclyzer-souffle/tests/coreutils-8.24/chown.bc>:!3763	n
</home/chrzissis/cclyzer-souffle/tests/coreutils-8.24/chown.bc>:!3765	left_quote
</home/chrzissis/cclyzer-souffle/tests/coreutils-8.24/chown.bc>:!3767	right_quote
</home/chrzissis/cclyzer-souffle/tests/coreutils-8.24/chown.bc>:!3769	arg
</home/chrzissis/cclyzer-souffle/tests/coreutils-8.24/chown.bc>:!3771	argsize
</home/chrzissis/cclyzer-souffle/tests/coreutils-8.24/chown.bc>:!3773	o
</home/chrzissis/cclyzer-souffle/tests/coreutils-8.24/chown.bc>:!3784	left_quote
</home/chrzissis/cclyzer-souffle/tests/coreutils-8.24/chown.bc>:!3786	right_quote
</home/chrzissis/cclyzer-souffle/tests/coreutils-8.24/chown.bc>:!3788	arg
</home/chrzissis/cclyzer-souffle/tests/coreutils-8.24/chown.bc>:!3795	left_quote
</home/chrzissis/cclyzer-souffle/tests/coreutils-8.24/chown.bc>:!3797	right_quote
</home/chrzissis/cclyzer-souffle/tests/coreutils-8.24/chown.bc>:!3799	arg
</home/chrzissis/cclyzer-souffle/tests/coreutils-8.24/chown.bc>:!3801	argsize
</home/chrzissis/cclyzer-souffle/tests/coreutils-8.24/chown.bc>:!3809	n
</home/chrzissis/cclyzer-souffle/tests/coreutils-8.24/chown.bc>:!3811	arg
</home/chrzissis/cclyzer-souffle/tests/coreutils-8.24/chown.bc>:!7347	sp
</home/chrzissis/cclyzer-souffle/tests/coreutils-8.24/chown.bc>:!7349	more
</home/chrzissis/cclyzer-souffle/tests/coreutils-8.24/chown.bc>:!7351	p
</home/chrzissis/cclyzer-souffle/tests/coreutils-8.24/chown.bc>:!7353	new_len
</home/chrzissis/cclyzer-souffle/tests/coreutils-8.24/chown.bc>:!7403	sp
</home/chrzissis/cclyzer-souffle/tests/coreutils-8.24/chown.bc>:!7405	name
</home/chrzissis/cclyzer-souffle/tests/coreutils-8.24/chown.bc>:!7407	namelen
</home/chrzissis/cclyzer-souffle/tests/coreutils-8.24/chown.bc>:!7409	p
</home/chrzissis/cclyzer-souffle/tests/coreutils-8.24/chown.bc>:!7411	len
</home/chrzissis/cclyzer-souffle/tests/coreutils-8.24/chown.bc>:!7472	p
</home/chrzissis/cclyzer-souffle/tests/coreutils-8.24/chown.bc>:!7474	required
</home/chrzissis/cclyzer-souffle/tests/coreutils-8.24/chown.bc>:!7493	sp
</home/chrzissis/cclyzer-souffle/tests/coreutils-8.24/chown.bc>:!7495	p
</home/chrzissis/cclyzer-souffle/tests/coreutils-8.24/chown.bc>:!7497	follow
</home/chrzissis/cclyzer-souffle/tests/coreutils-8.24/chown.bc>:!3873	elide_outer_quotes
</home/chrzissis/cclyzer-souffle/tests/coreutils-8.24/chown.bc>:!4002	c
</home/chrzissis/cclyzer-souffle/tests/coreutils-8.24/chown.bc>:!1891	status
</home/chrzissis/cclyzer-souffle/tests/coreutils-8.24/chown.bc>:!1925	argc
</home/chrzissis/cclyzer-souffle/tests/coreutils-8.24/chown.bc>:!1927	argv
</home/chrzissis/cclyzer-souffle/tests/coreutils-8.24/chown.bc>:!1929	preserve_root
</home/chrzissis/cclyzer-souffle/tests/coreutils-8.24/chown.bc>:!1931	uid
</home/chrzissis/cclyzer-souffle/tests/coreutils-8.24/chown.bc>:!1933	gid
</home/chrzissis/cclyzer-souffle/tests/coreutils-8.24/chown.bc>:!1935	required_uid
</home/chrzissis/cclyzer-souffle/tests/coreutils-8.24/chown.bc>:!1937	required_gid
</home/chrzissis/cclyzer-souffle/tests/coreutils-8.24/chown.bc>:!1939	bit_flags
</home/chrzissis/cclyzer-souffle/tests/coreutils-8.24/chown.bc>:!1941	dereference
</home/chrzissis/cclyzer-souffle/tests/coreutils-8.24/chown.bc>:!1943	chopt
</home/chrzissis/cclyzer-souffle/tests/coreutils-8.24/chown.bc>:!1955	ok
</home/chrzissis/cclyzer-souffle/tests/coreutils-8.24/chown.bc>:!1957	optc
</home/chrzissis/cclyzer-souffle/tests/coreutils-8.24/chown.bc>:!1995	e
</home/chrzissis/cclyzer-souffle/tests/coreutils-8.24/chown.bc>:!2118	e
</home/chrzissis/cclyzer-souffle/tests/coreutils-8.24/chown.bc>:!2185	program
</home/chrzissis/cclyzer-souffle/tests/coreutils-8.24/chown.bc>:!2187	node
</home/chrzissis/cclyzer-souffle/tests/coreutils-8.24/chown.bc>:!2190	map_prog
</home/chrzissis/cclyzer-souffle/tests/coreutils-8.24/chown.bc>:!2072	ref_stats
</home/chrzissis/cclyzer-souffle/tests/coreutils-8.24/chown.bc>:!2216	lc_messages
</home/chrzissis/cclyzer-souffle/tests/coreutils-8.24/chown.bc>:!2240	s
</home/chrzissis/cclyzer-souffle/tests/coreutils-8.24/chown.bc>:!2244	chopt
</home/chrzissis/cclyzer-souffle/tests/coreutils-8.24/chown.bc>:!2268	chopt
</home/chrzissis/cclyzer-souffle/tests/coreutils-8.24/chown.bc>:!2271	gid
</home/chrzissis/cclyzer-souffle/tests/coreutils-8.24/chown.bc>:!2273	buf
</home/chrzissis/cclyzer-souffle/tests/coreutils-8.24/chown.bc>:!2278	grp
</home/chrzissis/cclyzer-souffle/tests/coreutils-8.24/chown.bc>:!2301	uid
</home/chrzissis/cclyzer-souffle/tests/coreutils-8.24/chown.bc>:!2303	buf
</home/chrzissis/cclyzer-souffle/tests/coreutils-8.24/chown.bc>:!2305	pwd
</home/chrzissis/cclyzer-souffle/tests/coreutils-8.24/chown.bc>:!2331	files
</home/chrzissis/cclyzer-souffle/tests/coreutils-8.24/chown.bc>:!2333	bit_flags
</home/chrzissis/cclyzer-souffle/tests/coreutils-8.24/chown.bc>:!2335	uid
</home/chrzissis/cclyzer-souffle/tests/coreutils-8.24/chown.bc>:!2337	gid
</home/chrzissis/cclyzer-souffle/tests/coreutils-8.24/chown.bc>:!2339	required_uid
</home/chrzissis/cclyzer-souffle/tests/coreutils-8.24/chown.bc>:!2341	required_gid
</home/chrzissis/cclyzer-souffle/tests/coreutils-8.24/chown.bc>:!2343	chopt
</home/chrzissis/cclyzer-souffle/tests/coreutils-8.24/chown.bc>:!2345	ok
</home/chrzissis/cclyzer-souffle/tests/coreutils-8.24/chown.bc>:!2347	stat_flags
</home/chrzissis/cclyzer-souffle/tests/coreutils-8.24/chown.bc>:!2364	fts
</home/chrzissis/cclyzer-souffle/tests/coreutils-8.24/chown.bc>:!2372	ent
</home/chrzissis/cclyzer-souffle/tests/coreutils-8.24/chown.bc>:!2420	fts
</home/chrzissis/cclyzer-souffle/tests/coreutils-8.24/chown.bc>:!2422	ent
</home/chrzissis/cclyzer-souffle/tests/coreutils-8.24/chown.bc>:!2424	uid
</home/chrzissis/cclyzer-souffle/tests/coreutils-8.24/chown.bc>:!2426	gid
</home/chrzissis/cclyzer-souffle/tests/coreutils-8.24/chown.bc>:!2428	required_uid
</home/chrzissis/cclyzer-souffle/tests/coreutils-8.24/chown.bc>:!2430	required_gid
</home/chrzissis/cclyzer-souffle/tests/coreutils-8.24/chown.bc>:!2432	chopt
</home/chrzissis/cclyzer-souffle/tests/coreutils-8.24/chown.bc>:!2434	file_full_name
</home/chrzissis/cclyzer-souffle/tests/coreutils-8.24/chown.bc>:!2438	file
</home/chrzissis/cclyzer-souffle/tests/coreutils-8.24/chown.bc>:!2442	file_stats
</home/chrzissis/cclyzer-souffle/tests/coreutils-8.24/chown.bc>:!2444	stat_buf
</home/chrzissis/cclyzer-souffle/tests/coreutils-8.24/chown.bc>:!2446	ok
</home/chrzissis/cclyzer-souffle/tests/coreutils-8.24/chown.bc>:!2448	do_chown
</home/chrzissis/cclyzer-souffle/tests/coreutils-8.24/chown.bc>:!2450	symlink_changed
</home/chrzissis/cclyzer-souffle/tests/coreutils-8.24/chown.bc>:!2484	__x
</home/chrzissis/cclyzer-souffle/tests/coreutils-8.24/chown.bc>:!2705	err
</home/chrzissis/cclyzer-souffle/tests/coreutils-8.24/chown.bc>:!2760	changed
</home/chrzissis/cclyzer-souffle/tests/coreutils-8.24/chown.bc>:!2795	ch_status
</home/chrzissis/cclyzer-souffle/tests/coreutils-8.24/chown.bc>:!2807	old_usr
</home/chrzissis/cclyzer-souffle/tests/coreutils-8.24/chown.bc>:!2818	old_grp
</home/chrzissis/cclyzer-souffle/tests/coreutils-8.24/chown.bc>:!2851	cwd_fd
</home/chrzissis/cclyzer-souffle/tests/coreutils-8.24/chown.bc>:!2853	file
</home/chrzissis/cclyzer-souffle/tests/coreutils-8.24/chown.bc>:!2855	orig_st
</home/chrzissis/cclyzer-souffle/tests/coreutils-8.24/chown.bc>:!2857	uid
</home/chrzissis/cclyzer-souffle/tests/coreutils-8.24/chown.bc>:!2859	gid
</home/chrzissis/cclyzer-souffle/tests/coreutils-8.24/chown.bc>:!2861	required_uid
</home/chrzissis/cclyzer-souffle/tests/coreutils-8.24/chown.bc>:!2863	required_gid
</home/chrzissis/cclyzer-souffle/tests/coreutils-8.24/chown.bc>:!2865	status
</home/chrzissis/cclyzer-souffle/tests/coreutils-8.24/chown.bc>:!2867	st
</home/chrzissis/cclyzer-souffle/tests/coreutils-8.24/chown.bc>:!2869	open_flags
</home/chrzissis/cclyzer-souffle/tests/coreutils-8.24/chown.bc>:!2871	fd
</home/chrzissis/cclyzer-souffle/tests/coreutils-8.24/chown.bc>:!2970	saved_errno
</home/chrzissis/cclyzer-souffle/tests/coreutils-8.24/chown.bc>:!2981	file
</home/chrzissis/cclyzer-souffle/tests/coreutils-8.24/chown.bc>:!2983	changed
</home/chrzissis/cclyzer-souffle/tests/coreutils-8.24/chown.bc>:!2985	old_user
</home/chrzissis/cclyzer-souffle/tests/coreutils-8.24/chown.bc>:!2987	old_group
</home/chrzissis/cclyzer-souffle/tests/coreutils-8.24/chown.bc>:!2989	user
</home/chrzissis/cclyzer-souffle/tests/coreutils-8.24/chown.bc>:!2991	group
</home/chrzissis/cclyzer-souffle/tests/coreutils-8.24/chown.bc>:!2993	fmt
</home/chrzissis/cclyzer-souffle/tests/coreutils-8.24/chown.bc>:!2995	old_spec
</home/chrzissis/cclyzer-souffle/tests/coreutils-8.24/chown.bc>:!2997	spec
</home/chrzissis/cclyzer-souffle/tests/coreutils-8.24/chown.bc>:!3093	user
</home/chrzissis/cclyzer-souffle/tests/coreutils-8.24/chown.bc>:!3095	group
</home/chrzissis/cclyzer-souffle/tests/coreutils-8.24/chown.bc>:!3097	spec
</home/chrzissis/cclyzer-souffle/tests/coreutils-8.24/chown.bc>:!3138	file
</home/chrzissis/cclyzer-souffle/tests/coreutils-8.24/chown.bc>:!3143	ignore
</home/chrzissis/cclyzer-souffle/tests/coreutils-8.24/chown.bc>:!3160	write_error
</home/chrzissis/cclyzer-souffle/tests/coreutils-8.24/chown.bc>:!3185	fd
</home/chrzissis/cclyzer-souffle/tests/coreutils-8.24/chown.bc>:!3187	file
</home/chrzissis/cclyzer-souffle/tests/coreutils-8.24/chown.bc>:!3189	owner
</home/chrzissis/cclyzer-souffle/tests/coreutils-8.24/chown.bc>:!3191	group
</home/chrzissis/cclyzer-souffle/tests/coreutils-8.24/chown.bc>:!3199	fd
</home/chrzissis/cclyzer-souffle/tests/coreutils-8.24/chown.bc>:!3201	file
</home/chrzissis/cclyzer-souffle/tests/coreutils-8.24/chown.bc>:!3203	owner
</home/chrzissis/cclyzer-souffle/tests/coreutils-8.24/chown.bc>:!3205	group
</home/chrzissis/cclyzer-souffle/tests/coreutils-8.24/chown.bc>:!3213	i
</home/chrzissis/cclyzer-souffle/tests/coreutils-8.24/chown.bc>:!3813	argsize
</home/chrzissis/cclyzer-souffle/tests/coreutils-8.24/chown.bc>:!3820	arg
</home/chrzissis/cclyzer-souffle/tests/coreutils-8.24/chown.bc>:!3822	argsize
</home/chrzissis/cclyzer-souffle/tests/coreutils-8.24/chown.bc>:!3828	n
</home/chrzissis/cclyzer-souffle/tests/coreutils-8.24/chown.bc>:!3830	arg
</home/chrzissis/cclyzer-souffle/tests/coreutils-8.24/chown.bc>:!3836	arg
</home/chrzissis/cclyzer-souffle/tests/coreutils-8.24/chown.bc>:!3841	buffer
</home/chrzissis/cclyzer-souffle/tests/coreutils-8.24/chown.bc>:!3843	buffersize
</home/chrzissis/cclyzer-souffle/tests/coreutils-8.24/chown.bc>:!3845	arg
</home/chrzissis/cclyzer-souffle/tests/coreutils-8.24/chown.bc>:!3847	argsize
</home/chrzissis/cclyzer-souffle/tests/coreutils-8.24/chown.bc>:!3849	quoting_style
</home/chrzissis/cclyzer-souffle/tests/coreutils-8.24/chown.bc>:!3851	flags
</home/chrzissis/cclyzer-souffle/tests/coreutils-8.24/chown.bc>:!3853	quote_these_too
</home/chrzissis/cclyzer-souffle/tests/coreutils-8.24/chown.bc>:!3855	left_quote
</home/chrzissis/cclyzer-souffle/tests/coreutils-8.24/chown.bc>:!3857	right_quote
</home/chrzissis/cclyzer-souffle/tests/coreutils-8.24/chown.bc>:!3859	i
</home/chrzissis/cclyzer-souffle/tests/coreutils-8.24/chown.bc>:!3861	len
</home/chrzissis/cclyzer-souffle/tests/coreutils-8.24/chown.bc>:!3863	quote_string
</home/chrzissis/cclyzer-souffle/tests/coreutils-8.24/chown.bc>:!3865	quote_string_len
</home/chrzissis/cclyzer-souffle/tests/coreutils-8.24/chown.bc>:!3867	backslash_escapes
</home/chrzissis/cclyzer-souffle/tests/coreutils-8.24/chown.bc>:!3869	unibyte_locale
</home/chrzissis/cclyzer-souffle/tests/coreutils-8.24/chown.bc>:!3215	buf
</home/chrzissis/cclyzer-souffle/tests/coreutils-8.24/chown.bc>:!3217	p
</home/chrzissis/cclyzer-souffle/tests/coreutils-8.24/chown.bc>:!3256	argv0
</home/chrzissis/cclyzer-souffle/tests/coreutils-8.24/chown.bc>:!3258	slash
</home/chrzissis/cclyzer-souffle/tests/coreutils-8.24/chown.bc>:!3260	base
</home/chrzissis/cclyzer-souffle/tests/coreutils-8.24/chown.bc>:!3316	o
</home/chrzissis/cclyzer-souffle/tests/coreutils-8.24/chown.bc>:!3318	e
</home/chrzissis/cclyzer-souffle/tests/coreutils-8.24/chown.bc>:!3321	p
</home/chrzissis/cclyzer-souffle/tests/coreutils-8.24/chown.bc>:!3337	o
</home/chrzissis/cclyzer-souffle/tests/coreutils-8.24/chown.bc>:!4005	esc
</home/chrzissis/cclyzer-souffle/tests/coreutils-8.24/chown.bc>:!4007	is_right_quote
</home/chrzissis/cclyzer-souffle/tests/coreutils-8.24/chown.bc>:!6150	fd
</home/chrzissis/cclyzer-souffle/tests/coreutils-8.24/chown.bc>:!6166	maxarglen
</home/chrzissis/cclyzer-souffle/tests/coreutils-8.24/chown.bc>:!6218	len
</home/chrzissis/cclyzer-souffle/tests/coreutils-8.24/chown.bc>:!6228	v
</home/chrzissis/cclyzer-souffle/tests/coreutils-8.24/chown.bc>:!6402	sp
</home/chrzissis/cclyzer-souffle/tests/coreutils-8.24/chown.bc>:!4332	m
</home/chrzissis/cclyzer-souffle/tests/coreutils-8.24/chown.bc>:!4335	printable
</home/chrzissis/cclyzer-souffle/tests/coreutils-8.24/chown.bc>:!4346	mbstate
</home/chrzissis/cclyzer-souffle/tests/coreutils-8.24/chown.bc>:!4371	w
</home/chrzissis/cclyzer-souffle/tests/coreutils-8.24/chown.bc>:!4374	bytes
</home/chrzissis/cclyzer-souffle/tests/coreutils-8.24/chown.bc>:!4430	j
</home/chrzissis/cclyzer-souffle/tests/coreutils-8.24/chown.bc>:!7605	sp
</home/chrzissis/cclyzer-souffle/tests/coreutils-8.24/chown.bc>:!7607	head
</home/chrzissis/cclyzer-souffle/tests/coreutils-8.24/chown.bc>:!7609	nitems
</home/chrzissis/cclyzer-souffle/tests/coreutils-8.24/chown.bc>:!7611	ap
</home/chrzissis/cclyzer-souffle/tests/coreutils-8.24/chown.bc>:!7614	p
</home/chrzissis/cclyzer-souffle/tests/coreutils-8.24/chown.bc>:!7616	dummy
</home/chrzissis/cclyzer-souffle/tests/coreutils-8.24/chown.bc>:!7618	compare
</home/chrzissis/cclyzer-souffle/tests/coreutils-8.24/chown.bc>:!7636	a
</home/chrzissis/cclyzer-souffle/tests/coreutils-8.24/chown.bc>:!7726	fts
</home/chrzissis/cclyzer-souffle/tests/coreutils-8.24/chown.bc>:!4694	n
</home/chrzissis/cclyzer-souffle/tests/coreutils-8.24/chown.bc>:!4696	arg
</home/chrzissis/cclyzer-souffle/tests/coreutils-8.24/chown.bc>:!4698	argsize
</home/chrzissis/cclyzer-souffle/tests/coreutils-8.24/chown.bc>:!4700	options
</home/chrzissis/cclyzer-souffle/tests/coreutils-8.24/chown.bc>:!4702	e
</home/chrzissis/cclyzer-souffle/tests/coreutils-8.24/chown.bc>:!4705	n0
</home/chrzissis/cclyzer-souffle/tests/coreutils-8.24/chown.bc>:!4708	sv
</home/chrzissis/cclyzer-souffle/tests/coreutils-8.24/chown.bc>:!4721	n1
</home/chrzissis/cclyzer-souffle/tests/coreutils-8.24/chown.bc>:!4726	preallocated
</home/chrzissis/cclyzer-souffle/tests/coreutils-8.24/chown.bc>:!4764	size
</home/chrzissis/cclyzer-souffle/tests/coreutils-8.24/chown.bc>:!4770	val
</home/chrzissis/cclyzer-souffle/tests/coreutils-8.24/chown.bc>:!4775	flags
</home/chrzissis/cclyzer-souffle/tests/coreutils-8.24/chown.bc>:!4780	qsize
</home/chrzissis/cclyzer-souffle/tests/coreutils-8.24/chown.bc>:!4842	style
</home/chrzissis/cclyzer-souffle/tests/coreutils-8.24/chown.bc>:!4844	o
</home/chrzissis/cclyzer-souffle/tests/coreutils-8.24/chown.bc>:!4856	msgid
</home/chrzissis/cclyzer-souffle/tests/coreutils-8.24/chown.bc>:!4858	s
</home/chrzissis/cclyzer-souffle/tests/coreutils-8.24/chown.bc>:!4860	translation
</home/chrzissis/cclyzer-souffle/tests/coreutils-8.24/chown.bc>:!4863	locale_code
</home/chrzissis/cclyzer-souffle/tests/coreutils-8.24/chown.bc>:!4890	root_d_i
</home/chrzissis/cclyzer-souffle/tests/coreutils-8.24/chown.bc>:!4930	spec
</home/chrzissis/cclyzer-souffle/tests/coreutils-8.24/chown.bc>:!4932	uid
</home/chrzissis/cclyzer-souffle/tests/coreutils-8.24/chown.bc>:!4934	gid
</home/chrzissis/cclyzer-souffle/tests/coreutils-8.24/chown.bc>:!4936	username
</home/chrzissis/cclyzer-souffle/tests/coreutils-8.24/chown.bc>:!4938	groupname
</home/chrzissis/cclyzer-souffle/tests/coreutils-8.24/chown.bc>:!4940	colon
</home/chrzissis/cclyzer-souffle/tests/coreutils-8.24/chown.bc>:!4951	error_msg
</home/chrzissis/cclyzer-souffle/tests/coreutils-8.24/chown.bc>:!4969	dot
</home/chrzissis/cclyzer-souffle/tests/coreutils-8.24/chown.bc>:!4892	statbuf
</home/chrzissis/cclyzer-souffle/tests/coreutils-8.24/chown.bc>:!4991	spec
</home/chrzissis/cclyzer-souffle/tests/coreutils-8.24/chown.bc>:!4993	separator
</home/chrzissis/cclyzer-souffle/tests/coreutils-8.24/chown.bc>:!4995	uid
</home/chrzissis/cclyzer-souffle/tests/coreutils-8.24/chown.bc>:!4997	gid
</home/chrzissis/cclyzer-souffle/tests/coreutils-8.24/chown.bc>:!4999	username
</home/chrzissis/cclyzer-souffle/tests/coreutils-8.24/chown.bc>:!5001	groupname
</home/chrzissis/cclyzer-souffle/tests/coreutils-8.24/chown.bc>:!5003	error_msg
</home/chrzissis/cclyzer-souffle/tests/coreutils-8.24/chown.bc>:!5005	pwd
</home/chrzissis/cclyzer-souffle/tests/coreutils-8.24/chown.bc>:!5017	grp
</home/chrzissis/cclyzer-souffle/tests/coreutils-8.24/chown.bc>:!5026	u
</home/chrzissis/cclyzer-souffle/tests/coreutils-8.24/chown.bc>:!5028	g
</home/chrzissis/cclyzer-souffle/tests/coreutils-8.24/chown.bc>:!5030	gname
</home/chrzissis/cclyzer-souffle/tests/coreutils-8.24/chown.bc>:!5032	unum
</home/chrzissis/cclyzer-souffle/tests/coreutils-8.24/chown.bc>:!5036	gnum
</home/chrzissis/cclyzer-souffle/tests/coreutils-8.24/chown.bc>:!5075	ulen
</home/chrzissis/cclyzer-souffle/tests/coreutils-8.24/chown.bc>:!5129	use_login_group
</home/chrzissis/cclyzer-souffle/tests/coreutils-8.24/chown.bc>:!5147	tmp
</home/chrzissis/cclyzer-souffle/tests/coreutils-8.24/chown.bc>:!5182	buf
</home/chrzissis/cclyzer-souffle/tests/coreutils-8.24/chown.bc>:!5231	tmp
</home/chrzissis/cclyzer-souffle/tests/coreutils-8.24/chown.bc>:!5304	stream
</home/chrzissis/cclyzer-souffle/tests/coreutils-8.24/chown.bc>:!5306	command_name
</home/chrzissis/cclyzer-souffle/tests/coreutils-8.24/chown.bc>:!5308	package
</home/chrzissis/cclyzer-souffle/tests/coreutils-8.24/chown.bc>:!5310	version
</home/chrzissis/cclyzer-souffle/tests/coreutils-8.24/chown.bc>:!5312	authors
</home/chrzissis/cclyzer-souffle/tests/coreutils-8.24/chown.bc>:!5314	n_authors
</home/chrzissis/cclyzer-souffle/tests/coreutils-8.24/chown.bc>:!5431	stream
</home/chrzissis/cclyzer-souffle/tests/coreutils-8.24/chown.bc>:!5433	command_name
</home/chrzissis/cclyzer-souffle/tests/coreutils-8.24/chown.bc>:!5435	package
</home/chrzissis/cclyzer-souffle/tests/coreutils-8.24/chown.bc>:!5437	version
</home/chrzissis/cclyzer-souffle/tests/coreutils-8.24/chown.bc>:!5439	authors
</home/chrzissis/cclyzer-souffle/tests/coreutils-8.24/chown.bc>:!5441	n_authors
</home/chrzissis/cclyzer-souffle/tests/coreutils-8.24/chown.bc>:!5465	stream
</home/chrzissis/cclyzer-souffle/tests/coreutils-8.24/chown.bc>:!5467	command_name
</home/chrzissis/cclyzer-souffle/tests/coreutils-8.24/chown.bc>:!5469	package
</home/chrzissis/cclyzer-souffle/tests/coreutils-8.24/chown.bc>:!5471	version
</home/chrzissis/cclyzer-souffle/tests/coreutils-8.24/chown.bc>:!5473	authors
</home/chrzissis/cclyzer-souffle/tests/coreutils-8.24/chown.bc>:!5475	n_authors
</home/chrzissis/cclyzer-souffle/tests/coreutils-8.24/chown.bc>:!5477	authtab
</home/chrzissis/cclyzer-souffle/tests/coreutils-8.24/chown.bc>:!5516	stream
</home/chrzissis/cclyzer-souffle/tests/coreutils-8.24/chown.bc>:!5518	command_name
</home/chrzissis/cclyzer-souffle/tests/coreutils-8.24/chown.bc>:!5520	package
</home/chrzissis/cclyzer-souffle/tests/coreutils-8.24/chown.bc>:!5522	version
</home/chrzissis/cclyzer-souffle/tests/coreutils-8.24/chown.bc>:!5524	authors
</home/chrzissis/cclyzer-souffle/tests/coreutils-8.24/chown.bc>:!5546	n
</home/chrzissis/cclyzer-souffle/tests/coreutils-8.24/chown.bc>:!5548	s
</home/chrzissis/cclyzer-souffle/tests/coreutils-8.24/chown.bc>:!5559	n
</home/chrzissis/cclyzer-souffle/tests/coreutils-8.24/chown.bc>:!5561	p
</home/chrzissis/cclyzer-souffle/tests/coreutils-8.24/chown.bc>:!5575	p
</home/chrzissis/cclyzer-souffle/tests/coreutils-8.24/chown.bc>:!5577	n
</home/chrzissis/cclyzer-souffle/tests/coreutils-8.24/chown.bc>:!5579	s
</home/chrzissis/cclyzer-souffle/tests/coreutils-8.24/chown.bc>:!5591	p
</home/chrzissis/cclyzer-souffle/tests/coreutils-8.24/chown.bc>:!5593	n
</home/chrzissis/cclyzer-souffle/tests/coreutils-8.24/chown.bc>:!5619	p
</home/chrzissis/cclyzer-souffle/tests/coreutils-8.24/chown.bc>:!5621	pn
</home/chrzissis/cclyzer-souffle/tests/coreutils-8.24/chown.bc>:!5623	s
</home/chrzissis/cclyzer-souffle/tests/coreutils-8.24/chown.bc>:!5625	n
</home/chrzissis/cclyzer-souffle/tests/coreutils-8.24/chown.bc>:!5666	n
</home/chrzissis/cclyzer-souffle/tests/coreutils-8.24/chown.bc>:!5670	p
</home/chrzissis/cclyzer-souffle/tests/coreutils-8.24/chown.bc>:!5672	pn
</home/chrzissis/cclyzer-souffle/tests/coreutils-8.24/chown.bc>:!5678	s
</home/chrzissis/cclyzer-souffle/tests/coreutils-8.24/chown.bc>:!5685	n
</home/chrzissis/cclyzer-souffle/tests/coreutils-8.24/chown.bc>:!5687	s
</home/chrzissis/cclyzer-souffle/tests/coreutils-8.24/chown.bc>:!5689	p
</home/chrzissis/cclyzer-souffle/tests/coreutils-8.24/chown.bc>:!5700	p
</home/chrzissis/cclyzer-souffle/tests/coreutils-8.24/chown.bc>:!5702	s
</home/chrzissis/cclyzer-souffle/tests/coreutils-8.24/chown.bc>:!5710	string
</home/chrzissis/cclyzer-souffle/tests/coreutils-8.24/chown.bc>:!5723	argv
</home/chrzissis/cclyzer-souffle/tests/coreutils-8.24/chown.bc>:!5725	options
</home/chrzissis/cclyzer-souffle/tests/coreutils-8.24/chown.bc>:!5727	compar
</home/chrzissis/cclyzer-souffle/tests/coreutils-8.24/chown.bc>:!5729	fts
</home/chrzissis/cclyzer-souffle/tests/coreutils-8.24/chown.bc>:!5749	fts
</home/chrzissis/cclyzer-souffle/tests/coreutils-8.24/chown.bc>:!5751	ent
</home/chrzissis/cclyzer-souffle/tests/coreutils-8.24/chown.bc>:!5769	s
</home/chrzissis/cclyzer-souffle/tests/coreutils-8.24/chown.bc>:!5771	ptr
</home/chrzissis/cclyzer-souffle/tests/coreutils-8.24/chown.bc>:!5773	strtol_base
</home/chrzissis/cclyzer-souffle/tests/coreutils-8.24/chown.bc>:!5775	val
</home/chrzissis/cclyzer-souffle/tests/coreutils-8.24/chown.bc>:!5777	valid_suffixes
</home/chrzissis/cclyzer-souffle/tests/coreutils-8.24/chown.bc>:!5779	t_ptr
</home/chrzissis/cclyzer-souffle/tests/coreutils-8.24/chown.bc>:!5781	p
</home/chrzissis/cclyzer-souffle/tests/coreutils-8.24/chown.bc>:!5783	tmp
</home/chrzissis/cclyzer-souffle/tests/coreutils-8.24/chown.bc>:!5785	err
</home/chrzissis/cclyzer-souffle/tests/coreutils-8.24/chown.bc>:!5802	q
</home/chrzissis/cclyzer-souffle/tests/coreutils-8.24/chown.bc>:!5807	ch
</home/chrzissis/cclyzer-souffle/tests/coreutils-8.24/chown.bc>:!5881	base
</home/chrzissis/cclyzer-souffle/tests/coreutils-8.24/chown.bc>:!5884	suffixes
</home/chrzissis/cclyzer-souffle/tests/coreutils-8.24/chown.bc>:!5886	overflow
</home/chrzissis/cclyzer-souffle/tests/coreutils-8.24/chown.bc>:!5994	x
</home/chrzissis/cclyzer-souffle/tests/coreutils-8.24/chown.bc>:!5996	scale_factor
</home/chrzissis/cclyzer-souffle/tests/coreutils-8.24/chown.bc>:!6014	x
</home/chrzissis/cclyzer-souffle/tests/coreutils-8.24/chown.bc>:!6016	base
</home/chrzissis/cclyzer-souffle/tests/coreutils-8.24/chown.bc>:!6018	power
</home/chrzissis/cclyzer-souffle/tests/coreutils-8.24/chown.bc>:!6020	err
</home/chrzissis/cclyzer-souffle/tests/coreutils-8.24/chown.bc>:!6032	n
</home/chrzissis/cclyzer-souffle/tests/coreutils-8.24/chown.bc>:!6034	s
</home/chrzissis/cclyzer-souffle/tests/coreutils-8.24/chown.bc>:!6036	result
</home/chrzissis/cclyzer-souffle/tests/coreutils-8.24/chown.bc>:!6050	bytes
</home/chrzissis/cclyzer-souffle/tests/coreutils-8.24/chown.bc>:!6074	argv
</home/chrzissis/cclyzer-souffle/tests/coreutils-8.24/chown.bc>:!6076	options
</home/chrzissis/cclyzer-souffle/tests/coreutils-8.24/chown.bc>:!6078	compar
</home/chrzissis/cclyzer-souffle/tests/coreutils-8.24/chown.bc>:!6080	sp
</home/chrzissis/cclyzer-souffle/tests/coreutils-8.24/chown.bc>:!6082	p
</home/chrzissis/cclyzer-souffle/tests/coreutils-8.24/chown.bc>:!6084	root
</home/chrzissis/cclyzer-souffle/tests/coreutils-8.24/chown.bc>:!6086	nitems
</home/chrzissis/cclyzer-souffle/tests/coreutils-8.24/chown.bc>:!6088	parent
</home/chrzissis/cclyzer-souffle/tests/coreutils-8.24/chown.bc>:!6090	tmp
</home/chrzissis/cclyzer-souffle/tests/coreutils-8.24/chown.bc>:!6092	defer_stat
</home/chrzissis/cclyzer-souffle/tests/coreutils-8.24/chown.bc>:!9965	table
</home/chrzissis/cclyzer-souffle/tests/coreutils-8.24/chown.bc>:!9967	entry
</home/chrzissis/cclyzer-souffle/tests/coreutils-8.24/chown.bc>:!9969	bucket
</home/chrzissis/cclyzer-souffle/tests/coreutils-8.24/chown.bc>:!9974	cursor
</home/chrzissis/cclyzer-souffle/tests/coreutils-8.24/chown.bc>:!10017	table
</home/chrzissis/cclyzer-souffle/tests/coreutils-8.24/chown.bc>:!10019	buffer
</home/chrzissis/cclyzer-souffle/tests/coreutils-8.24/chown.bc>:!10021	buffer_size
</home/chrzissis/cclyzer-souffle/tests/coreutils-8.24/chown.bc>:!10023	counter
</home/chrzissis/cclyzer-souffle/tests/coreutils-8.24/chown.bc>:!10025	bucket
</home/chrzissis/cclyzer-souffle/tests/coreutils-8.24/chown.bc>:!10027	cursor
</home/chrzissis/cclyzer-souffle/tests/coreutils-8.24/chown.bc>:!10082	table
</home/chrzissis/cclyzer-souffle/tests/coreutils-8.24/chown.bc>:!10084	processor
</home/chrzissis/cclyzer-souffle/tests/coreutils-8.24/chown.bc>:!10086	processor_data
</home/chrzissis/cclyzer-souffle/tests/coreutils-8.24/chown.bc>:!10088	counter
</home/chrzissis/cclyzer-souffle/tests/coreutils-8.24/chown.bc>:!10090	bucket
</home/chrzissis/cclyzer-souffle/tests/coreutils-8.24/chown.bc>:!10092	cursor
</home/chrzissis/cclyzer-souffle/tests/coreutils-8.24/chown.bc>:!10144	string
</home/chrzissis/cclyzer-souffle/tests/coreutils-8.24/chown.bc>:!10146	n_buckets
</home/chrzissis/cclyzer-souffle/tests/coreutils-8.24/chown.bc>:!10148	value
</home/chrzissis/cclyzer-souffle/tests/coreutils-8.24/chown.bc>:!10150	ch
</home/chrzissis/cclyzer-souffle/tests/coreutils-8.24/chown.bc>:!10173	tuning
</home/chrzissis/cclyzer-souffle/tests/coreutils-8.24/chown.bc>:!10178	candidate
</home/chrzissis/cclyzer-souffle/tests/coreutils-8.24/chown.bc>:!10180	tuning
</home/chrzissis/cclyzer-souffle/tests/coreutils-8.24/chown.bc>:!10182	hasher
</home/chrzissis/cclyzer-souffle/tests/coreutils-8.24/chown.bc>:!10184	comparator
</home/chrzissis/cclyzer-souffle/tests/coreutils-8.24/chown.bc>:!10186	data_freer
</home/chrzissis/cclyzer-souffle/tests/coreutils-8.24/chown.bc>:!10188	table
</home/chrzissis/cclyzer-souffle/tests/coreutils-8.24/chown.bc>:!6404	freep
</home/chrzissis/cclyzer-souffle/tests/coreutils-8.24/chown.bc>:!6406	p
</home/chrzissis/cclyzer-souffle/tests/coreutils-8.24/chown.bc>:!6408	saved_errno
</home/chrzissis/cclyzer-souffle/tests/coreutils-8.24/chown.bc>:!6530	sp
</home/chrzissis/cclyzer-souffle/tests/coreutils-8.24/chown.bc>:!6532	p
</home/chrzissis/cclyzer-souffle/tests/coreutils-8.24/chown.bc>:!6534	tmp
</home/chrzissis/cclyzer-souffle/tests/coreutils-8.24/chown.bc>:!6536	instr
</home/chrzissis/cclyzer-souffle/tests/coreutils-8.24/chown.bc>:!6538	t
</home/chrzissis/cclyzer-souffle/tests/coreutils-8.24/chown.bc>:!6942	parent
</home/chrzissis/cclyzer-souffle/tests/coreutils-8.24/chown.bc>:!7160	sp
</home/chrzissis/cclyzer-souffle/tests/coreutils-8.24/chown.bc>:!7162	p
</home/chrzissis/cclyzer-souffle/tests/coreutils-8.24/chown.bc>:!7164	instr
</home/chrzissis/cclyzer-souffle/tests/coreutils-8.24/chown.bc>:!7193	sp
</home/chrzissis/cclyzer-souffle/tests/coreutils-8.24/chown.bc>:!7195	instr
</home/chrzissis/cclyzer-souffle/tests/coreutils-8.24/chown.bc>:!7197	p
</home/chrzissis/cclyzer-souffle/tests/coreutils-8.24/chown.bc>:!7199	fd
</home/chrzissis/cclyzer-souffle/tests/coreutils-8.24/chown.bc>:!7300	saved_errno
</home/chrzissis/cclyzer-souffle/tests/coreutils-8.24/chown.bc>:!7314	argv
</home/chrzissis/cclyzer-souffle/tests/coreutils-8.24/chown.bc>:!7316	len
</home/chrzissis/cclyzer-souffle/tests/coreutils-8.24/chown.bc>:!7318	max
</home/chrzissis/cclyzer-souffle/tests/coreutils-8.24/chown.bc>:!7499	sbp
</home/chrzissis/cclyzer-souffle/tests/coreutils-8.24/chown.bc>:!7503	saved_errno
</home/chrzissis/cclyzer-souffle/tests/coreutils-8.24/chown.bc>:!7764	sp
</home/chrzissis/cclyzer-souffle/tests/coreutils-8.24/chown.bc>:!7766	dir
</home/chrzissis/cclyzer-souffle/tests/coreutils-8.24/chown.bc>:!7768	open_flags
</home/chrzissis/cclyzer-souffle/tests/coreutils-8.24/chown.bc>:!7774	fd
</home/chrzissis/cclyzer-souffle/tests/coreutils-8.24/chown.bc>:!7796	head
</home/chrzissis/cclyzer-souffle/tests/coreutils-8.24/chown.bc>:!7798	p
</home/chrzissis/cclyzer-souffle/tests/coreutils-8.24/chown.bc>:!7819	fd_ring
</home/chrzissis/cclyzer-souffle/tests/coreutils-8.24/chown.bc>:!7827	fd
</home/chrzissis/cclyzer-souffle/tests/coreutils-8.24/chown.bc>:!7839	sp
</home/chrzissis/cclyzer-souffle/tests/coreutils-8.24/chown.bc>:!7862	fts
</home/chrzissis/cclyzer-souffle/tests/coreutils-8.24/chown.bc>:!7864	ent
</home/chrzissis/cclyzer-souffle/tests/coreutils-8.24/chown.bc>:!7866	st
</home/chrzissis/cclyzer-souffle/tests/coreutils-8.24/chown.bc>:!7877	obj
</home/chrzissis/cclyzer-souffle/tests/coreutils-8.24/chown.bc>:!7885	found
</home/chrzissis/cclyzer-souffle/tests/coreutils-8.24/chown.bc>:!7908	parent
</home/chrzissis/cclyzer-souffle/tests/coreutils-8.24/chown.bc>:!7945	sp
</home/chrzissis/cclyzer-souffle/tests/coreutils-8.24/chown.bc>:!7947	p
</home/chrzissis/cclyzer-souffle/tests/coreutils-8.24/chown.bc>:!7949	fd
</home/chrzissis/cclyzer-souffle/tests/coreutils-8.24/chown.bc>:!7951	dir
</home/chrzissis/cclyzer-souffle/tests/coreutils-8.24/chown.bc>:!7953	ret
</home/chrzissis/cclyzer-souffle/tests/coreutils-8.24/chown.bc>:!7955	is_dotdot
</home/chrzissis/cclyzer-souffle/tests/coreutils-8.24/chown.bc>:!7963	newfd
</home/chrzissis/cclyzer-souffle/tests/coreutils-8.24/chown.bc>:!7995	parent_fd
</home/chrzissis/cclyzer-souffle/tests/coreutils-8.24/chown.bc>:!8037	sb
</home/chrzissis/cclyzer-souffle/tests/coreutils-8.24/chown.bc>:!8085	oerrno
</home/chrzissis/cclyzer-souffle/tests/coreutils-8.24/chown.bc>:!8096	sp
</home/chrzissis/cclyzer-souffle/tests/coreutils-8.24/chown.bc>:!8098	type
</home/chrzissis/cclyzer-souffle/tests/coreutils-8.24/chown.bc>:!8100	p
</home/chrzissis/cclyzer-souffle/tests/coreutils-8.24/chown.bc>:!8102	head
</home/chrzissis/cclyzer-souffle/tests/coreutils-8.24/chown.bc>:!8104	nitems
</home/chrzissis/cclyzer-souffle/tests/coreutils-8.24/chown.bc>:!8106	tail
</home/chrzissis/cclyzer-souffle/tests/coreutils-8.24/chown.bc>:!8108	oldaddr
</home/chrzissis/cclyzer-souffle/tests/coreutils-8.24/chown.bc>:!8110	saved_errno
</home/chrzissis/cclyzer-souffle/tests/coreutils-8.24/chown.bc>:!8112	descend
</home/chrzissis/cclyzer-souffle/tests/coreutils-8.24/chown.bc>:!8114	doadjust
</home/chrzissis/cclyzer-souffle/tests/coreutils-8.24/chown.bc>:!8116	level
</home/chrzissis/cclyzer-souffle/tests/coreutils-8.24/chown.bc>:!8118	nlinks
</home/chrzissis/cclyzer-souffle/tests/coreutils-8.24/chown.bc>:!8120	nostat
</home/chrzissis/cclyzer-souffle/tests/coreutils-8.24/chown.bc>:!8122	len
</home/chrzissis/cclyzer-souffle/tests/coreutils-8.24/chown.bc>:!8124	maxlen
</home/chrzissis/cclyzer-souffle/tests/coreutils-8.24/chown.bc>:!8126	new_len
</home/chrzissis/cclyzer-souffle/tests/coreutils-8.24/chown.bc>:!8128	cp
</home/chrzissis/cclyzer-souffle/tests/coreutils-8.24/chown.bc>:!8130	dir_fd
</home/chrzissis/cclyzer-souffle/tests/coreutils-8.24/chown.bc>:!8132	cur
</home/chrzissis/cclyzer-souffle/tests/coreutils-8.24/chown.bc>:!8136	continue_readdir
</home/chrzissis/cclyzer-souffle/tests/coreutils-8.24/chown.bc>:!8142	max_entries
</home/chrzissis/cclyzer-souffle/tests/coreutils-8.24/chown.bc>:!8147	dp
</home/chrzissis/cclyzer-souffle/tests/coreutils-8.24/chown.bc>:!8397	is_dir
</home/chrzissis/cclyzer-souffle/tests/coreutils-8.24/chown.bc>:!8400	d_namelen
</home/chrzissis/cclyzer-souffle/tests/coreutils-8.24/chown.bc>:!8402	dp
</home/chrzissis/cclyzer-souffle/tests/coreutils-8.24/chown.bc>:!8578	skip_stat
</home/chrzissis/cclyzer-souffle/tests/coreutils-8.24/chown.bc>:!8790	sp
</home/chrzissis/cclyzer-souffle/tests/coreutils-8.24/chown.bc>:!8792	fail
</home/chrzissis/cclyzer-souffle/tests/coreutils-8.24/chown.bc>:!8825	sp
</home/chrzissis/cclyzer-souffle/tests/coreutils-8.24/chown.bc>:!8827	p
</home/chrzissis/cclyzer-souffle/tests/coreutils-8.24/chown.bc>:!8829	len
</home/chrzissis/cclyzer-souffle/tests/coreutils-8.24/chown.bc>:!8831	cp
</home/chrzissis/cclyzer-souffle/tests/coreutils-8.24/chown.bc>:!8885	p
</home/chrzissis/cclyzer-souffle/tests/coreutils-8.24/chown.bc>:!8887	sp
</home/chrzissis/cclyzer-souffle/tests/coreutils-8.24/chown.bc>:!8891	h
</home/chrzissis/cclyzer-souffle/tests/coreutils-8.24/chown.bc>:!8897	tmp
</home/chrzissis/cclyzer-souffle/tests/coreutils-8.24/chown.bc>:!8903	ent
</home/chrzissis/cclyzer-souffle/tests/coreutils-8.24/chown.bc>:!8906	opt_ok
</home/chrzissis/cclyzer-souffle/tests/coreutils-8.24/chown.bc>:!8908	t2
</home/chrzissis/cclyzer-souffle/tests/coreutils-8.24/chown.bc>:!8991	fts
</home/chrzissis/cclyzer-souffle/tests/coreutils-8.24/chown.bc>:!8993	ent
</home/chrzissis/cclyzer-souffle/tests/coreutils-8.24/chown.bc>:!9000	st
</home/chrzissis/cclyzer-souffle/tests/coreutils-8.24/chown.bc>:!9005	ad
</home/chrzissis/cclyzer-souffle/tests/coreutils-8.24/chown.bc>:!9009	ad_from_table
</home/chrzissis/cclyzer-souffle/tests/coreutils-8.24/chown.bc>:!9077	sp
</home/chrzissis/cclyzer-souffle/tests/coreutils-8.24/chown.bc>:!9079	fd
</home/chrzissis/cclyzer-souffle/tests/coreutils-8.24/chown.bc>:!9081	chdir_down_one
</home/chrzissis/cclyzer-souffle/tests/coreutils-8.24/chown.bc>:!9083	old
</home/chrzissis/cclyzer-souffle/tests/coreutils-8.24/chown.bc>:!9103	prev_fd_in_slot
</home/chrzissis/cclyzer-souffle/tests/coreutils-8.24/chown.bc>:!9133	x
</home/chrzissis/cclyzer-souffle/tests/coreutils-8.24/chown.bc>:!9135	table_size
</home/chrzissis/cclyzer-souffle/tests/coreutils-8.24/chown.bc>:!9137	ax
</home/chrzissis/cclyzer-souffle/tests/coreutils-8.24/chown.bc>:!9147	x
</home/chrzissis/cclyzer-souffle/tests/coreutils-8.24/chown.bc>:!9149	y
</home/chrzissis/cclyzer-souffle/tests/coreutils-8.24/chown.bc>:!9151	ax
</home/chrzissis/cclyzer-souffle/tests/coreutils-8.24/chown.bc>:!9154	ay
</home/chrzissis/cclyzer-souffle/tests/coreutils-8.24/chown.bc>:!9170	x
</home/chrzissis/cclyzer-souffle/tests/coreutils-8.24/chown.bc>:!9172	table_size
</home/chrzissis/cclyzer-souffle/tests/coreutils-8.24/chown.bc>:!9174	ax
</home/chrzissis/cclyzer-souffle/tests/coreutils-8.24/chown.bc>:!9184	x
</home/chrzissis/cclyzer-souffle/tests/coreutils-8.24/chown.bc>:!9186	y
</home/chrzissis/cclyzer-souffle/tests/coreutils-8.24/chown.bc>:!9188	ax
</home/chrzissis/cclyzer-souffle/tests/coreutils-8.24/chown.bc>:!9191	ay
</home/chrzissis/cclyzer-souffle/tests/coreutils-8.24/chown.bc>:!9200	dir_fd
</home/chrzissis/cclyzer-souffle/tests/coreutils-8.24/chown.bc>:!9202	fs_buf
</home/chrzissis/cclyzer-souffle/tests/coreutils-8.24/chown.bc>:!9242	fd
</home/chrzissis/cclyzer-souffle/tests/coreutils-8.24/chown.bc>:!9244	dir
</home/chrzissis/cclyzer-souffle/tests/coreutils-8.24/chown.bc>:!9246	extra_flags
</home/chrzissis/cclyzer-souffle/tests/coreutils-8.24/chown.bc>:!9248	pdir_fd
</home/chrzissis/cclyzer-souffle/tests/coreutils-8.24/chown.bc>:!9250	new_fd
</home/chrzissis/cclyzer-souffle/tests/coreutils-8.24/chown.bc>:!9257	dirp
</home/chrzissis/cclyzer-souffle/tests/coreutils-8.24/chown.bc>:!9276	saved_errno
</home/chrzissis/cclyzer-souffle/tests/coreutils-8.24/chown.bc>:!9288	st
</home/chrzissis/cclyzer-souffle/tests/coreutils-8.24/chown.bc>:!9290	dtype
</home/chrzissis/cclyzer-souffle/tests/coreutils-8.24/chown.bc>:!9292	type
</home/chrzissis/cclyzer-souffle/tests/coreutils-8.24/chown.bc>:!9319	sp
</home/chrzissis/cclyzer-souffle/tests/coreutils-8.24/chown.bc>:!9321	head
</home/chrzissis/cclyzer-souffle/tests/coreutils-8.24/chown.bc>:!9323	p
</home/chrzissis/cclyzer-souffle/tests/coreutils-8.24/chown.bc>:!9325	addr
</home/chrzissis/cclyzer-souffle/tests/coreutils-8.24/chown.bc>:!9394	dir_fd
</home/chrzissis/cclyzer-souffle/tests/coreutils-8.24/chown.bc>:!9396	fs_buf
</home/chrzissis/cclyzer-souffle/tests/coreutils-8.24/chown.bc>:!9410	a
</home/chrzissis/cclyzer-souffle/tests/coreutils-8.24/chown.bc>:!9412	b
</home/chrzissis/cclyzer-souffle/tests/coreutils-8.24/chown.bc>:!9433	a
</home/chrzissis/cclyzer-souffle/tests/coreutils-8.24/chown.bc>:!9435	b
</home/chrzissis/cclyzer-souffle/tests/coreutils-8.24/chown.bc>:!9437	pa
</home/chrzissis/cclyzer-souffle/tests/coreutils-8.24/chown.bc>:!9441	pb
</home/chrzissis/cclyzer-souffle/tests/coreutils-8.24/chown.bc>:!9451	pwc
</home/chrzissis/cclyzer-souffle/tests/coreutils-8.24/chown.bc>:!9453	s
</home/chrzissis/cclyzer-souffle/tests/coreutils-8.24/chown.bc>:!9455	n
</home/chrzissis/cclyzer-souffle/tests/coreutils-8.24/chown.bc>:!9457	ps
</home/chrzissis/cclyzer-souffle/tests/coreutils-8.24/chown.bc>:!9481	s1
</home/chrzissis/cclyzer-souffle/tests/coreutils-8.24/chown.bc>:!9483	s2
</home/chrzissis/cclyzer-souffle/tests/coreutils-8.24/chown.bc>:!9485	p1
</home/chrzissis/cclyzer-souffle/tests/coreutils-8.24/chown.bc>:!9488	p2
</home/chrzissis/cclyzer-souffle/tests/coreutils-8.24/chown.bc>:!9491	c1
</home/chrzissis/cclyzer-souffle/tests/coreutils-8.24/chown.bc>:!9493	c2
</home/chrzissis/cclyzer-souffle/tests/coreutils-8.24/chown.bc>:!9528	desc
</home/chrzissis/cclyzer-souffle/tests/coreutils-8.24/chown.bc>:!9530	value
</home/chrzissis/cclyzer-souffle/tests/coreutils-8.24/chown.bc>:!9532	flags
</home/chrzissis/cclyzer-souffle/tests/coreutils-8.24/chown.bc>:!9540	newflags
</home/chrzissis/cclyzer-souffle/tests/coreutils-8.24/chown.bc>:!9568	fd
</home/chrzissis/cclyzer-souffle/tests/coreutils-8.24/chown.bc>:!9573	stream
</home/chrzissis/cclyzer-souffle/tests/coreutils-8.24/chown.bc>:!9575	some_pending
</home/chrzissis/cclyzer-souffle/tests/coreutils-8.24/chown.bc>:!9581	prev_fail
</home/chrzissis/cclyzer-souffle/tests/coreutils-8.24/chown.bc>:!9585	fclose_fail
</home/chrzissis/cclyzer-souffle/tests/coreutils-8.24/chown.bc>:!9612	state
</home/chrzissis/cclyzer-souffle/tests/coreutils-8.24/chown.bc>:!9621	state
</home/chrzissis/cclyzer-souffle/tests/coreutils-8.24/chown.bc>:!9623	sb
</home/chrzissis/cclyzer-souffle/tests/coreutils-8.24/chown.bc>:!9668	i
</home/chrzissis/cclyzer-souffle/tests/coreutils-8.24/chown.bc>:!9676	file
</home/chrzissis/cclyzer-souffle/tests/coreutils-8.24/chown.bc>:!9678	flags
</home/chrzissis/cclyzer-souffle/tests/coreutils-8.24/chown.bc>:!9680	mode
</home/chrzissis/cclyzer-souffle/tests/coreutils-8.24/chown.bc>:!9686	ap
</home/chrzissis/cclyzer-souffle/tests/coreutils-8.24/chown.bc>:!9717	table
</home/chrzissis/cclyzer-souffle/tests/coreutils-8.24/chown.bc>:!9722	table
</home/chrzissis/cclyzer-souffle/tests/coreutils-8.24/chown.bc>:!9727	table
</home/chrzissis/cclyzer-souffle/tests/coreutils-8.24/chown.bc>:!9732	table
</home/chrzissis/cclyzer-souffle/tests/coreutils-8.24/chown.bc>:!9734	bucket
</home/chrzissis/cclyzer-souffle/tests/coreutils-8.24/chown.bc>:!9736	max_bucket_length
</home/chrzissis/cclyzer-souffle/tests/coreutils-8.24/chown.bc>:!9756	cursor
</home/chrzissis/cclyzer-souffle/tests/coreutils-8.24/chown.bc>:!9760	bucket_length
</home/chrzissis/cclyzer-souffle/tests/coreutils-8.24/chown.bc>:!9784	table
</home/chrzissis/cclyzer-souffle/tests/coreutils-8.24/chown.bc>:!9786	bucket
</home/chrzissis/cclyzer-souffle/tests/coreutils-8.24/chown.bc>:!9788	n_buckets_used
</home/chrzissis/cclyzer-souffle/tests/coreutils-8.24/chown.bc>:!9790	n_entries
</home/chrzissis/cclyzer-souffle/tests/coreutils-8.24/chown.bc>:!9810	cursor
</home/chrzissis/cclyzer-souffle/tests/coreutils-8.24/chown.bc>:!9843	table
</home/chrzissis/cclyzer-souffle/tests/coreutils-8.24/chown.bc>:!9845	stream
</home/chrzissis/cclyzer-souffle/tests/coreutils-8.24/chown.bc>:!9847	n_entries
</home/chrzissis/cclyzer-souffle/tests/coreutils-8.24/chown.bc>:!9851	n_buckets
</home/chrzissis/cclyzer-souffle/tests/coreutils-8.24/chown.bc>:!9855	n_buckets_used
</home/chrzissis/cclyzer-souffle/tests/coreutils-8.24/chown.bc>:!9859	max_bucket_length
</home/chrzissis/cclyzer-souffle/tests/coreutils-8.24/chown.bc>:!9880	table
</home/chrzissis/cclyzer-souffle/tests/coreutils-8.24/chown.bc>:!9882	entry
</home/chrzissis/cclyzer-souffle/tests/coreutils-8.24/chown.bc>:!9884	bucket
</home/chrzissis/cclyzer-souffle/tests/coreutils-8.24/chown.bc>:!9889	cursor
</home/chrzissis/cclyzer-souffle/tests/coreutils-8.24/chown.bc>:!9931	table
</home/chrzissis/cclyzer-souffle/tests/coreutils-8.24/chown.bc>:!9933	bucket
</home/chrzissis/cclyzer-souffle/tests/coreutils-8.24/chown.bc>:!10282	table
</home/chrzissis/cclyzer-souffle/tests/coreutils-8.24/chown.bc>:!10284	bucket
</home/chrzissis/cclyzer-souffle/tests/coreutils-8.24/chown.bc>:!10304	cursor
</home/chrzissis/cclyzer-souffle/tests/coreutils-8.24/chown.bc>:!10307	next
</home/chrzissis/cclyzer-souffle/tests/coreutils-8.24/chown.bc>:!10372	table
</home/chrzissis/cclyzer-souffle/tests/coreutils-8.24/chown.bc>:!10374	bucket
</home/chrzissis/cclyzer-souffle/tests/coreutils-8.24/chown.bc>:!10376	cursor
</home/chrzissis/cclyzer-souffle/tests/coreutils-8.24/chown.bc>:!10378	next
</home/chrzissis/cclyzer-souffle/tests/coreutils-8.24/chown.bc>:!10494	table
</home/chrzissis/cclyzer-souffle/tests/coreutils-8.24/chown.bc>:!10496	candidate
</home/chrzissis/cclyzer-souffle/tests/coreutils-8.24/chown.bc>:!10498	storage
</home/chrzissis/cclyzer-souffle/tests/coreutils-8.24/chown.bc>:!10500	new_table
</home/chrzissis/cclyzer-souffle/tests/coreutils-8.24/chown.bc>:!10502	new_size
</home/chrzissis/cclyzer-souffle/tests/coreutils-8.24/chown.bc>:!10629	table
</home/chrzissis/cclyzer-souffle/tests/coreutils-8.24/chown.bc>:!10631	entry
</home/chrzissis/cclyzer-souffle/tests/coreutils-8.24/chown.bc>:!10633	matched_ent
</home/chrzissis/cclyzer-souffle/tests/coreutils-8.24/chown.bc>:!10635	data
</home/chrzissis/cclyzer-souffle/tests/coreutils-8.24/chown.bc>:!10637	bucket
</home/chrzissis/cclyzer-souffle/tests/coreutils-8.24/chown.bc>:!10684	tuning
</home/chrzissis/cclyzer-souffle/tests/coreutils-8.24/chown.bc>:!10689	candidate
</home/chrzissis/cclyzer-souffle/tests/coreutils-8.24/chown.bc>:!10730	new_entry
</home/chrzissis/cclyzer-souffle/tests/coreutils-8.24/chown.bc>:!10769	table
</home/chrzissis/cclyzer-souffle/tests/coreutils-8.24/chown.bc>:!10771	entry
</home/chrzissis/cclyzer-souffle/tests/coreutils-8.24/chown.bc>:!10773	matched_ent
</home/chrzissis/cclyzer-souffle/tests/coreutils-8.24/chown.bc>:!10775	err
</home/chrzissis/cclyzer-souffle/tests/coreutils-8.24/chown.bc>:!10791	table
</home/chrzissis/cclyzer-souffle/tests/coreutils-8.24/chown.bc>:!10793	entry
</home/chrzissis/cclyzer-souffle/tests/coreutils-8.24/chown.bc>:!10795	data
</home/chrzissis/cclyzer-souffle/tests/coreutils-8.24/chown.bc>:!10797	bucket
</home/chrzissis/cclyzer-souffle/tests/coreutils-8.24/chown.bc>:!10843	tuning
</home/chrzissis/cclyzer-souffle/tests/coreutils-8.24/chown.bc>:!10848	candidate
</home/chrzissis/cclyzer-souffle/tests/coreutils-8.24/chown.bc>:!10873	cursor
</home/chrzissis/cclyzer-souffle/tests/coreutils-8.24/chown.bc>:!10878	next
</home/chrzissis/cclyzer-souffle/tests/coreutils-8.24/chown.bc>:!10902	table
</home/chrzissis/cclyzer-souffle/tests/coreutils-8.24/chown.bc>:!10904	key
</home/chrzissis/cclyzer-souffle/tests/coreutils-8.24/chown.bc>:!10906	n
</home/chrzissis/cclyzer-souffle/tests/coreutils-8.24/chown.bc>:!10925	data
</home/chrzissis/cclyzer-souffle/tests/coreutils-8.24/chown.bc>:!10927	n
</home/chrzissis/cclyzer-souffle/tests/coreutils-8.24/chown.bc>:!10929	val
</home/chrzissis/cclyzer-souffle/tests/coreutils-8.24/chown.bc>:!10938	a
</home/chrzissis/cclyzer-souffle/tests/coreutils-8.24/chown.bc>:!10940	b
</home/chrzissis/cclyzer-souffle/tests/coreutils-8.24/chown.bc>:!10946	table
</home/chrzissis/cclyzer-souffle/tests/coreutils-8.24/chown.bc>:!10948	tuning
</home/chrzissis/cclyzer-souffle/tests/coreutils-8.24/chown.bc>:!10952	epsilon
</home/chrzissis/cclyzer-souffle/tests/coreutils-8.24/chown.bc>:!11009	candidate
</home/chrzissis/cclyzer-souffle/tests/coreutils-8.24/chown.bc>:!11011	tuning
</home/chrzissis/cclyzer-souffle/tests/coreutils-8.24/chown.bc>:!11017	new_candidate
</home/chrzissis/cclyzer-souffle/tests/coreutils-8.24/chown.bc>:!11042	dst
</home/chrzissis/cclyzer-souffle/tests/coreutils-8.24/chown.bc>:!11044	src
</home/chrzissis/cclyzer-souffle/tests/coreutils-8.24/chown.bc>:!11046	safe
</home/chrzissis/cclyzer-souffle/tests/coreutils-8.24/chown.bc>:!11048	bucket
</home/chrzissis/cclyzer-souffle/tests/coreutils-8.24/chown.bc>:!11050	cursor
</home/chrzissis/cclyzer-souffle/tests/coreutils-8.24/chown.bc>:!11052	next
</home/chrzissis/cclyzer-souffle/tests/coreutils-8.24/chown.bc>:!11071	data
</home/chrzissis/cclyzer-souffle/tests/coreutils-8.24/chown.bc>:!11074	new_bucket
</home/chrzissis/cclyzer-souffle/tests/coreutils-8.24/chown.bc>:!11145	new_entry
</home/chrzissis/cclyzer-souffle/tests/coreutils-8.24/chown.bc>:!11190	table
</home/chrzissis/cclyzer-souffle/tests/coreutils-8.24/chown.bc>:!11192	entry
</home/chrzissis/cclyzer-souffle/tests/coreutils-8.24/chown.bc>:!11194	bucket_head
</home/chrzissis/cclyzer-souffle/tests/coreutils-8.24/chown.bc>:!11196	delete
</home/chrzissis/cclyzer-souffle/tests/coreutils-8.24/chown.bc>:!11198	bucket
</home/chrzissis/cclyzer-souffle/tests/coreutils-8.24/chown.bc>:!11203	cursor
</home/chrzissis/cclyzer-souffle/tests/coreutils-8.24/chown.bc>:!11228	data
</home/chrzissis/cclyzer-souffle/tests/coreutils-8.24/chown.bc>:!11241	next
</home/chrzissis/cclyzer-souffle/tests/coreutils-8.24/chown.bc>:!11287	data
</home/chrzissis/cclyzer-souffle/tests/coreutils-8.24/chown.bc>:!11296	next
</home/chrzissis/cclyzer-souffle/tests/coreutils-8.24/chown.bc>:!11319	table
</home/chrzissis/cclyzer-souffle/tests/coreutils-8.24/chown.bc>:!11321	new
</home/chrzissis/cclyzer-souffle/tests/coreutils-8.24/chown.bc>:!11342	candidate
</home/chrzissis/cclyzer-souffle/tests/coreutils-8.24/chown.bc>:!11366	candidate
</home/chrzissis/cclyzer-souffle/tests/coreutils-8.24/chown.bc>:!11368	divisor
</home/chrzissis/cclyzer-souffle/tests/coreutils-8.24/chown.bc>:!11370	square
</home/chrzissis/cclyzer-souffle/tests/coreutils-8.24/chown.bc>:!11399	table
</home/chrzissis/cclyzer-souffle/tests/coreutils-8.24/chown.bc>:!11401	entry
</home/chrzissis/cclyzer-souffle/tests/coreutils-8.24/chown.bc>:!11416	ir
</home/chrzissis/cclyzer-souffle/tests/coreutils-8.24/chown.bc>:!11418	default_val
</home/chrzissis/cclyzer-souffle/tests/coreutils-8.24/chown.bc>:!11420	i
</home/chrzissis/cclyzer-souffle/tests/coreutils-8.24/chown.bc>:!11452	ir
</home/chrzissis/cclyzer-souffle/tests/coreutils-8.24/chown.bc>:!11457	ir
</home/chrzissis/cclyzer-souffle/tests/coreutils-8.24/chown.bc>:!11459	val
</home/chrzissis/cclyzer-souffle/tests/coreutils-8.24/chown.bc>:!11461	dest_idx
</home/chrzissis/cclyzer-souffle/tests/coreutils-8.24/chown.bc>:!11470	old_val
</home/chrzissis/cclyzer-souffle/tests/coreutils-8.24/chown.bc>:!11505	ir
</home/chrzissis/cclyzer-souffle/tests/coreutils-8.24/chown.bc>:!11507	top_val
</home/chrzissis/cclyzer-souffle/tests/coreutils-8.24/chown.bc>:!11546	codeset
</home/chrzissis/cclyzer-souffle/tests/coreutils-8.24/chown.bc>:!11548	aliases
</home/chrzissis/cclyzer-souffle/tests/coreutils-8.24/chown.bc>:!11608	cp
</home/chrzissis/cclyzer-souffle/tests/coreutils-8.24/chown.bc>:!11616	dir
</home/chrzissis/cclyzer-souffle/tests/coreutils-8.24/chown.bc>:!11619	base
</home/chrzissis/cclyzer-souffle/tests/coreutils-8.24/chown.bc>:!11621	file_name
</home/chrzissis/cclyzer-souffle/tests/coreutils-8.24/chown.bc>:!11635	dir_len
</home/chrzissis/cclyzer-souffle/tests/coreutils-8.24/chown.bc>:!11640	base_len
</home/chrzissis/cclyzer-souffle/tests/coreutils-8.24/chown.bc>:!11644	add_slash
</home/chrzissis/cclyzer-souffle/tests/coreutils-8.24/chown.bc>:!11693	fd
</home/chrzissis/cclyzer-souffle/tests/coreutils-8.24/chown.bc>:!11705	fp
</home/chrzissis/cclyzer-souffle/tests/coreutils-8.24/chown.bc>:!11760	res_ptr
</home/chrzissis/cclyzer-souffle/tests/coreutils-8.24/chown.bc>:!11763	res_size
</home/chrzissis/cclyzer-souffle/tests/coreutils-8.24/chown.bc>:!11766	c
</home/chrzissis/cclyzer-souffle/tests/coreutils-8.24/chown.bc>:!11776	buf2
</home/chrzissis/cclyzer-souffle/tests/coreutils-8.24/chown.bc>:!11778	l1
</home/chrzissis/cclyzer-souffle/tests/coreutils-8.24/chown.bc>:!11780	l2
</home/chrzissis/cclyzer-souffle/tests/coreutils-8.24/chown.bc>:!11782	old_res_ptr
</home/chrzissis/cclyzer-souffle/tests/coreutils-8.24/chown.bc>:!11928	fd
</home/chrzissis/cclyzer-souffle/tests/coreutils-8.24/chown.bc>:!11930	file
</home/chrzissis/cclyzer-souffle/tests/coreutils-8.24/chown.bc>:!11932	flags
</home/chrzissis/cclyzer-souffle/tests/coreutils-8.24/chown.bc>:!11934	mode
</home/chrzissis/cclyzer-souffle/tests/coreutils-8.24/chown.bc>:!11940	ap
</home/chrzissis/cclyzer-souffle/tests/coreutils-8.24/chown.bc>:!11972	fd
</home/chrzissis/cclyzer-souffle/tests/coreutils-8.24/chown.bc>:!11977	fd
</home/chrzissis/cclyzer-souffle/tests/coreutils-8.24/chown.bc>:!11987	f
</home/chrzissis/cclyzer-souffle/tests/coreutils-8.24/chown.bc>:!11992	e
</home/chrzissis/cclyzer-souffle/tests/coreutils-8.24/chown.bc>:!12005	fp
</home/chrzissis/cclyzer-souffle/tests/coreutils-8.24/chown.bc>:!12007	saved_errno
</home/chrzissis/cclyzer-souffle/tests/coreutils-8.24/chown.bc>:!12009	fd
</home/chrzissis/cclyzer-souffle/tests/coreutils-8.24/chown.bc>:!12011	result
</home/chrzissis/cclyzer-souffle/tests/coreutils-8.24/chown.bc>:!12054	fd
</home/chrzissis/cclyzer-souffle/tests/coreutils-8.24/chown.bc>:!12056	action
</home/chrzissis/cclyzer-souffle/tests/coreutils-8.24/chown.bc>:!12058	arg
</home/chrzissis/cclyzer-souffle/tests/coreutils-8.24/chown.bc>:!12070	result
</home/chrzissis/cclyzer-souffle/tests/coreutils-8.24/chown.bc>:!12075	target
</home/chrzissis/cclyzer-souffle/tests/coreutils-8.24/chown.bc>:!12132	flags
</home/chrzissis/cclyzer-souffle/tests/coreutils-8.24/chown.bc>:!12148	saved_errno
</home/chrzissis/cclyzer-souffle/tests/coreutils-8.24/chown.bc>:!12161	p
</home/chrzissis/cclyzer-souffle/tests/coreutils-8.24/chown.bc>:!12181	stream
</home/chrzissis/cclyzer-souffle/tests/coreutils-8.24/chown.bc>:!12199	fp
</home/chrzissis/cclyzer-souffle/tests/coreutils-8.24/chown.bc>:!12209	fp
</home/chrzissis/cclyzer-souffle/tests/coreutils-8.24/chown.bc>:!12211	offset
</home/chrzissis/cclyzer-souffle/tests/coreutils-8.24/chown.bc>:!12213	whence
</home/chrzissis/cclyzer-souffle/tests/coreutils-8.24/chown.bc>:!12233	pos
</home/chrzissis/cclyzer-souffle/tests/coreutils-8.24/chown.bc>:!12261	x
</home/chrzissis/cclyzer-souffle/tests/coreutils-8.24/chown.bc>:!12263	n
</home/chrzissis/cclyzer-souffle/tests/coreutils-8.24/chown.bc>:!12274	x
</home/chrzissis/cclyzer-souffle/tests/coreutils-8.24/chown.bc>:!12276	n
</home/chrzissis/cclyzer-souffle/tests/coreutils-8.24/chown.bc>:!12287	x
</home/chrzissis/cclyzer-souffle/tests/coreutils-8.24/chown.bc>:!12289	n
</home/chrzissis/cclyzer-souffle/tests/coreutils-8.24/chown.bc>:!12300	x
</home/chrzissis/cclyzer-souffle/tests/coreutils-8.24/chown.bc>:!12302	n
</home/chrzissis/cclyzer-souffle/tests/coreutils-8.24/chown.bc>:!12313	x
</home/chrzissis/cclyzer-souffle/tests/coreutils-8.24/chown.bc>:!12315	n
</home/chrzissis/cclyzer-souffle/tests/coreutils-8.24/chown.bc>:!12326	x
</home/chrzissis/cclyzer-souffle/tests/coreutils-8.24/chown.bc>:!12328	n
</home/chrzissis/cclyzer-souffle/tests/coreutils-8.24/chown.bc>:!12339	x
</home/chrzissis/cclyzer-souffle/tests/coreutils-8.24/chown.bc>:!12341	n
</home/chrzissis/cclyzer-souffle/tests/coreutils-8.24/chown.bc>:!12354	x
</home/chrzissis/cclyzer-souffle/tests/coreutils-8.24/chown.bc>:!12356	n
</home/chrzissis/cclyzer-souffle/tests/coreutils-8.24/chown.bc>:!12369	x
</home/chrzissis/cclyzer-souffle/tests/coreutils-8.24/chown.bc>:!12371	n
</home/chrzissis/cclyzer-souffle/tests/coreutils-8.24/chown.bc>:!12384	x
</home/chrzissis/cclyzer-souffle/tests/coreutils-8.24/chown.bc>:!12386	n
</home/chrzissis/cclyzer-souffle/tests/coreutils-8.24/chown.bc>:!12399	c
</home/chrzissis/cclyzer-souffle/tests/coreutils-8.24/chown.bc>:!12409	c
</home/chrzissis/cclyzer-souffle/tests/coreutils-8.24/chown.bc>:!12429	c
</home/chrzissis/cclyzer-souffle/tests/coreutils-8.24/chown.bc>:!12441	c
</home/chrzissis/cclyzer-souffle/tests/coreutils-8.24/chown.bc>:!12452	c
</home/chrzissis/cclyzer-souffle/tests/coreutils-8.24/chown.bc>:!12464	c
</home/chrzissis/cclyzer-souffle/tests/coreutils-8.24/chown.bc>:!12474	c
</home/chrzissis/cclyzer-souffle/tests/coreutils-8.24/chown.bc>:!12484	c
</home/chrzissis/cclyzer-souffle/tests/coreutils-8.24/chown.bc>:!12494	c
</home/chrzissis/cclyzer-souffle/tests/coreutils-8.24/chown.bc>:!12504	c
</home/chrzissis/cclyzer-souffle/tests/coreutils-8.24/chown.bc>:!12531	c
</home/chrzissis/cclyzer-souffle/tests/coreutils-8.24/chown.bc>:!12555	c
</home/chrzissis/cclyzer-souffle/tests/coreutils-8.24/chown.bc>:!12565	c
</home/chrzissis/cclyzer-souffle/tests/coreutils-8.24/chown.bc>:!12585	c
</home/chrzissis/cclyzer-souffle/tests/coreutils-8.24/chown.bc>:!12603	c
